Corridor_ID,Location,Type,Direction,Movement,Distance_m,Latitude,Longitude
01_BITUNG_RAMP_B_OFF_R002,BITUNG,RAMP,B,OFF,0.00,-6.21965570,106.56317450
01_BITUNG_RAMP_B_OFF_R002,BITUNG,RAMP,B,OFF,5.00,-6.21966801,106.56321800
01_BITUNG_RAMP_B_OFF_R002,BITUNG,RAMP,B,OFF,10.00,-6.21968032,106.56326151
01_BITUNG_RAMP_B_OFF_R002,BITUNG,RAMP,B,OFF,15.00,-6.21969263,106.56330501
01_BITUNG_RAMP_B_OFF_R002,BITUNG,RAMP,B,OFF,20.00,-6.21970495,106.56334852
01_BITUNG_RAMP_B_OFF_R002,BITUNG,RAMP,B,OFF,25.00,-6.21971726,106.56339202
01_BITUNG_RAMP_B_OFF_R002,BITUNG,RAMP,B,OFF,30.00,-6.21972957,106.56343552
01_BITUNG_RAMP_B_OFF_R002,BITUNG,RAMP,B,OFF,35.00,-6.21974188,106.56347903
01_BITUNG_RAMP_B_OFF_R002,BITUNG,RAMP,B,OFF,40.00,-6.21975419,106.56352253
01_BITUNG_RAMP_B_OFF_R002,BITUNG,RAMP,B,OFF,45.00,-6.21976650,106.56356604
01_BITUNG_RAMP_B_OFF_R002,BITUNG,RAMP,B,OFF,50.00,-6.21977882,106.56360954
01_BITUNG_RAMP_B_OFF_R002,BITUNG,RAMP,B,OFF,55.00,-6.21976628,106.56365012
01_BITUNG_RAMP_B_OFF_R002,BITUNG,RAMP,B,OFF,60.00,-6.21974433,106.56368960
01_BITUNG_RAMP_B_OFF_R002,BITUNG,RAMP,B,OFF,65.00,-6.21972238,106.56372908
01_BITUNG_RAMP_B_OFF_R002,BITUNG,RAMP,B,OFF,70.00,-6.21971156,106.56377279
01_BITUNG_RAMP_B_OFF_R002,BITUNG,RAMP,B,OFF,75.00,-6.21970981,106.56381779
01_BITUNG_RAMP_B_OFF_R002,BITUNG,RAMP,B,OFF,80.00,-6.21971772,106.56386224
01_BITUNG_RAMP_B_OFF_R002,BITUNG,RAMP,B,OFF,85.00,-6.21972860,106.56390613
01_BITUNG_RAMP_B_OFF_R002,BITUNG,RAMP,B,OFF,90.00,-6.21973948,106.56395002
01_BITUNG_RAMP_B_OFF_R002,BITUNG,RAMP,B,OFF,95.00,-6.21975036,106.56399391
01_BITUNG_RAMP_B_OFF_R002,BITUNG,RAMP,B,OFF,100.00,-6.21976124,106.56403779
01_BITUNG_RAMP_B_OFF_R002,BITUNG,RAMP,B,OFF,105.00,-6.21977212,106.56408168
01_BITUNG_RAMP_B_OFF_R002,BITUNG,RAMP,B,OFF,110.00,-6.21978300,106.56412557
01_BITUNG_RAMP_B_OFF_R002,BITUNG,RAMP,B,OFF,115.00,-6.21979388,106.56416946
01_BITUNG_RAMP_B_OFF_R002,BITUNG,RAMP,B,OFF,120.00,-6.21980476,106.56421335
01_BITUNG_RAMP_B_OFF_R002,BITUNG,RAMP,B,OFF,125.00,-6.21981537,106.56425730
01_BITUNG_RAMP_B_OFF_R002,BITUNG,RAMP,B,OFF,130.00,-6.21982587,106.56430128
01_BITUNG_RAMP_B_OFF_R002,BITUNG,RAMP,B,OFF,135.00,-6.21983638,106.56434527
01_BITUNG_RAMP_B_OFF_R002,BITUNG,RAMP,B,OFF,140.00,-6.21984688,106.56438925
01_BITUNG_RAMP_B_OFF_R002,BITUNG,RAMP,B,OFF,145.00,-6.21985738,106.56443323
01_BITUNG_RAMP_B_OFF_R002,BITUNG,RAMP,B,OFF,150.00,-6.21986788,106.56447721
01_BITUNG_RAMP_B_OFF_R002,BITUNG,RAMP,B,OFF,155.00,-6.21987838,106.56452119
01_BITUNG_RAMP_B_OFF_R002,BITUNG,RAMP,B,OFF,160.00,-6.21988888,106.56456517
01_BITUNG_RAMP_B_OFF_R002,BITUNG,RAMP,B,OFF,165.00,-6.21989938,106.56460916
01_BITUNG_RAMP_B_OFF_R002,BITUNG,RAMP,B,OFF,170.00,-6.21990988,106.56465314
01_BITUNG_RAMP_B_OFF_R002,BITUNG,RAMP,B,OFF,175.00,-6.21992038,106.56469712
01_BITUNG_RAMP_B_OFF_R002,BITUNG,RAMP,B,OFF,180.00,-6.21993037,106.56474121
01_BITUNG_RAMP_B_OFF_R002,BITUNG,RAMP,B,OFF,185.00,-6.21993904,106.56478560
01_BITUNG_RAMP_B_OFF_R002,BITUNG,RAMP,B,OFF,190.00,-6.21994772,106.56482998
01_BITUNG_RAMP_B_OFF_R002,BITUNG,RAMP,B,OFF,195.00,-6.21995640,106.56487436
01_BITUNG_RAMP_B_OFF_R002,BITUNG,RAMP,B,OFF,200.00,-6.21996508,106.56491874
01_BITUNG_RAMP_B_OFF_R002,BITUNG,RAMP,B,OFF,205.00,-6.21997325,106.56496322
01_BITUNG_RAMP_B_OFF_R002,BITUNG,RAMP,B,OFF,210.00,-6.21998125,106.56500773
01_BITUNG_RAMP_B_OFF_R002,BITUNG,RAMP,B,OFF,215.00,-6.21998925,106.56505224
01_BITUNG_RAMP_B_OFF_R002,BITUNG,RAMP,B,OFF,220.00,-6.21999725,106.56509675
01_BITUNG_RAMP_B_OFF_R002,BITUNG,RAMP,B,OFF,225.00,-6.22000397,106.56514143
01_BITUNG_RAMP_B_OFF_R002,BITUNG,RAMP,B,OFF,230.00,-6.22000721,106.56518654
01_BITUNG_RAMP_B_OFF_R002,BITUNG,RAMP,B,OFF,235.00,-6.22001044,106.56523166
01_BITUNG_RAMP_B_OFF_R002,BITUNG,RAMP,B,OFF,240.00,-6.22001368,106.56527677
01_BITUNG_RAMP_B_OFF_R002,BITUNG,RAMP,B,OFF,245.00,-6.22001067,106.56532167
01_BITUNG_RAMP_B_OFF_R002,BITUNG,RAMP,B,OFF,250.00,-6.22000434,106.56536645
01_BITUNG_RAMP_B_OFF_R002,BITUNG,RAMP,B,OFF,255.00,-6.21999802,106.56541123
01_BITUNG_RAMP_B_OFF_R002,BITUNG,RAMP,B,OFF,260.00,-6.21999055,106.56545571
01_BITUNG_RAMP_B_OFF_R002,BITUNG,RAMP,B,OFF,265.00,-6.21997407,106.56549780
01_BITUNG_RAMP_B_OFF_R002,BITUNG,RAMP,B,OFF,270.00,-6.21995759,106.56553988
01_BITUNG_RAMP_B_OFF_R002,BITUNG,RAMP,B,OFF,275.00,-6.21993921,106.56558108
01_BITUNG_RAMP_B_OFF_R002,BITUNG,RAMP,B,OFF,280.00,-6.21991789,106.56562091
01_BITUNG_RAMP_B_OFF_R002,BITUNG,RAMP,B,OFF,285.00,-6.21989046,106.56565672
01_BITUNG_RAMP_B_OFF_R002,BITUNG,RAMP,B,OFF,290.00,-6.21986101,106.56569066
01_BITUNG_RAMP_B_OFF_R002,BITUNG,RAMP,B,OFF,295.00,-6.21982684,106.56572006
01_BITUNG_RAMP_B_OFF_R002,BITUNG,RAMP,B,OFF,300.00,-6.21979267,106.56574947
01_BITUNG_RAMP_B_OFF_R002,BITUNG,RAMP,B,OFF,305.00,-6.21975461,106.56577324
01_BITUNG_RAMP_B_OFF_R002,BITUNG,RAMP,B,OFF,310.00,-6.21971532,106.56579525
01_BITUNG_RAMP_B_OFF_R002,BITUNG,RAMP,B,OFF,315.00,-6.21967365,106.56581220
01_BITUNG_RAMP_B_OFF_R002,BITUNG,RAMP,B,OFF,320.00,-6.21963168,106.56582823
01_BITUNG_RAMP_B_OFF_R002,BITUNG,RAMP,B,OFF,325.00,-6.21958727,106.56583526
01_BITUNG_RAMP_B_OFF_R002,BITUNG,RAMP,B,OFF,330.00,-6.21954280,106.56584192
01_BITUNG_RAMP_B_OFF_R002,BITUNG,RAMP,B,OFF,335.00,-6.21949807,106.56584654
01_BITUNG_RAMP_B_OFF_R002,BITUNG,RAMP,B,OFF,340.00,-6.21945327,106.56584634
01_BITUNG_RAMP_B_OFF_R002,BITUNG,RAMP,B,OFF,345.00,-6.21940844,106.56584289
01_BITUNG_RAMP_B_OFF_R002,BITUNG,RAMP,B,OFF,350.00,-6.21936373,106.56583840
01_BITUNG_RAMP_B_OFF_R002,BITUNG,RAMP,B,OFF,355.00,-6.21931937,106.56583097
01_BITUNG_RAMP_B_OFF_R002,BITUNG,RAMP,B,OFF,360.00,-6.21927600,106.56581923
01_BITUNG_RAMP_B_OFF_R002,BITUNG,RAMP,B,OFF,365.00,-6.21923398,106.56580342
01_BITUNG_RAMP_B_OFF_R002,BITUNG,RAMP,B,OFF,370.00,-6.21919291,106.56578500
01_BITUNG_RAMP_B_OFF_R002,BITUNG,RAMP,B,OFF,375.00,-6.21915184,106.56576659
01_BITUNG_RAMP_B_OFF_R002,BITUNG,RAMP,B,OFF,380.00,-6.21911272,106.56574432
01_BITUNG_RAMP_B_OFF_R002,BITUNG,RAMP,B,OFF,385.00,-6.21907372,106.56572180
01_BITUNG_RAMP_B_OFF_R002,BITUNG,RAMP,B,OFF,390.00,-6.21903648,106.56569667
01_BITUNG_RAMP_B_OFF_R002,BITUNG,RAMP,B,OFF,395.00,-6.21900133,106.56566846
01_BITUNG_RAMP_B_OFF_R002,BITUNG,RAMP,B,OFF,400.00,-6.21896652,106.56563991
01_BITUNG_RAMP_B_OFF_R002,BITUNG,RAMP,B,OFF,405.00,-6.21893756,106.56560531
01_BITUNG_RAMP_B_OFF_R002,BITUNG,RAMP,B,OFF,406.37,-6.21892960,106.56559580
01_BITUNG_RAMP_A_ON_R003,BITUNG,RAMP,A,ON,0.00,-6.21876830,106.56572700
01_BITUNG_RAMP_A_ON_R003,BITUNG,RAMP,A,ON,5.00,-6.21880732,106.56574945
01_BITUNG_RAMP_A_ON_R003,BITUNG,RAMP,A,ON,10.00,-6.21884592,106.56577240
01_BITUNG_RAMP_A_ON_R003,BITUNG,RAMP,A,ON,15.00,-6.21888138,106.56580022
01_BITUNG_RAMP_A_ON_R003,BITUNG,RAMP,A,ON,20.00,-6.21891683,106.56582804
01_BITUNG_RAMP_A_ON_R003,BITUNG,RAMP,A,ON,25.00,-6.21895229,106.56585586
01_BITUNG_RAMP_A_ON_R003,BITUNG,RAMP,A,ON,30.00,-6.21898774,106.56588368
01_BITUNG_RAMP_A_ON_R003,BITUNG,RAMP,A,ON,35.00,-6.21902457,106.56590962
01_BITUNG_RAMP_A_ON_R003,BITUNG,RAMP,A,ON,40.00,-6.21906149,106.56593545
01_BITUNG_RAMP_A_ON_R003,BITUNG,RAMP,A,ON,45.00,-6.21909841,106.56596127
01_BITUNG_RAMP_A_ON_R003,BITUNG,RAMP,A,ON,50.00,-6.21913688,106.56598463
01_BITUNG_RAMP_A_ON_R003,BITUNG,RAMP,A,ON,55.00,-6.21917586,106.56600718
01_BITUNG_RAMP_A_ON_R003,BITUNG,RAMP,A,ON,60.00,-6.21921526,106.56602888
01_BITUNG_RAMP_A_ON_R003,BITUNG,RAMP,A,ON,65.00,-6.21925627,106.56604745
01_BITUNG_RAMP_A_ON_R003,BITUNG,RAMP,A,ON,70.00,-6.21929736,106.56606579
01_BITUNG_RAMP_A_ON_R003,BITUNG,RAMP,A,ON,75.00,-6.21933983,106.56608065
01_BITUNG_RAMP_A_ON_R003,BITUNG,RAMP,A,ON,80.00,-6.21938230,106.56609550
01_BITUNG_RAMP_A_ON_R003,BITUNG,RAMP,A,ON,85.00,-6.21942514,106.56610905
01_BITUNG_RAMP_A_ON_R003,BITUNG,RAMP,A,ON,90.00,-6.21946878,106.56611993
01_BITUNG_RAMP_A_ON_R003,BITUNG,RAMP,A,ON,95.00,-6.21951244,106.56613074
01_BITUNG_RAMP_A_ON_R003,BITUNG,RAMP,A,ON,100.00,-6.21955625,106.56614094
01_BITUNG_RAMP_A_ON_R003,BITUNG,RAMP,A,ON,105.00,-6.21960061,106.56614784
01_BITUNG_RAMP_A_ON_R003,BITUNG,RAMP,A,ON,110.00,-6.21964533,106.56615252
01_BITUNG_RAMP_A_ON_R003,BITUNG,RAMP,A,ON,115.00,-6.21969029,106.56615366
01_BITUNG_RAMP_A_ON_R003,BITUNG,RAMP,A,ON,120.00,-6.21973524,106.56615481
01_BITUNG_RAMP_A_ON_R003,BITUNG,RAMP,A,ON,125.00,-6.21978016,106.56615373
01_BITUNG_RAMP_A_ON_R003,BITUNG,RAMP,A,ON,130.00,-6.21982507,106.56615148
01_BITUNG_RAMP_A_ON_R003,BITUNG,RAMP,A,ON,135.00,-6.21986953,106.56614553
01_BITUNG_RAMP_A_ON_R003,BITUNG,RAMP,A,ON,140.00,-6.21991363,106.56613670
01_BITUNG_RAMP_A_ON_R003,BITUNG,RAMP,A,ON,145.00,-6.21995773,106.56612787
01_BITUNG_RAMP_A_ON_R003,BITUNG,RAMP,A,ON,150.00,-6.22000183,106.56611904
01_BITUNG_RAMP_A_ON_R003,BITUNG,RAMP,A,ON,155.00,-6.22004593,106.56611021
01_BITUNG_RAMP_A_ON_R003,BITUNG,RAMP,A,ON,160.00,-6.22009003,106.56610138
01_BITUNG_RAMP_A_ON_R003,BITUNG,RAMP,A,ON,165.00,-6.22013392,106.56609158
01_BITUNG_RAMP_A_ON_R003,BITUNG,RAMP,A,ON,170.00,-6.22017756,106.56608068
01_BITUNG_RAMP_A_ON_R003,BITUNG,RAMP,A,ON,175.00,-6.22022120,106.56606978
01_BITUNG_RAMP_A_ON_R003,BITUNG,RAMP,A,ON,180.00,-6.22026484,106.56605889
01_BITUNG_RAMP_A_ON_R003,BITUNG,RAMP,A,ON,185.00,-6.22030880,106.56604939
01_BITUNG_RAMP_A_ON_R003,BITUNG,RAMP,A,ON,190.00,-6.22035276,106.56603989
01_BITUNG_RAMP_A_ON_R003,BITUNG,RAMP,A,ON,195.00,-6.22039634,106.56602874
01_BITUNG_RAMP_A_ON_R003,BITUNG,RAMP,A,ON,200.00,-6.22043991,106.56601758
01_BITUNG_RAMP_A_ON_R003,BITUNG,RAMP,A,ON,205.00,-6.22048349,106.56600642
01_BITUNG_RAMP_A_ON_R003,BITUNG,RAMP,A,ON,210.00,-6.22052724,106.56599599
01_BITUNG_RAMP_A_ON_R003,BITUNG,RAMP,A,ON,215.00,-6.22057109,106.56598597
01_BITUNG_RAMP_A_ON_R003,BITUNG,RAMP,A,ON,220.00,-6.22061518,106.56597717
01_BITUNG_RAMP_A_ON_R003,BITUNG,RAMP,A,ON,225.00,-6.22065943,106.56596909
01_BITUNG_RAMP_A_ON_R003,BITUNG,RAMP,A,ON,230.00,-6.22070367,106.56596101
01_BITUNG_RAMP_A_ON_R003,BITUNG,RAMP,A,ON,235.00,-6.22074792,106.56595294
01_BITUNG_RAMP_A_ON_R003,BITUNG,RAMP,A,ON,240.00,-6.22079216,106.56594486
01_BITUNG_RAMP_A_ON_R003,BITUNG,RAMP,A,ON,245.00,-6.22083661,106.56593807
01_BITUNG_RAMP_A_ON_R003,BITUNG,RAMP,A,ON,250.00,-6.22088116,106.56593195
01_BITUNG_RAMP_A_ON_R003,BITUNG,RAMP,A,ON,255.00,-6.22092587,106.56592741
01_BITUNG_RAMP_A_ON_R003,BITUNG,RAMP,A,ON,260.00,-6.22097073,106.56592436
01_BITUNG_RAMP_A_ON_R003,BITUNG,RAMP,A,ON,265.00,-6.22101562,106.56592297
01_BITUNG_RAMP_A_ON_R003,BITUNG,RAMP,A,ON,270.00,-6.22106054,106.56592501
01_BITUNG_RAMP_A_ON_R003,BITUNG,RAMP,A,ON,275.00,-6.22110522,106.56592943
01_BITUNG_RAMP_A_ON_R003,BITUNG,RAMP,A,ON,280.00,-6.22114962,106.56593655
01_BITUNG_RAMP_A_ON_R003,BITUNG,RAMP,A,ON,285.00,-6.22119368,106.56594499
01_BITUNG_RAMP_A_ON_R003,BITUNG,RAMP,A,ON,290.00,-6.22123581,106.56596080
01_BITUNG_RAMP_A_ON_R003,BITUNG,RAMP,A,ON,295.00,-6.22127794,106.56597660
01_BITUNG_RAMP_A_ON_R003,BITUNG,RAMP,A,ON,300.00,-6.22131956,106.56599360
01_BITUNG_RAMP_A_ON_R003,BITUNG,RAMP,A,ON,305.00,-6.22135963,106.56601412
01_BITUNG_RAMP_A_ON_R003,BITUNG,RAMP,A,ON,310.00,-6.22139970,106.56603464
01_BITUNG_RAMP_A_ON_R003,BITUNG,RAMP,A,ON,315.00,-6.22143533,106.56606188
01_BITUNG_RAMP_A_ON_R003,BITUNG,RAMP,A,ON,320.00,-6.22146958,106.56609115
01_BITUNG_RAMP_A_ON_R003,BITUNG,RAMP,A,ON,325.00,-6.22150031,106.56612417
01_BITUNG_RAMP_A_ON_R003,BITUNG,RAMP,A,ON,330.00,-6.22153034,106.56615781
01_BITUNG_RAMP_A_ON_R003,BITUNG,RAMP,A,ON,335.00,-6.22155888,106.56619276
01_BITUNG_RAMP_A_ON_R003,BITUNG,RAMP,A,ON,340.00,-6.22158742,106.56622772
01_BITUNG_RAMP_A_ON_R003,BITUNG,RAMP,A,ON,345.00,-6.22161122,106.56626606
01_BITUNG_RAMP_A_ON_R003,BITUNG,RAMP,A,ON,350.00,-6.22163470,106.56630464
01_BITUNG_RAMP_A_ON_R003,BITUNG,RAMP,A,ON,355.00,-6.22165194,106.56634641
01_BITUNG_RAMP_A_ON_R003,BITUNG,RAMP,A,ON,360.00,-6.22166728,106.56638887
01_BITUNG_RAMP_A_ON_R003,BITUNG,RAMP,A,ON,365.00,-6.22167879,106.56643260
01_BITUNG_RAMP_A_ON_R003,BITUNG,RAMP,A,ON,370.00,-6.22168759,106.56647691
01_BITUNG_RAMP_A_ON_R003,BITUNG,RAMP,A,ON,375.00,-6.22169467,106.56652155
01_BITUNG_RAMP_A_ON_R003,BITUNG,RAMP,A,ON,380.00,-6.22169638,106.56656675
01_BITUNG_RAMP_A_ON_R003,BITUNG,RAMP,A,ON,385.00,-6.22169785,106.56661195
01_BITUNG_RAMP_A_ON_R003,BITUNG,RAMP,A,ON,390.00,-6.22169868,106.56665718
01_BITUNG_RAMP_A_ON_R003,BITUNG,RAMP,A,ON,395.00,-6.22169334,106.56670202
01_BITUNG_RAMP_A_ON_R003,BITUNG,RAMP,A,ON,400.00,-6.22168647,106.56674672
01_BITUNG_RAMP_A_ON_R003,BITUNG,RAMP,A,ON,405.00,-6.22167457,106.56679030
01_BITUNG_RAMP_A_ON_R003,BITUNG,RAMP,A,ON,410.00,-6.22165965,106.56683291
01_BITUNG_RAMP_A_ON_R003,BITUNG,RAMP,A,ON,415.00,-6.22164281,106.56687485
01_BITUNG_RAMP_A_ON_R003,BITUNG,RAMP,A,ON,420.00,-6.22162213,106.56691485
01_BITUNG_RAMP_A_ON_R003,BITUNG,RAMP,A,ON,425.00,-6.22159894,106.56695360
01_BITUNG_RAMP_A_ON_R003,BITUNG,RAMP,A,ON,430.00,-6.22157232,106.56699003
01_BITUNG_RAMP_A_ON_R003,BITUNG,RAMP,A,ON,435.00,-6.22154252,106.56702370
01_BITUNG_RAMP_A_ON_R003,BITUNG,RAMP,A,ON,440.00,-6.22150913,106.56705390
01_BITUNG_RAMP_A_ON_R003,BITUNG,RAMP,A,ON,445.00,-6.22147301,106.56708081
01_BITUNG_RAMP_A_ON_R003,BITUNG,RAMP,A,ON,450.00,-6.22143284,106.56710113
01_BITUNG_RAMP_A_ON_R003,BITUNG,RAMP,A,ON,455.00,-6.22139173,106.56711931
01_BITUNG_RAMP_A_ON_R003,BITUNG,RAMP,A,ON,460.00,-6.22134867,106.56713215
01_BITUNG_RAMP_A_ON_R003,BITUNG,RAMP,A,ON,465.00,-6.22130428,106.56713935
01_BITUNG_RAMP_A_ON_R003,BITUNG,RAMP,A,ON,470.00,-6.22125962,106.56714403
01_BITUNG_RAMP_A_ON_R003,BITUNG,RAMP,A,ON,475.00,-6.22121471,106.56714391
01_BITUNG_RAMP_A_ON_R003,BITUNG,RAMP,A,ON,480.00,-6.22117023,106.56713791
01_BITUNG_RAMP_A_ON_R003,BITUNG,RAMP,A,ON,485.00,-6.22112708,106.56712537
01_BITUNG_RAMP_A_ON_R003,BITUNG,RAMP,A,ON,490.00,-6.22108522,106.56710896
01_BITUNG_RAMP_A_ON_R003,BITUNG,RAMP,A,ON,495.00,-6.22104629,106.56708697
01_BITUNG_RAMP_A_ON_R003,BITUNG,RAMP,A,ON,500.00,-6.22101027,106.56705990
01_BITUNG_RAMP_A_ON_R003,BITUNG,RAMP,A,ON,505.00,-6.22097589,106.56703077
01_BITUNG_RAMP_A_ON_R003,BITUNG,RAMP,A,ON,510.00,-6.22094424,106.56699875
01_BITUNG_RAMP_A_ON_R003,BITUNG,RAMP,A,ON,515.00,-6.22091498,106.56696450
01_BITUNG_RAMP_A_ON_R003,BITUNG,RAMP,A,ON,520.00,-6.22088988,106.56692697
01_BITUNG_RAMP_A_ON_R003,BITUNG,RAMP,A,ON,525.00,-6.22086688,106.56688816
01_BITUNG_RAMP_A_ON_R003,BITUNG,RAMP,A,ON,530.00,-6.22084774,106.56684728
01_BITUNG_RAMP_A_ON_R003,BITUNG,RAMP,A,ON,535.00,-6.22083201,106.56680493
01_BITUNG_RAMP_A_ON_R003,BITUNG,RAMP,A,ON,540.00,-6.22081748,106.56676214
01_BITUNG_RAMP_A_ON_R003,BITUNG,RAMP,A,ON,545.00,-6.22080455,106.56671881
01_BITUNG_RAMP_A_ON_R003,BITUNG,RAMP,A,ON,550.00,-6.22079162,106.56667549
01_BITUNG_RAMP_A_ON_R003,BITUNG,RAMP,A,ON,555.00,-6.22077918,106.56663203
01_BITUNG_RAMP_A_ON_R003,BITUNG,RAMP,A,ON,560.00,-6.22076748,106.56658836
01_BITUNG_RAMP_A_ON_R003,BITUNG,RAMP,A,ON,565.00,-6.22075578,106.56654468
01_BITUNG_RAMP_A_ON_R003,BITUNG,RAMP,A,ON,570.00,-6.22074408,106.56650100
01_BITUNG_RAMP_A_ON_R003,BITUNG,RAMP,A,ON,575.00,-6.22073356,106.56645703
01_BITUNG_RAMP_A_ON_R003,BITUNG,RAMP,A,ON,580.00,-6.22072334,106.56641298
01_BITUNG_RAMP_A_ON_R003,BITUNG,RAMP,A,ON,585.00,-6.22071312,106.56636894
01_BITUNG_RAMP_A_ON_R003,BITUNG,RAMP,A,ON,590.00,-6.22070290,106.56632489
01_BITUNG_RAMP_A_ON_R003,BITUNG,RAMP,A,ON,595.00,-6.22069268,106.56628084
01_BITUNG_RAMP_A_ON_R003,BITUNG,RAMP,A,ON,600.00,-6.22068246,106.56623679
01_BITUNG_RAMP_A_ON_R003,BITUNG,RAMP,A,ON,605.00,-6.22067258,106.56619267
01_BITUNG_RAMP_A_ON_R003,BITUNG,RAMP,A,ON,610.00,-6.22066303,106.56614846
01_BITUNG_RAMP_A_ON_R003,BITUNG,RAMP,A,ON,615.00,-6.22065313,106.56610434
01_BITUNG_RAMP_A_ON_R003,BITUNG,RAMP,A,ON,620.00,-6.22064261,106.56606037
01_BITUNG_RAMP_A_ON_R003,BITUNG,RAMP,A,ON,625.00,-6.22063210,106.56601639
01_BITUNG_RAMP_A_ON_R003,BITUNG,RAMP,A,ON,630.00,-6.22062158,106.56597241
01_BITUNG_RAMP_A_ON_R003,BITUNG,RAMP,A,ON,635.00,-6.22061106,106.56592843
01_BITUNG_RAMP_A_ON_R003,BITUNG,RAMP,A,ON,640.00,-6.22060086,106.56588438
01_BITUNG_RAMP_A_ON_R003,BITUNG,RAMP,A,ON,645.00,-6.22059085,106.56584028
01_BITUNG_RAMP_A_ON_R003,BITUNG,RAMP,A,ON,650.00,-6.22058083,106.56579619
01_BITUNG_RAMP_A_ON_R003,BITUNG,RAMP,A,ON,655.00,-6.22057054,106.56575216
01_BITUNG_RAMP_A_ON_R003,BITUNG,RAMP,A,ON,660.00,-6.22055991,106.56570821
01_BITUNG_RAMP_A_ON_R003,BITUNG,RAMP,A,ON,665.00,-6.22054929,106.56566425
01_BITUNG_RAMP_A_ON_R003,BITUNG,RAMP,A,ON,670.00,-6.22053867,106.56562030
01_BITUNG_RAMP_A_ON_R003,BITUNG,RAMP,A,ON,675.00,-6.22052805,106.56557635
01_BITUNG_RAMP_A_ON_R003,BITUNG,RAMP,A,ON,680.00,-6.22051743,106.56553240
01_BITUNG_RAMP_A_ON_R003,BITUNG,RAMP,A,ON,685.00,-6.22050680,106.56548844
01_BITUNG_RAMP_A_ON_R003,BITUNG,RAMP,A,ON,690.00,-6.22049618,106.56544449
01_BITUNG_RAMP_A_ON_R003,BITUNG,RAMP,A,ON,695.00,-6.22048527,106.56540061
01_BITUNG_RAMP_A_ON_R003,BITUNG,RAMP,A,ON,700.00,-6.22047417,106.56535678
01_BITUNG_RAMP_A_ON_R003,BITUNG,RAMP,A,ON,705.00,-6.22046307,106.56531295
01_BITUNG_RAMP_A_ON_R003,BITUNG,RAMP,A,ON,710.00,-6.22045197,106.56526911
01_BITUNG_RAMP_A_ON_R003,BITUNG,RAMP,A,ON,715.00,-6.22044053,106.56522537
01_BITUNG_RAMP_A_ON_R003,BITUNG,RAMP,A,ON,720.00,-6.22042892,106.56518167
01_BITUNG_RAMP_A_ON_R003,BITUNG,RAMP,A,ON,725.00,-6.22041731,106.56513797
01_BITUNG_RAMP_A_ON_R003,BITUNG,RAMP,A,ON,730.00,-6.22040571,106.56509427
01_BITUNG_RAMP_A_ON_R003,BITUNG,RAMP,A,ON,735.00,-6.22038857,106.56505255
01_BITUNG_RAMP_A_ON_R003,BITUNG,RAMP,A,ON,740.00,-6.22036362,106.56501522
01_BITUNG_RAMP_A_ON_R003,BITUNG,RAMP,A,ON,745.00,-6.22032898,106.56498672
01_BITUNG_RAMP_A_ON_R003,BITUNG,RAMP,A,ON,750.00,-6.22028897,106.56496607
01_BITUNG_RAMP_A_ON_R003,BITUNG,RAMP,A,ON,755.00,-6.22026776,106.56493046
01_BITUNG_RAMP_A_ON_R003,BITUNG,RAMP,A,ON,760.00,-6.22025696,106.56488655
01_BITUNG_RAMP_A_ON_R003,BITUNG,RAMP,A,ON,765.00,-6.22024616,106.56484264
01_BITUNG_RAMP_A_ON_R003,BITUNG,RAMP,A,ON,770.00,-6.22023536,106.56479873
01_BITUNG_RAMP_A_ON_R003,BITUNG,RAMP,A,ON,775.00,-6.22022457,106.56475482
01_BITUNG_RAMP_A_ON_R003,BITUNG,RAMP,A,ON,780.00,-6.22021377,106.56471091
01_BITUNG_RAMP_A_ON_R003,BITUNG,RAMP,A,ON,785.00,-6.22020297,106.56466700
01_BITUNG_RAMP_A_ON_R003,BITUNG,RAMP,A,ON,790.00,-6.22019218,106.56462309
01_BITUNG_RAMP_A_ON_R003,BITUNG,RAMP,A,ON,795.00,-6.22018138,106.56457918
01_BITUNG_RAMP_A_ON_R003,BITUNG,RAMP,A,ON,800.00,-6.22017058,106.56453527
01_BITUNG_RAMP_A_ON_R003,BITUNG,RAMP,A,ON,805.00,-6.22015979,106.56449137
01_BITUNG_RAMP_A_ON_R003,BITUNG,RAMP,A,ON,810.00,-6.22014899,106.56444746
01_BITUNG_RAMP_A_ON_R003,BITUNG,RAMP,A,ON,815.00,-6.22013819,106.56440355
01_BITUNG_RAMP_A_ON_R003,BITUNG,RAMP,A,ON,820.00,-6.22012740,106.56435964
01_BITUNG_RAMP_A_ON_R003,BITUNG,RAMP,A,ON,825.00,-6.22011660,106.56431573
01_BITUNG_RAMP_A_ON_R003,BITUNG,RAMP,A,ON,828.66,-6.22010870,106.56428360
11_CIKUPA_RAMP_B_OFF_R004,CIKUPA,RAMP,B,OFF,0.00,-6.20555420,106.52587220
11_CIKUPA_RAMP_B_OFF_R004,CIKUPA,RAMP,B,OFF,5.00,-6.20557655,106.52583301
11_CIKUPA_RAMP_B_OFF_R004,CIKUPA,RAMP,B,OFF,10.00,-6.20559355,106.52579134
11_CIKUPA_RAMP_B_OFF_R004,CIKUPA,RAMP,B,OFF,15.00,-6.20560304,106.52574730
11_CIKUPA_RAMP_B_OFF_R004,CIKUPA,RAMP,B,OFF,20.00,-6.20560841,106.52570239
11_CIKUPA_RAMP_B_OFF_R004,CIKUPA,RAMP,B,OFF,25.00,-6.20561425,106.52565756
11_CIKUPA_RAMP_B_OFF_R004,CIKUPA,RAMP,B,OFF,30.00,-6.20562399,106.52561340
11_CIKUPA_RAMP_B_OFF_R004,CIKUPA,RAMP,B,OFF,35.00,-6.20563373,106.52556925
11_CIKUPA_RAMP_B_OFF_R004,CIKUPA,RAMP,B,OFF,40.00,-6.20565230,106.52552830
11_CIKUPA_RAMP_B_OFF_R004,CIKUPA,RAMP,B,OFF,45.00,-6.20566988,106.52548684
11_CIKUPA_RAMP_B_OFF_R004,CIKUPA,RAMP,B,OFF,50.00,-6.20568330,106.52544367
11_CIKUPA_RAMP_B_OFF_R004,CIKUPA,RAMP,B,OFF,55.00,-6.20569084,106.52539936
11_CIKUPA_RAMP_B_OFF_R004,CIKUPA,RAMP,B,OFF,60.00,-6.20569443,106.52535427
11_CIKUPA_RAMP_B_OFF_R004,CIKUPA,RAMP,B,OFF,65.00,-6.20569801,106.52530918
11_CIKUPA_RAMP_B_OFF_R004,CIKUPA,RAMP,B,OFF,70.00,-6.20570160,106.52526409
11_CIKUPA_RAMP_B_OFF_R004,CIKUPA,RAMP,B,OFF,75.00,-6.20570518,106.52521901
11_CIKUPA_RAMP_B_OFF_R004,CIKUPA,RAMP,B,OFF,80.00,-6.20570876,106.52517392
11_CIKUPA_RAMP_B_OFF_R004,CIKUPA,RAMP,B,OFF,85.00,-6.20571235,106.52512883
11_CIKUPA_RAMP_B_OFF_R004,CIKUPA,RAMP,B,OFF,90.00,-6.20571590,106.52508374
11_CIKUPA_RAMP_B_OFF_R004,CIKUPA,RAMP,B,OFF,95.00,-6.20571799,106.52503857
11_CIKUPA_RAMP_B_OFF_R004,CIKUPA,RAMP,B,OFF,100.00,-6.20571952,106.52499336
11_CIKUPA_RAMP_B_OFF_R004,CIKUPA,RAMP,B,OFF,105.00,-6.20572105,106.52494816
11_CIKUPA_RAMP_B_OFF_R004,CIKUPA,RAMP,B,OFF,110.00,-6.20572257,106.52490295
11_CIKUPA_RAMP_B_OFF_R004,CIKUPA,RAMP,B,OFF,115.00,-6.20572410,106.52485775
11_CIKUPA_RAMP_B_OFF_R004,CIKUPA,RAMP,B,OFF,120.00,-6.20572563,106.52481254
11_CIKUPA_RAMP_B_OFF_R004,CIKUPA,RAMP,B,OFF,125.00,-6.20572716,106.52476734
11_CIKUPA_RAMP_B_OFF_R004,CIKUPA,RAMP,B,OFF,130.00,-6.20572868,106.52472213
11_CIKUPA_RAMP_B_OFF_R004,CIKUPA,RAMP,B,OFF,135.00,-6.20573021,106.52467693
11_CIKUPA_RAMP_B_OFF_R004,CIKUPA,RAMP,B,OFF,140.00,-6.20573174,106.52463172
11_CIKUPA_RAMP_B_OFF_R004,CIKUPA,RAMP,B,OFF,145.00,-6.20573327,106.52458652
11_CIKUPA_RAMP_B_OFF_R004,CIKUPA,RAMP,B,OFF,150.00,-6.20573480,106.52454131
11_CIKUPA_RAMP_B_OFF_R004,CIKUPA,RAMP,B,OFF,155.00,-6.20573633,106.52449611
11_CIKUPA_RAMP_B_OFF_R004,CIKUPA,RAMP,B,OFF,160.00,-6.20573786,106.52445090
11_CIKUPA_RAMP_B_OFF_R004,CIKUPA,RAMP,B,OFF,165.00,-6.20573939,106.52440570
11_CIKUPA_RAMP_B_OFF_R004,CIKUPA,RAMP,B,OFF,170.00,-6.20574092,106.52436049
11_CIKUPA_RAMP_B_OFF_R004,CIKUPA,RAMP,B,OFF,175.00,-6.20574353,106.52431534
11_CIKUPA_RAMP_B_OFF_R004,CIKUPA,RAMP,B,OFF,180.00,-6.20574648,106.52427021
11_CIKUPA_RAMP_B_OFF_R004,CIKUPA,RAMP,B,OFF,185.00,-6.20574901,106.52422505
11_CIKUPA_RAMP_B_OFF_R004,CIKUPA,RAMP,B,OFF,190.00,-6.20575129,106.52417988
11_CIKUPA_RAMP_B_OFF_R004,CIKUPA,RAMP,B,OFF,195.00,-6.20575356,106.52413471
11_CIKUPA_RAMP_B_OFF_R004,CIKUPA,RAMP,B,OFF,200.00,-6.20575584,106.52408953
11_CIKUPA_RAMP_B_OFF_R004,CIKUPA,RAMP,B,OFF,205.00,-6.20575811,106.52404436
11_CIKUPA_RAMP_B_OFF_R004,CIKUPA,RAMP,B,OFF,210.00,-6.20576039,106.52399919
11_CIKUPA_RAMP_B_OFF_R004,CIKUPA,RAMP,B,OFF,215.00,-6.20576267,106.52395401
11_CIKUPA_RAMP_B_OFF_R004,CIKUPA,RAMP,B,OFF,220.00,-6.20576494,106.52390884
11_CIKUPA_RAMP_B_OFF_R004,CIKUPA,RAMP,B,OFF,225.00,-6.20576683,106.52386365
11_CIKUPA_RAMP_B_OFF_R004,CIKUPA,RAMP,B,OFF,230.00,-6.20576788,106.52381843
11_CIKUPA_RAMP_B_OFF_R004,CIKUPA,RAMP,B,OFF,235.00,-6.20576893,106.52377321
11_CIKUPA_RAMP_B_OFF_R004,CIKUPA,RAMP,B,OFF,240.00,-6.20576885,106.52372802
11_CIKUPA_RAMP_B_OFF_R004,CIKUPA,RAMP,B,OFF,245.00,-6.20576573,106.52368290
11_CIKUPA_RAMP_B_OFF_R004,CIKUPA,RAMP,B,OFF,250.00,-6.20576261,106.52363778
11_CIKUPA_RAMP_B_OFF_R004,CIKUPA,RAMP,B,OFF,255.00,-6.20575950,106.52359266
11_CIKUPA_RAMP_B_OFF_R004,CIKUPA,RAMP,B,OFF,260.00,-6.20575638,106.52354753
11_CIKUPA_RAMP_B_OFF_R004,CIKUPA,RAMP,B,OFF,265.00,-6.20575140,106.52350261
11_CIKUPA_RAMP_B_OFF_R004,CIKUPA,RAMP,B,OFF,270.00,-6.20574480,106.52345787
11_CIKUPA_RAMP_B_OFF_R004,CIKUPA,RAMP,B,OFF,275.00,-6.20573747,106.52341330
11_CIKUPA_RAMP_B_OFF_R004,CIKUPA,RAMP,B,OFF,280.00,-6.20572379,106.52337021
11_CIKUPA_RAMP_B_OFF_R004,CIKUPA,RAMP,B,OFF,285.00,-6.20571008,106.52332714
11_CIKUPA_RAMP_B_OFF_R004,CIKUPA,RAMP,B,OFF,290.00,-6.20569577,106.52328426
11_CIKUPA_RAMP_B_OFF_R004,CIKUPA,RAMP,B,OFF,295.00,-6.20568147,106.52324137
11_CIKUPA_RAMP_B_OFF_R004,CIKUPA,RAMP,B,OFF,300.00,-6.20566747,106.52319843
11_CIKUPA_RAMP_B_OFF_R004,CIKUPA,RAMP,B,OFF,305.00,-6.20566327,106.52315339
11_CIKUPA_RAMP_B_OFF_R004,CIKUPA,RAMP,B,OFF,310.00,-6.20565907,106.52310836
11_CIKUPA_RAMP_B_OFF_R004,CIKUPA,RAMP,B,OFF,315.00,-6.20565487,106.52306333
11_CIKUPA_RAMP_B_OFF_R004,CIKUPA,RAMP,B,OFF,320.00,-6.20565067,106.52301829
11_CIKUPA_RAMP_B_OFF_R004,CIKUPA,RAMP,B,OFF,325.00,-6.20564648,106.52297326
11_CIKUPA_RAMP_B_OFF_R004,CIKUPA,RAMP,B,OFF,330.00,-6.20564228,106.52292823
11_CIKUPA_RAMP_B_OFF_R004,CIKUPA,RAMP,B,OFF,335.00,-6.20563808,106.52288319
11_CIKUPA_RAMP_B_OFF_R004,CIKUPA,RAMP,B,OFF,340.00,-6.20563388,106.52283816
11_CIKUPA_RAMP_B_OFF_R004,CIKUPA,RAMP,B,OFF,345.00,-6.20562968,106.52279313
11_CIKUPA_RAMP_B_OFF_R004,CIKUPA,RAMP,B,OFF,350.00,-6.20562548,106.52274809
11_CIKUPA_RAMP_B_OFF_R004,CIKUPA,RAMP,B,OFF,355.00,-6.20562128,106.52270306
11_CIKUPA_RAMP_B_OFF_R004,CIKUPA,RAMP,B,OFF,360.00,-6.20561708,106.52265803
11_CIKUPA_RAMP_B_OFF_R004,CIKUPA,RAMP,B,OFF,365.00,-6.20561288,106.52261299
11_CIKUPA_RAMP_B_OFF_R004,CIKUPA,RAMP,B,OFF,370.00,-6.20561060,106.52256786
11_CIKUPA_RAMP_B_OFF_R004,CIKUPA,RAMP,B,OFF,375.00,-6.20561040,106.52252263
11_CIKUPA_RAMP_B_OFF_R004,CIKUPA,RAMP,B,OFF,380.00,-6.20561020,106.52247740
11_CIKUPA_RAMP_B_OFF_R004,CIKUPA,RAMP,B,OFF,385.00,-6.20561000,106.52243217
11_CIKUPA_RAMP_B_OFF_R004,CIKUPA,RAMP,B,OFF,389.98,-6.20560980,106.52238710
11_CIKUPA_GATE_PLAZA_ENTRANCE_R005,CIKUPA,GATE,PLAZA,ENTRANCE,0.00,-6.20553430,106.52586250
11_CIKUPA_GATE_PLAZA_ENTRANCE_R005,CIKUPA,GATE,PLAZA,ENTRANCE,5.00,-6.20553515,106.52581728
11_CIKUPA_GATE_PLAZA_ENTRANCE_R005,CIKUPA,GATE,PLAZA,ENTRANCE,10.00,-6.20553601,106.52577205
11_CIKUPA_GATE_PLAZA_ENTRANCE_R005,CIKUPA,GATE,PLAZA,ENTRANCE,15.00,-6.20553686,106.52572683
11_CIKUPA_GATE_PLAZA_ENTRANCE_R005,CIKUPA,GATE,PLAZA,ENTRANCE,20.00,-6.20553807,106.52568162
11_CIKUPA_GATE_PLAZA_ENTRANCE_R005,CIKUPA,GATE,PLAZA,ENTRANCE,25.00,-6.20554038,106.52563645
11_CIKUPA_GATE_PLAZA_ENTRANCE_R005,CIKUPA,GATE,PLAZA,ENTRANCE,30.00,-6.20554268,106.52559128
11_CIKUPA_GATE_PLAZA_ENTRANCE_R005,CIKUPA,GATE,PLAZA,ENTRANCE,35.00,-6.20554498,106.52554611
11_CIKUPA_GATE_PLAZA_ENTRANCE_R005,CIKUPA,GATE,PLAZA,ENTRANCE,40.00,-6.20554729,106.52550093
11_CIKUPA_GATE_PLAZA_ENTRANCE_R005,CIKUPA,GATE,PLAZA,ENTRANCE,45.00,-6.20554969,106.52545577
11_CIKUPA_GATE_PLAZA_ENTRANCE_R005,CIKUPA,GATE,PLAZA,ENTRANCE,50.00,-6.20555211,106.52541060
11_CIKUPA_GATE_PLAZA_ENTRANCE_R005,CIKUPA,GATE,PLAZA,ENTRANCE,55.00,-6.20555452,106.52536544
11_CIKUPA_GATE_PLAZA_ENTRANCE_R005,CIKUPA,GATE,PLAZA,ENTRANCE,60.00,-6.20555556,106.52532023
11_CIKUPA_GATE_PLAZA_ENTRANCE_R005,CIKUPA,GATE,PLAZA,ENTRANCE,65.00,-6.20555594,106.52527500
11_CIKUPA_GATE_PLAZA_ENTRANCE_R005,CIKUPA,GATE,PLAZA,ENTRANCE,70.00,-6.20555647,106.52522977
11_CIKUPA_GATE_PLAZA_ENTRANCE_R005,CIKUPA,GATE,PLAZA,ENTRANCE,75.00,-6.20555915,106.52518462
11_CIKUPA_GATE_PLAZA_ENTRANCE_R005,CIKUPA,GATE,PLAZA,ENTRANCE,80.00,-6.20556235,106.52513953
11_CIKUPA_GATE_PLAZA_ENTRANCE_R005,CIKUPA,GATE,PLAZA,ENTRANCE,85.00,-6.20556915,106.52509482
11_CIKUPA_GATE_PLAZA_ENTRANCE_R005,CIKUPA,GATE,PLAZA,ENTRANCE,90.00,-6.20557556,106.52505005
11_CIKUPA_GATE_PLAZA_ENTRANCE_R005,CIKUPA,GATE,PLAZA,ENTRANCE,95.00,-6.20558026,106.52500507
11_CIKUPA_GATE_PLAZA_ENTRANCE_R005,CIKUPA,GATE,PLAZA,ENTRANCE,100.00,-6.20558492,106.52496008
11_CIKUPA_GATE_PLAZA_ENTRANCE_R005,CIKUPA,GATE,PLAZA,ENTRANCE,105.00,-6.20558930,106.52491507
11_CIKUPA_GATE_PLAZA_ENTRANCE_R005,CIKUPA,GATE,PLAZA,ENTRANCE,110.00,-6.20559367,106.52487005
11_CIKUPA_GATE_PLAZA_ENTRANCE_R005,CIKUPA,GATE,PLAZA,ENTRANCE,115.00,-6.20559805,106.52482503
11_CIKUPA_GATE_PLAZA_ENTRANCE_R005,CIKUPA,GATE,PLAZA,ENTRANCE,120.00,-6.20560217,106.52478001
11_CIKUPA_GATE_PLAZA_ENTRANCE_R005,CIKUPA,GATE,PLAZA,ENTRANCE,125.00,-6.20560150,106.52473478
11_CIKUPA_GATE_PLAZA_ENTRANCE_R005,CIKUPA,GATE,PLAZA,ENTRANCE,130.00,-6.20560084,106.52468955
11_CIKUPA_GATE_PLAZA_ENTRANCE_R005,CIKUPA,GATE,PLAZA,ENTRANCE,135.00,-6.20560017,106.52464433
11_CIKUPA_GATE_PLAZA_ENTRANCE_R005,CIKUPA,GATE,PLAZA,ENTRANCE,140.00,-6.20559950,106.52459910
11_CIKUPA_GATE_PLAZA_ENTRANCE_R005,CIKUPA,GATE,PLAZA,ENTRANCE,145.00,-6.20559884,106.52455388
11_CIKUPA_GATE_PLAZA_ENTRANCE_R005,CIKUPA,GATE,PLAZA,ENTRANCE,150.00,-6.20559817,106.52450865
11_CIKUPA_GATE_PLAZA_ENTRANCE_R005,CIKUPA,GATE,PLAZA,ENTRANCE,155.00,-6.20559751,106.52446342
11_CIKUPA_GATE_PLAZA_ENTRANCE_R005,CIKUPA,GATE,PLAZA,ENTRANCE,160.00,-6.20559684,106.52441820
11_CIKUPA_GATE_PLAZA_ENTRANCE_R005,CIKUPA,GATE,PLAZA,ENTRANCE,165.00,-6.20559618,106.52437297
11_CIKUPA_GATE_PLAZA_ENTRANCE_R005,CIKUPA,GATE,PLAZA,ENTRANCE,170.00,-6.20559551,106.52432775
11_CIKUPA_GATE_PLAZA_ENTRANCE_R005,CIKUPA,GATE,PLAZA,ENTRANCE,175.00,-6.20559485,106.52428252
11_CIKUPA_GATE_PLAZA_ENTRANCE_R005,CIKUPA,GATE,PLAZA,ENTRANCE,180.00,-6.20559358,106.52423731
11_CIKUPA_GATE_PLAZA_ENTRANCE_R005,CIKUPA,GATE,PLAZA,ENTRANCE,185.00,-6.20559166,106.52419212
11_CIKUPA_GATE_PLAZA_ENTRANCE_R005,CIKUPA,GATE,PLAZA,ENTRANCE,190.00,-6.20558974,106.52414693
11_CIKUPA_GATE_PLAZA_ENTRANCE_R005,CIKUPA,GATE,PLAZA,ENTRANCE,195.00,-6.20558782,106.52410174
11_CIKUPA_GATE_PLAZA_ENTRANCE_R005,CIKUPA,GATE,PLAZA,ENTRANCE,200.00,-6.20558590,106.52405655
11_CIKUPA_GATE_PLAZA_ENTRANCE_R005,CIKUPA,GATE,PLAZA,ENTRANCE,205.00,-6.20558398,106.52401136
11_CIKUPA_GATE_PLAZA_ENTRANCE_R005,CIKUPA,GATE,PLAZA,ENTRANCE,210.00,-6.20558206,106.52396617
11_CIKUPA_GATE_PLAZA_ENTRANCE_R005,CIKUPA,GATE,PLAZA,ENTRANCE,215.00,-6.20558014,106.52392098
11_CIKUPA_GATE_PLAZA_ENTRANCE_R005,CIKUPA,GATE,PLAZA,ENTRANCE,220.00,-6.20557822,106.52387579
11_CIKUPA_GATE_PLAZA_ENTRANCE_R005,CIKUPA,GATE,PLAZA,ENTRANCE,225.00,-6.20557630,106.52383060
11_CIKUPA_GATE_PLAZA_ENTRANCE_R005,CIKUPA,GATE,PLAZA,ENTRANCE,230.00,-6.20557437,106.52378541
11_CIKUPA_GATE_PLAZA_ENTRANCE_R005,CIKUPA,GATE,PLAZA,ENTRANCE,235.00,-6.20557244,106.52374022
11_CIKUPA_GATE_PLAZA_ENTRANCE_R005,CIKUPA,GATE,PLAZA,ENTRANCE,240.00,-6.20557052,106.52369503
11_CIKUPA_GATE_PLAZA_ENTRANCE_R005,CIKUPA,GATE,PLAZA,ENTRANCE,245.00,-6.20556862,106.52364984
11_CIKUPA_GATE_PLAZA_ENTRANCE_R005,CIKUPA,GATE,PLAZA,ENTRANCE,250.00,-6.20556672,106.52360465
11_CIKUPA_GATE_PLAZA_ENTRANCE_R005,CIKUPA,GATE,PLAZA,ENTRANCE,255.00,-6.20556482,106.52355946
11_CIKUPA_GATE_PLAZA_ENTRANCE_R005,CIKUPA,GATE,PLAZA,ENTRANCE,260.00,-6.20556243,106.52351430
11_CIKUPA_GATE_PLAZA_ENTRANCE_R005,CIKUPA,GATE,PLAZA,ENTRANCE,265.00,-6.20555948,106.52346916
11_CIKUPA_GATE_PLAZA_ENTRANCE_R005,CIKUPA,GATE,PLAZA,ENTRANCE,270.00,-6.20555653,106.52342403
11_CIKUPA_GATE_PLAZA_ENTRANCE_R005,CIKUPA,GATE,PLAZA,ENTRANCE,275.00,-6.20555358,106.52337890
11_CIKUPA_GATE_PLAZA_ENTRANCE_R005,CIKUPA,GATE,PLAZA,ENTRANCE,280.00,-6.20555063,106.52333376
11_CIKUPA_GATE_PLAZA_ENTRANCE_R005,CIKUPA,GATE,PLAZA,ENTRANCE,285.00,-6.20554768,106.52328863
11_CIKUPA_GATE_PLAZA_ENTRANCE_R005,CIKUPA,GATE,PLAZA,ENTRANCE,290.00,-6.20554473,106.52324350
11_CIKUPA_GATE_PLAZA_ENTRANCE_R005,CIKUPA,GATE,PLAZA,ENTRANCE,295.00,-6.20554177,106.52319836
11_CIKUPA_GATE_PLAZA_ENTRANCE_R005,CIKUPA,GATE,PLAZA,ENTRANCE,300.00,-6.20553882,106.52315323
11_CIKUPA_GATE_PLAZA_ENTRANCE_R005,CIKUPA,GATE,PLAZA,ENTRANCE,305.00,-6.20553586,106.52310810
11_CIKUPA_GATE_PLAZA_ENTRANCE_R005,CIKUPA,GATE,PLAZA,ENTRANCE,310.00,-6.20553290,106.52306296
11_CIKUPA_GATE_PLAZA_ENTRANCE_R005,CIKUPA,GATE,PLAZA,ENTRANCE,315.00,-6.20552995,106.52301783
11_CIKUPA_GATE_PLAZA_ENTRANCE_R005,CIKUPA,GATE,PLAZA,ENTRANCE,320.00,-6.20552699,106.52297270
11_CIKUPA_GATE_PLAZA_ENTRANCE_R005,CIKUPA,GATE,PLAZA,ENTRANCE,325.00,-6.20552404,106.52292756
11_CIKUPA_GATE_PLAZA_ENTRANCE_R005,CIKUPA,GATE,PLAZA,ENTRANCE,330.00,-6.20552108,106.52288243
11_CIKUPA_GATE_PLAZA_ENTRANCE_R005,CIKUPA,GATE,PLAZA,ENTRANCE,335.00,-6.20551812,106.52283730
11_CIKUPA_GATE_PLAZA_ENTRANCE_R005,CIKUPA,GATE,PLAZA,ENTRANCE,340.00,-6.20551517,106.52279216
11_CIKUPA_GATE_PLAZA_ENTRANCE_R005,CIKUPA,GATE,PLAZA,ENTRANCE,345.00,-6.20551221,106.52274703
11_CIKUPA_GATE_PLAZA_ENTRANCE_R005,CIKUPA,GATE,PLAZA,ENTRANCE,350.00,-6.20550925,106.52270190
11_CIKUPA_GATE_PLAZA_ENTRANCE_R005,CIKUPA,GATE,PLAZA,ENTRANCE,355.00,-6.20550630,106.52265676
11_CIKUPA_GATE_PLAZA_ENTRANCE_R005,CIKUPA,GATE,PLAZA,ENTRANCE,360.00,-6.20550334,106.52261163
11_CIKUPA_GATE_PLAZA_ENTRANCE_R005,CIKUPA,GATE,PLAZA,ENTRANCE,365.00,-6.20550038,106.52256650
11_CIKUPA_GATE_PLAZA_ENTRANCE_R005,CIKUPA,GATE,PLAZA,ENTRANCE,370.00,-6.20549695,106.52252141
11_CIKUPA_GATE_PLAZA_ENTRANCE_R005,CIKUPA,GATE,PLAZA,ENTRANCE,375.00,-6.20549152,106.52247651
11_CIKUPA_GATE_PLAZA_ENTRANCE_R005,CIKUPA,GATE,PLAZA,ENTRANCE,380.00,-6.20548609,106.52243161
11_CIKUPA_GATE_PLAZA_ENTRANCE_R005,CIKUPA,GATE,PLAZA,ENTRANCE,380.55,-6.20548550,106.52242670
11_CIKUPA_GATE_PLAZA_EXIT_R006,CIKUPA,GATE,PLAZA,EXIT,0.00,-6.20537860,106.52244800
11_CIKUPA_GATE_PLAZA_EXIT_R006,CIKUPA,GATE,PLAZA,EXIT,5.00,-6.20537961,106.52249322
11_CIKUPA_GATE_PLAZA_EXIT_R006,CIKUPA,GATE,PLAZA,EXIT,10.00,-6.20537977,106.52253845
11_CIKUPA_GATE_PLAZA_EXIT_R006,CIKUPA,GATE,PLAZA,EXIT,15.00,-6.20537940,106.52258367
11_CIKUPA_GATE_PLAZA_EXIT_R006,CIKUPA,GATE,PLAZA,EXIT,20.00,-6.20537903,106.52262890
11_CIKUPA_GATE_PLAZA_EXIT_R006,CIKUPA,GATE,PLAZA,EXIT,25.00,-6.20537866,106.52267413
11_CIKUPA_GATE_PLAZA_EXIT_R006,CIKUPA,GATE,PLAZA,EXIT,30.00,-6.20537829,106.52271936
11_CIKUPA_GATE_PLAZA_EXIT_R006,CIKUPA,GATE,PLAZA,EXIT,35.00,-6.20537792,106.52276459
11_CIKUPA_GATE_PLAZA_EXIT_R006,CIKUPA,GATE,PLAZA,EXIT,40.00,-6.20537755,106.52280982
11_CIKUPA_GATE_PLAZA_EXIT_R006,CIKUPA,GATE,PLAZA,EXIT,45.00,-6.20537718,106.52285505
11_CIKUPA_GATE_PLAZA_EXIT_R006,CIKUPA,GATE,PLAZA,EXIT,50.00,-6.20537681,106.52290028
11_CIKUPA_GATE_PLAZA_EXIT_R006,CIKUPA,GATE,PLAZA,EXIT,55.00,-6.20537644,106.52294551
11_CIKUPA_GATE_PLAZA_EXIT_R006,CIKUPA,GATE,PLAZA,EXIT,60.00,-6.20537607,106.52299074
11_CIKUPA_GATE_PLAZA_EXIT_R006,CIKUPA,GATE,PLAZA,EXIT,65.00,-6.20537570,106.52303597
11_CIKUPA_GATE_PLAZA_EXIT_R006,CIKUPA,GATE,PLAZA,EXIT,70.00,-6.20537533,106.52308120
11_CIKUPA_GATE_PLAZA_EXIT_R006,CIKUPA,GATE,PLAZA,EXIT,75.00,-6.20537473,106.52312643
11_CIKUPA_GATE_PLAZA_EXIT_R006,CIKUPA,GATE,PLAZA,EXIT,80.00,-6.20537378,106.52317165
11_CIKUPA_GATE_PLAZA_EXIT_R006,CIKUPA,GATE,PLAZA,EXIT,85.00,-6.20537283,106.52321687
11_CIKUPA_GATE_PLAZA_EXIT_R006,CIKUPA,GATE,PLAZA,EXIT,90.00,-6.20537188,106.52326209
11_CIKUPA_GATE_PLAZA_EXIT_R006,CIKUPA,GATE,PLAZA,EXIT,95.00,-6.20537094,106.52330731
11_CIKUPA_GATE_PLAZA_EXIT_R006,CIKUPA,GATE,PLAZA,EXIT,100.00,-6.20536996,106.52335253
11_CIKUPA_GATE_PLAZA_EXIT_R006,CIKUPA,GATE,PLAZA,EXIT,105.00,-6.20536898,106.52339775
11_CIKUPA_GATE_PLAZA_EXIT_R006,CIKUPA,GATE,PLAZA,EXIT,110.00,-6.20536800,106.52344297
11_CIKUPA_GATE_PLAZA_EXIT_R006,CIKUPA,GATE,PLAZA,EXIT,115.00,-6.20536704,106.52348819
11_CIKUPA_GATE_PLAZA_EXIT_R006,CIKUPA,GATE,PLAZA,EXIT,120.00,-6.20536602,106.52353341
11_CIKUPA_GATE_PLAZA_EXIT_R006,CIKUPA,GATE,PLAZA,EXIT,125.00,-6.20536638,106.52357864
11_CIKUPA_GATE_PLAZA_EXIT_R006,CIKUPA,GATE,PLAZA,EXIT,130.00,-6.20536712,106.52362386
11_CIKUPA_GATE_PLAZA_EXIT_R006,CIKUPA,GATE,PLAZA,EXIT,135.00,-6.20536786,106.52366909
11_CIKUPA_GATE_PLAZA_EXIT_R006,CIKUPA,GATE,PLAZA,EXIT,140.00,-6.20536643,106.52371429
11_CIKUPA_GATE_PLAZA_EXIT_R006,CIKUPA,GATE,PLAZA,EXIT,145.00,-6.20536488,106.52375950
11_CIKUPA_GATE_PLAZA_EXIT_R006,CIKUPA,GATE,PLAZA,EXIT,150.00,-6.20536333,106.52380470
11_CIKUPA_GATE_PLAZA_EXIT_R006,CIKUPA,GATE,PLAZA,EXIT,155.00,-6.20536179,106.52384990
11_CIKUPA_GATE_PLAZA_EXIT_R006,CIKUPA,GATE,PLAZA,EXIT,160.00,-6.20536024,106.52389511
11_CIKUPA_GATE_PLAZA_EXIT_R006,CIKUPA,GATE,PLAZA,EXIT,165.00,-6.20535869,106.52394031
11_CIKUPA_GATE_PLAZA_EXIT_R006,CIKUPA,GATE,PLAZA,EXIT,170.00,-6.20535714,106.52398552
11_CIKUPA_GATE_PLAZA_EXIT_R006,CIKUPA,GATE,PLAZA,EXIT,175.00,-6.20535560,106.52403072
11_CIKUPA_GATE_PLAZA_EXIT_R006,CIKUPA,GATE,PLAZA,EXIT,180.00,-6.20535405,106.52407593
11_CIKUPA_GATE_PLAZA_EXIT_R006,CIKUPA,GATE,PLAZA,EXIT,185.00,-6.20535250,106.52412113
11_CIKUPA_GATE_PLAZA_EXIT_R006,CIKUPA,GATE,PLAZA,EXIT,190.00,-6.20535095,106.52416633
11_CIKUPA_GATE_PLAZA_EXIT_R006,CIKUPA,GATE,PLAZA,EXIT,195.00,-6.20534941,106.52421154
11_CIKUPA_GATE_PLAZA_EXIT_R006,CIKUPA,GATE,PLAZA,EXIT,200.00,-6.20534786,106.52425674
11_CIKUPA_GATE_PLAZA_EXIT_R006,CIKUPA,GATE,PLAZA,EXIT,205.00,-6.20534631,106.52430195
11_CIKUPA_GATE_PLAZA_EXIT_R006,CIKUPA,GATE,PLAZA,EXIT,210.00,-6.20534476,106.52434715
11_CIKUPA_GATE_PLAZA_EXIT_R006,CIKUPA,GATE,PLAZA,EXIT,215.00,-6.20534322,106.52439236
11_CIKUPA_GATE_PLAZA_EXIT_R006,CIKUPA,GATE,PLAZA,EXIT,220.00,-6.20534342,106.52443757
11_CIKUPA_GATE_PLAZA_EXIT_R006,CIKUPA,GATE,PLAZA,EXIT,225.00,-6.20534450,106.52448279
11_CIKUPA_GATE_PLAZA_EXIT_R006,CIKUPA,GATE,PLAZA,EXIT,230.00,-6.20534559,106.52452800
11_CIKUPA_GATE_PLAZA_EXIT_R006,CIKUPA,GATE,PLAZA,EXIT,235.00,-6.20534667,106.52457322
11_CIKUPA_GATE_PLAZA_EXIT_R006,CIKUPA,GATE,PLAZA,EXIT,236.99,-6.20534710,106.52459120
11_CIKUPA_ACCESS_EXIT_R007,CIKUPA,ACCESS,-,EXIT,0.00,-6.20560980,106.52238710
11_CIKUPA_ACCESS_EXIT_R007,CIKUPA,ACCESS,-,EXIT,5.00,-6.20560976,106.52234187
11_CIKUPA_ACCESS_EXIT_R007,CIKUPA,ACCESS,-,EXIT,10.00,-6.20561067,106.52229665
11_CIKUPA_ACCESS_EXIT_R007,CIKUPA,ACCESS,-,EXIT,15.00,-6.20561159,106.52225143
11_CIKUPA_ACCESS_EXIT_R007,CIKUPA,ACCESS,-,EXIT,20.00,-6.20561015,106.52220623
11_CIKUPA_ACCESS_EXIT_R007,CIKUPA,ACCESS,-,EXIT,25.00,-6.20560838,106.52216103
11_CIKUPA_ACCESS_EXIT_R007,CIKUPA,ACCESS,-,EXIT,30.00,-6.20560662,106.52211584
11_CIKUPA_ACCESS_EXIT_R007,CIKUPA,ACCESS,-,EXIT,35.00,-6.20560485,106.52207064
11_CIKUPA_ACCESS_EXIT_R007,CIKUPA,ACCESS,-,EXIT,40.00,-6.20560308,106.52202544
11_CIKUPA_ACCESS_EXIT_R007,CIKUPA,ACCESS,-,EXIT,45.00,-6.20560139,106.52198024
11_CIKUPA_ACCESS_EXIT_R007,CIKUPA,ACCESS,-,EXIT,50.00,-6.20560036,106.52193503
11_CIKUPA_ACCESS_EXIT_R007,CIKUPA,ACCESS,-,EXIT,55.00,-6.20559932,106.52188981
11_CIKUPA_ACCESS_EXIT_R007,CIKUPA,ACCESS,-,EXIT,60.00,-6.20559829,106.52184459
11_CIKUPA_ACCESS_EXIT_R007,CIKUPA,ACCESS,-,EXIT,65.00,-6.20559726,106.52179937
11_CIKUPA_ACCESS_EXIT_R007,CIKUPA,ACCESS,-,EXIT,70.00,-6.20559622,106.52175415
11_CIKUPA_ACCESS_EXIT_R007,CIKUPA,ACCESS,-,EXIT,75.00,-6.20559519,106.52170893
11_CIKUPA_ACCESS_EXIT_R007,CIKUPA,ACCESS,-,EXIT,80.00,-6.20559415,106.52166371
11_CIKUPA_ACCESS_EXIT_R007,CIKUPA,ACCESS,-,EXIT,85.00,-6.20559362,106.52161849
11_CIKUPA_ACCESS_EXIT_R007,CIKUPA,ACCESS,-,EXIT,90.00,-6.20559395,106.52157326
11_CIKUPA_ACCESS_EXIT_R007,CIKUPA,ACCESS,-,EXIT,95.00,-6.20559542,106.52152809
11_CIKUPA_ACCESS_EXIT_R007,CIKUPA,ACCESS,-,EXIT,100.00,-6.20560033,106.52148313
11_CIKUPA_ACCESS_EXIT_R007,CIKUPA,ACCESS,-,EXIT,105.00,-6.20560932,106.52143883
11_CIKUPA_ACCESS_EXIT_R007,CIKUPA,ACCESS,-,EXIT,110.00,-6.20562391,106.52139606
11_CIKUPA_ACCESS_EXIT_R007,CIKUPA,ACCESS,-,EXIT,115.00,-6.20564892,106.52135877
11_CIKUPA_ACCESS_EXIT_R007,CIKUPA,ACCESS,-,EXIT,120.00,-6.20567563,106.52132239
11_CIKUPA_ACCESS_EXIT_R007,CIKUPA,ACCESS,-,EXIT,125.00,-6.20570419,106.52128745
11_CIKUPA_ACCESS_EXIT_R007,CIKUPA,ACCESS,-,EXIT,130.00,-6.20573729,106.52125719
11_CIKUPA_ACCESS_EXIT_R007,CIKUPA,ACCESS,-,EXIT,135.00,-6.20577272,106.52122934
11_CIKUPA_ACCESS_EXIT_R007,CIKUPA,ACCESS,-,EXIT,140.00,-6.20581095,106.52120587
11_CIKUPA_ACCESS_EXIT_R007,CIKUPA,ACCESS,-,EXIT,145.00,-6.20585086,106.52118504
11_CIKUPA_ACCESS_EXIT_R007,CIKUPA,ACCESS,-,EXIT,150.00,-6.20589077,106.52116420
11_CIKUPA_ACCESS_EXIT_R007,CIKUPA,ACCESS,-,EXIT,155.00,-6.20593069,106.52114337
11_CIKUPA_ACCESS_EXIT_R007,CIKUPA,ACCESS,-,EXIT,160.00,-6.20597210,106.52112580
11_CIKUPA_ACCESS_EXIT_R007,CIKUPA,ACCESS,-,EXIT,165.00,-6.20601373,106.52110871
11_CIKUPA_ACCESS_EXIT_R007,CIKUPA,ACCESS,-,EXIT,170.00,-6.20605537,106.52109162
11_CIKUPA_ACCESS_EXIT_R007,CIKUPA,ACCESS,-,EXIT,175.00,-6.20609700,106.52107454
11_CIKUPA_ACCESS_EXIT_R007,CIKUPA,ACCESS,-,EXIT,180.00,-6.20613863,106.52105745
11_CIKUPA_ACCESS_EXIT_R007,CIKUPA,ACCESS,-,EXIT,185.00,-6.20618027,106.52104036
11_CIKUPA_ACCESS_EXIT_R007,CIKUPA,ACCESS,-,EXIT,190.00,-6.20622190,106.52102327
11_CIKUPA_ACCESS_EXIT_R007,CIKUPA,ACCESS,-,EXIT,195.00,-6.20626393,106.52100722
11_CIKUPA_ACCESS_EXIT_R007,CIKUPA,ACCESS,-,EXIT,200.00,-6.20630614,106.52099162
11_CIKUPA_ACCESS_EXIT_R007,CIKUPA,ACCESS,-,EXIT,205.00,-6.20634834,106.52097601
11_CIKUPA_ACCESS_EXIT_R007,CIKUPA,ACCESS,-,EXIT,210.00,-6.20639055,106.52096041
11_CIKUPA_ACCESS_EXIT_R007,CIKUPA,ACCESS,-,EXIT,215.00,-6.20643276,106.52094481
11_CIKUPA_ACCESS_EXIT_R007,CIKUPA,ACCESS,-,EXIT,220.00,-6.20647496,106.52092920
11_CIKUPA_ACCESS_EXIT_R007,CIKUPA,ACCESS,-,EXIT,225.00,-6.20651717,106.52091360
11_CIKUPA_ACCESS_EXIT_R007,CIKUPA,ACCESS,-,EXIT,230.00,-6.20655937,106.52089800
11_CIKUPA_ACCESS_EXIT_R007,CIKUPA,ACCESS,-,EXIT,235.00,-6.20660158,106.52088239
11_CIKUPA_ACCESS_EXIT_R007,CIKUPA,ACCESS,-,EXIT,235.06,-6.20660210,106.52088220
112_CIKUPA_ACCESS_ENTRANCE_R008,CIKUPA,ACCESS,-,ENTRANCE,0.00,-6.20659040,106.52082520
112_CIKUPA_ACCESS_ENTRANCE_R008,CIKUPA,ACCESS,-,ENTRANCE,5.00,-6.20654782,106.52083975
112_CIKUPA_ACCESS_ENTRANCE_R008,CIKUPA,ACCESS,-,ENTRANCE,10.00,-6.20650525,106.52085430
112_CIKUPA_ACCESS_ENTRANCE_R008,CIKUPA,ACCESS,-,ENTRANCE,15.00,-6.20646267,106.52086884
112_CIKUPA_ACCESS_ENTRANCE_R008,CIKUPA,ACCESS,-,ENTRANCE,20.00,-6.20642009,106.52088339
112_CIKUPA_ACCESS_ENTRANCE_R008,CIKUPA,ACCESS,-,ENTRANCE,25.00,-6.20637754,106.52089801
112_CIKUPA_ACCESS_ENTRANCE_R008,CIKUPA,ACCESS,-,ENTRANCE,27.58,-6.20635560,106.52090570
112_CIKUPA_GATE_PLAZA_ENTRANCE_R009,CIKUPA,GATE,PLAZA,ENTRANCE,0.00,-6.20635560,106.52090570
112_CIKUPA_GATE_PLAZA_ENTRANCE_R009,CIKUPA,GATE,PLAZA,ENTRANCE,5.00,-6.20631314,106.52092060
112_CIKUPA_GATE_PLAZA_ENTRANCE_R009,CIKUPA,GATE,PLAZA,ENTRANCE,10.00,-6.20627069,106.52093550
112_CIKUPA_GATE_PLAZA_ENTRANCE_R009,CIKUPA,GATE,PLAZA,ENTRANCE,15.00,-6.20622823,106.52095040
112_CIKUPA_GATE_PLAZA_ENTRANCE_R009,CIKUPA,GATE,PLAZA,ENTRANCE,20.00,-6.20618533,106.52096391
112_CIKUPA_GATE_PLAZA_ENTRANCE_R009,CIKUPA,GATE,PLAZA,ENTRANCE,25.00,-6.20614189,106.52097546
112_CIKUPA_GATE_PLAZA_ENTRANCE_R009,CIKUPA,GATE,PLAZA,ENTRANCE,30.00,-6.20609793,106.52098499
112_CIKUPA_GATE_PLAZA_ENTRANCE_R009,CIKUPA,GATE,PLAZA,ENTRANCE,35.00,-6.20605319,106.52098901
112_CIKUPA_GATE_PLAZA_ENTRANCE_R009,CIKUPA,GATE,PLAZA,ENTRANCE,40.00,-6.20600842,106.52099036
112_CIKUPA_GATE_PLAZA_ENTRANCE_R009,CIKUPA,GATE,PLAZA,ENTRANCE,45.00,-6.20596399,106.52098339
112_CIKUPA_GATE_PLAZA_ENTRANCE_R009,CIKUPA,GATE,PLAZA,ENTRANCE,50.00,-6.20591979,106.52097553
112_CIKUPA_GATE_PLAZA_ENTRANCE_R009,CIKUPA,GATE,PLAZA,ENTRANCE,55.00,-6.20587738,106.52096048
112_CIKUPA_GATE_PLAZA_ENTRANCE_R009,CIKUPA,GATE,PLAZA,ENTRANCE,60.00,-6.20583587,106.52094351
112_CIKUPA_GATE_PLAZA_ENTRANCE_R009,CIKUPA,GATE,PLAZA,ENTRANCE,65.00,-6.20579714,106.52092053
112_CIKUPA_GATE_PLAZA_ENTRANCE_R009,CIKUPA,GATE,PLAZA,ENTRANCE,70.00,-6.20575939,106.52089604
112_CIKUPA_GATE_PLAZA_ENTRANCE_R009,CIKUPA,GATE,PLAZA,ENTRANCE,75.00,-6.20572296,106.52086953
112_CIKUPA_GATE_PLAZA_ENTRANCE_R009,CIKUPA,GATE,PLAZA,ENTRANCE,80.00,-6.20568725,106.52084216
112_CIKUPA_GATE_PLAZA_ENTRANCE_R009,CIKUPA,GATE,PLAZA,ENTRANCE,85.00,-6.20565913,106.52080687
112_CIKUPA_GATE_PLAZA_ENTRANCE_R009,CIKUPA,GATE,PLAZA,ENTRANCE,90.00,-6.20563692,106.52076768
112_CIKUPA_GATE_PLAZA_ENTRANCE_R009,CIKUPA,GATE,PLAZA,ENTRANCE,95.00,-6.20561903,106.52072629
112_CIKUPA_GATE_PLAZA_ENTRANCE_R009,CIKUPA,GATE,PLAZA,ENTRANCE,100.00,-6.20560356,106.52068382
112_CIKUPA_GATE_PLAZA_ENTRANCE_R009,CIKUPA,GATE,PLAZA,ENTRANCE,105.00,-6.20559069,106.52064056
112_CIKUPA_GATE_PLAZA_ENTRANCE_R009,CIKUPA,GATE,PLAZA,ENTRANCE,110.00,-6.20558013,106.52059659
112_CIKUPA_GATE_PLAZA_ENTRANCE_R009,CIKUPA,GATE,PLAZA,ENTRANCE,115.00,-6.20556957,106.52055262
112_CIKUPA_GATE_PLAZA_ENTRANCE_R009,CIKUPA,GATE,PLAZA,ENTRANCE,120.00,-6.20555900,106.52050866
112_CIKUPA_GATE_PLAZA_ENTRANCE_R009,CIKUPA,GATE,PLAZA,ENTRANCE,125.00,-6.20555180,106.52046402
112_CIKUPA_GATE_PLAZA_ENTRANCE_R009,CIKUPA,GATE,PLAZA,ENTRANCE,125.29,-6.20555140,106.52046140
112_CIKUPA_RAMP_A_ON_R010,CIKUPA,RAMP,A,ON,0.00,-6.20555140,106.52046140
112_CIKUPA_RAMP_A_ON_R010,CIKUPA,RAMP,A,ON,5.00,-6.20554447,106.52041671
112_CIKUPA_RAMP_A_ON_R010,CIKUPA,RAMP,A,ON,10.00,-6.20553755,106.52037202
112_CIKUPA_RAMP_A_ON_R010,CIKUPA,RAMP,A,ON,15.00,-6.20553236,106.52032709
112_CIKUPA_RAMP_A_ON_R010,CIKUPA,RAMP,A,ON,20.00,-6.20552790,106.52028209
112_CIKUPA_RAMP_A_ON_R010,CIKUPA,RAMP,A,ON,25.00,-6.20552475,106.52023697
112_CIKUPA_RAMP_A_ON_R010,CIKUPA,RAMP,A,ON,30.00,-6.20552283,106.52019180
112_CIKUPA_RAMP_A_ON_R010,CIKUPA,RAMP,A,ON,35.00,-6.20551094,106.52015106
112_CIKUPA_RAMP_A_ON_R010,CIKUPA,RAMP,A,ON,40.00,-6.20548012,106.52011813
112_CIKUPA_RAMP_A_ON_R010,CIKUPA,RAMP,A,ON,45.00,-6.20544930,106.52008519
112_CIKUPA_RAMP_A_ON_R010,CIKUPA,RAMP,A,ON,50.00,-6.20544533,106.52004113
112_CIKUPA_RAMP_A_ON_R010,CIKUPA,RAMP,A,ON,55.00,-6.20544414,106.51999592
112_CIKUPA_RAMP_A_ON_R010,CIKUPA,RAMP,A,ON,60.00,-6.20544271,106.51995071
112_CIKUPA_RAMP_A_ON_R010,CIKUPA,RAMP,A,ON,65.00,-6.20544067,106.51990553
112_CIKUPA_RAMP_A_ON_R010,CIKUPA,RAMP,A,ON,70.00,-6.20543863,106.51986034
112_CIKUPA_RAMP_A_ON_R010,CIKUPA,RAMP,A,ON,75.00,-6.20543658,106.51981516
112_CIKUPA_RAMP_A_ON_R010,CIKUPA,RAMP,A,ON,80.00,-6.20543454,106.51976997
112_CIKUPA_RAMP_A_ON_R010,CIKUPA,RAMP,A,ON,85.00,-6.20543250,106.51972479
112_CIKUPA_RAMP_A_ON_R010,CIKUPA,RAMP,A,ON,90.00,-6.20543045,106.51967961
112_CIKUPA_RAMP_A_ON_R010,CIKUPA,RAMP,A,ON,95.00,-6.20542841,106.51963442
112_CIKUPA_RAMP_A_ON_R010,CIKUPA,RAMP,A,ON,100.00,-6.20542636,106.51958924
112_CIKUPA_RAMP_A_ON_R010,CIKUPA,RAMP,A,ON,105.00,-6.20542432,106.51954405
112_CIKUPA_RAMP_A_ON_R010,CIKUPA,RAMP,A,ON,110.00,-6.20542228,106.51949887
112_CIKUPA_RAMP_A_ON_R010,CIKUPA,RAMP,A,ON,115.00,-6.20542023,106.51945368
112_CIKUPA_RAMP_A_ON_R010,CIKUPA,RAMP,A,ON,120.00,-6.20541819,106.51940850
112_CIKUPA_RAMP_A_ON_R010,CIKUPA,RAMP,A,ON,125.00,-6.20541615,106.51936331
112_CIKUPA_RAMP_A_ON_R010,CIKUPA,RAMP,A,ON,130.00,-6.20541410,106.51931813
112_CIKUPA_RAMP_A_ON_R010,CIKUPA,RAMP,A,ON,135.00,-6.20541206,106.51927295
112_CIKUPA_RAMP_A_ON_R010,CIKUPA,RAMP,A,ON,140.00,-6.20541002,106.51922776
112_CIKUPA_RAMP_A_ON_R010,CIKUPA,RAMP,A,ON,145.00,-6.20540797,106.51918258
112_CIKUPA_RAMP_A_ON_R010,CIKUPA,RAMP,A,ON,150.00,-6.20540593,106.51913739
112_CIKUPA_RAMP_A_ON_R010,CIKUPA,RAMP,A,ON,155.00,-6.20540389,106.51909221
112_CIKUPA_RAMP_A_ON_R010,CIKUPA,RAMP,A,ON,160.00,-6.20540184,106.51904702
112_CIKUPA_RAMP_A_ON_R010,CIKUPA,RAMP,A,ON,165.00,-6.20539980,106.51900184
112_CIKUPA_RAMP_A_ON_R010,CIKUPA,RAMP,A,ON,170.00,-6.20539776,106.51895666
112_CIKUPA_RAMP_A_ON_R010,CIKUPA,RAMP,A,ON,175.00,-6.20539571,106.51891147
112_CIKUPA_RAMP_A_ON_R010,CIKUPA,RAMP,A,ON,180.00,-6.20539367,106.51886629
112_CIKUPA_RAMP_A_ON_R010,CIKUPA,RAMP,A,ON,185.00,-6.20539163,106.51882110
112_CIKUPA_RAMP_A_ON_R010,CIKUPA,RAMP,A,ON,190.00,-6.20538958,106.51877592
112_CIKUPA_RAMP_A_ON_R010,CIKUPA,RAMP,A,ON,190.44,-6.20538940,106.51877190
110_CIKUPA_GATE_PLAZA_EXIT_R011,CIKUPA,GATE,PLAZA,EXIT,0.00,-6.20521160,106.51965410
110_CIKUPA_GATE_PLAZA_EXIT_R011,CIKUPA,GATE,PLAZA,EXIT,5.00,-6.20521018,106.51969931
110_CIKUPA_GATE_PLAZA_EXIT_R011,CIKUPA,GATE,PLAZA,EXIT,10.00,-6.20520967,106.51974453
110_CIKUPA_GATE_PLAZA_EXIT_R011,CIKUPA,GATE,PLAZA,EXIT,15.00,-6.20520980,106.51978976
110_CIKUPA_GATE_PLAZA_EXIT_R011,CIKUPA,GATE,PLAZA,EXIT,20.00,-6.20520993,106.51983499
110_CIKUPA_GATE_PLAZA_EXIT_R011,CIKUPA,GATE,PLAZA,EXIT,25.00,-6.20521005,106.51988022
110_CIKUPA_GATE_PLAZA_EXIT_R011,CIKUPA,GATE,PLAZA,EXIT,30.00,-6.20520920,106.51992544
110_CIKUPA_GATE_PLAZA_EXIT_R011,CIKUPA,GATE,PLAZA,EXIT,35.00,-6.20520776,106.51997065
110_CIKUPA_GATE_PLAZA_EXIT_R011,CIKUPA,GATE,PLAZA,EXIT,40.00,-6.20520632,106.52001586
110_CIKUPA_GATE_PLAZA_EXIT_R011,CIKUPA,GATE,PLAZA,EXIT,45.00,-6.20520488,106.52006106
110_CIKUPA_GATE_PLAZA_EXIT_R011,CIKUPA,GATE,PLAZA,EXIT,50.00,-6.20520344,106.52010627
110_CIKUPA_GATE_PLAZA_EXIT_R011,CIKUPA,GATE,PLAZA,EXIT,55.00,-6.20520200,106.52015148
110_CIKUPA_GATE_PLAZA_EXIT_R011,CIKUPA,GATE,PLAZA,EXIT,60.00,-6.20520056,106.52019669
110_CIKUPA_GATE_PLAZA_EXIT_R011,CIKUPA,GATE,PLAZA,EXIT,65.00,-6.20519640,106.52024165
110_CIKUPA_GATE_PLAZA_EXIT_R011,CIKUPA,GATE,PLAZA,EXIT,70.00,-6.20518990,106.52028641
110_CIKUPA_GATE_PLAZA_EXIT_R011,CIKUPA,GATE,PLAZA,EXIT,75.00,-6.20518341,106.52033117
110_CIKUPA_GATE_PLAZA_EXIT_R011,CIKUPA,GATE,PLAZA,EXIT,80.00,-6.20517692,106.52037592
110_CIKUPA_GATE_PLAZA_EXIT_R011,CIKUPA,GATE,PLAZA,EXIT,85.00,-6.20517042,106.52042068
110_CIKUPA_GATE_PLAZA_EXIT_R011,CIKUPA,GATE,PLAZA,EXIT,90.00,-6.20517010,106.52046579
110_CIKUPA_GATE_PLAZA_EXIT_R011,CIKUPA,GATE,PLAZA,EXIT,95.00,-6.20517151,106.52051100
110_CIKUPA_GATE_PLAZA_EXIT_R011,CIKUPA,GATE,PLAZA,EXIT,100.00,-6.20517293,106.52055621
110_CIKUPA_GATE_PLAZA_EXIT_R011,CIKUPA,GATE,PLAZA,EXIT,105.00,-6.20517434,106.52060142
110_CIKUPA_GATE_PLAZA_EXIT_R011,CIKUPA,GATE,PLAZA,EXIT,110.00,-6.20517549,106.52064663
110_CIKUPA_GATE_PLAZA_EXIT_R011,CIKUPA,GATE,PLAZA,EXIT,115.00,-6.20517633,106.52069185
110_CIKUPA_GATE_PLAZA_EXIT_R011,CIKUPA,GATE,PLAZA,EXIT,120.00,-6.20517718,106.52073708
110_CIKUPA_GATE_PLAZA_EXIT_R011,CIKUPA,GATE,PLAZA,EXIT,125.00,-6.20517802,106.52078230
110_CIKUPA_GATE_PLAZA_EXIT_R011,CIKUPA,GATE,PLAZA,EXIT,130.00,-6.20517887,106.52082752
110_CIKUPA_GATE_PLAZA_EXIT_R011,CIKUPA,GATE,PLAZA,EXIT,135.00,-6.20517978,106.52087274
110_CIKUPA_GATE_PLAZA_EXIT_R011,CIKUPA,GATE,PLAZA,EXIT,140.00,-6.20518069,106.52091797
110_CIKUPA_GATE_PLAZA_EXIT_R011,CIKUPA,GATE,PLAZA,EXIT,145.00,-6.20518160,106.52096319
110_CIKUPA_GATE_PLAZA_EXIT_R011,CIKUPA,GATE,PLAZA,EXIT,150.00,-6.20518254,106.52100841
110_CIKUPA_GATE_PLAZA_EXIT_R011,CIKUPA,GATE,PLAZA,EXIT,155.00,-6.20518477,106.52105354
110_CIKUPA_GATE_PLAZA_EXIT_R011,CIKUPA,GATE,PLAZA,EXIT,160.00,-6.20519015,106.52109844
110_CIKUPA_GATE_PLAZA_EXIT_R011,CIKUPA,GATE,PLAZA,EXIT,165.00,-6.20519553,106.52114335
110_CIKUPA_GATE_PLAZA_EXIT_R011,CIKUPA,GATE,PLAZA,EXIT,170.00,-6.20520210,106.52118808
110_CIKUPA_GATE_PLAZA_EXIT_R011,CIKUPA,GATE,PLAZA,EXIT,175.00,-6.20520984,106.52123264
110_CIKUPA_GATE_PLAZA_EXIT_R011,CIKUPA,GATE,PLAZA,EXIT,180.00,-6.20521758,106.52127719
110_CIKUPA_GATE_PLAZA_EXIT_R011,CIKUPA,GATE,PLAZA,EXIT,185.00,-6.20522532,106.52132175
110_CIKUPA_GATE_PLAZA_EXIT_R011,CIKUPA,GATE,PLAZA,EXIT,190.00,-6.20523306,106.52136630
110_CIKUPA_GATE_PLAZA_EXIT_R011,CIKUPA,GATE,PLAZA,EXIT,195.00,-6.20523533,106.52141143
110_CIKUPA_GATE_PLAZA_EXIT_R011,CIKUPA,GATE,PLAZA,EXIT,200.00,-6.20523684,106.52145664
110_CIKUPA_GATE_PLAZA_EXIT_R011,CIKUPA,GATE,PLAZA,EXIT,205.00,-6.20523835,106.52150184
110_CIKUPA_GATE_PLAZA_EXIT_R011,CIKUPA,GATE,PLAZA,EXIT,210.00,-6.20523993,106.52154705
110_CIKUPA_GATE_PLAZA_EXIT_R011,CIKUPA,GATE,PLAZA,EXIT,215.00,-6.20524152,106.52159225
110_CIKUPA_GATE_PLAZA_EXIT_R011,CIKUPA,GATE,PLAZA,EXIT,220.00,-6.20524312,106.52163745
110_CIKUPA_GATE_PLAZA_EXIT_R011,CIKUPA,GATE,PLAZA,EXIT,225.00,-6.20524471,106.52168265
110_CIKUPA_GATE_PLAZA_EXIT_R011,CIKUPA,GATE,PLAZA,EXIT,230.00,-6.20524631,106.52172786
110_CIKUPA_GATE_PLAZA_EXIT_R011,CIKUPA,GATE,PLAZA,EXIT,235.00,-6.20524790,106.52177306
110_CIKUPA_GATE_PLAZA_EXIT_R011,CIKUPA,GATE,PLAZA,EXIT,235.30,-6.20524800,106.52177580
112_CIKUPA_RAMP_B_OFF_R012,CIKUPA,RAMP,B,OFF,0.00,-6.20513190,106.51880660
112_CIKUPA_RAMP_B_OFF_R012,CIKUPA,RAMP,B,OFF,5.00,-6.20513225,106.51885183
112_CIKUPA_RAMP_B_OFF_R012,CIKUPA,RAMP,B,OFF,10.00,-6.20513261,106.51889706
112_CIKUPA_RAMP_B_OFF_R012,CIKUPA,RAMP,B,OFF,15.00,-6.20513296,106.51894229
112_CIKUPA_RAMP_B_OFF_R012,CIKUPA,RAMP,B,OFF,20.00,-6.20513332,106.51898752
112_CIKUPA_RAMP_B_OFF_R012,CIKUPA,RAMP,B,OFF,25.00,-6.20513367,106.51903275
112_CIKUPA_RAMP_B_OFF_R012,CIKUPA,RAMP,B,OFF,30.00,-6.20513402,106.51907798
112_CIKUPA_RAMP_B_OFF_R012,CIKUPA,RAMP,B,OFF,35.00,-6.20513438,106.51912321
112_CIKUPA_RAMP_B_OFF_R012,CIKUPA,RAMP,B,OFF,40.00,-6.20513473,106.51916844
112_CIKUPA_RAMP_B_OFF_R012,CIKUPA,RAMP,B,OFF,45.00,-6.20513341,106.51921364
112_CIKUPA_RAMP_B_OFF_R012,CIKUPA,RAMP,B,OFF,50.00,-6.20513171,106.51925884
112_CIKUPA_RAMP_B_OFF_R012,CIKUPA,RAMP,B,OFF,55.00,-6.20513000,106.51930404
112_CIKUPA_RAMP_B_OFF_R012,CIKUPA,RAMP,B,OFF,60.00,-6.20512830,106.51934924
112_CIKUPA_RAMP_B_OFF_R012,CIKUPA,RAMP,B,OFF,65.00,-6.20512659,106.51939444
112_CIKUPA_RAMP_B_OFF_R012,CIKUPA,RAMP,B,OFF,70.00,-6.20512489,106.51943963
112_CIKUPA_RAMP_B_OFF_R012,CIKUPA,RAMP,B,OFF,75.00,-6.20512319,106.51948483
112_CIKUPA_RAMP_B_OFF_R012,CIKUPA,RAMP,B,OFF,80.00,-6.20512148,106.51953003
112_CIKUPA_RAMP_B_OFF_R012,CIKUPA,RAMP,B,OFF,85.00,-6.20511991,106.51957523
112_CIKUPA_RAMP_B_OFF_R012,CIKUPA,RAMP,B,OFF,90.00,-6.20511460,106.51962011
112_CIKUPA_RAMP_B_OFF_R012,CIKUPA,RAMP,B,OFF,95.00,-6.20510836,106.51966490
112_CIKUPA_RAMP_B_OFF_R012,CIKUPA,RAMP,B,OFF,100.00,-6.20510212,106.51970969
112_CIKUPA_RAMP_B_OFF_R012,CIKUPA,RAMP,B,OFF,105.00,-6.20509588,106.51975449
112_CIKUPA_RAMP_B_OFF_R012,CIKUPA,RAMP,B,OFF,110.00,-6.20508964,106.51979928
112_CIKUPA_RAMP_B_OFF_R012,CIKUPA,RAMP,B,OFF,115.00,-6.20507903,106.51984321
112_CIKUPA_RAMP_B_OFF_R012,CIKUPA,RAMP,B,OFF,120.00,-6.20506792,106.51988703
112_CIKUPA_RAMP_B_OFF_R012,CIKUPA,RAMP,B,OFF,125.00,-6.20505680,106.51993086
112_CIKUPA_RAMP_B_OFF_R012,CIKUPA,RAMP,B,OFF,130.00,-6.20504568,106.51997469
112_CIKUPA_RAMP_B_OFF_R012,CIKUPA,RAMP,B,OFF,135.00,-6.20503457,106.52001852
112_CIKUPA_RAMP_B_OFF_R012,CIKUPA,RAMP,B,OFF,140.00,-6.20502345,106.52006234
112_CIKUPA_RAMP_B_OFF_R012,CIKUPA,RAMP,B,OFF,145.00,-6.20501201,106.52010609
112_CIKUPA_RAMP_B_OFF_R012,CIKUPA,RAMP,B,OFF,150.00,-6.20500035,106.52014977
112_CIKUPA_RAMP_B_OFF_R012,CIKUPA,RAMP,B,OFF,155.00,-6.20498869,106.52019345
112_CIKUPA_RAMP_B_OFF_R012,CIKUPA,RAMP,B,OFF,160.00,-6.20497702,106.52023713
112_CIKUPA_RAMP_B_OFF_R012,CIKUPA,RAMP,B,OFF,165.00,-6.20496472,106.52028063
112_CIKUPA_RAMP_B_OFF_R012,CIKUPA,RAMP,B,OFF,170.00,-6.20495212,106.52032402
112_CIKUPA_RAMP_B_OFF_R012,CIKUPA,RAMP,B,OFF,175.00,-6.20494276,106.52036826
112_CIKUPA_RAMP_B_OFF_R012,CIKUPA,RAMP,B,OFF,180.00,-6.20493739,106.52041308
112_CIKUPA_RAMP_B_OFF_R012,CIKUPA,RAMP,B,OFF,185.00,-6.20493500,106.52045823
112_CIKUPA_RAMP_B_OFF_R012,CIKUPA,RAMP,B,OFF,190.00,-6.20493384,106.52050345
112_CIKUPA_RAMP_B_OFF_R012,CIKUPA,RAMP,B,OFF,195.00,-6.20493500,106.52054865
112_CIKUPA_RAMP_B_OFF_R012,CIKUPA,RAMP,B,OFF,200.00,-6.20493620,106.52059387
112_CIKUPA_RAMP_B_OFF_R012,CIKUPA,RAMP,B,OFF,205.00,-6.20493682,106.52063909
112_CIKUPA_RAMP_B_OFF_R012,CIKUPA,RAMP,B,OFF,210.00,-6.20493727,106.52068432
112_CIKUPA_RAMP_B_OFF_R012,CIKUPA,RAMP,B,OFF,215.00,-6.20493759,106.52072955
112_CIKUPA_RAMP_B_OFF_R012,CIKUPA,RAMP,B,OFF,220.00,-6.20493878,106.52077476
112_CIKUPA_RAMP_B_OFF_R012,CIKUPA,RAMP,B,OFF,225.00,-6.20494187,106.52081989
112_CIKUPA_RAMP_B_OFF_R012,CIKUPA,RAMP,B,OFF,230.00,-6.20494496,106.52086501
112_CIKUPA_RAMP_B_OFF_R012,CIKUPA,RAMP,B,OFF,235.00,-6.20494805,106.52091014
112_CIKUPA_RAMP_B_OFF_R012,CIKUPA,RAMP,B,OFF,240.00,-6.20495053,106.52095529
112_CIKUPA_RAMP_B_OFF_R012,CIKUPA,RAMP,B,OFF,245.00,-6.20495249,106.52100048
112_CIKUPA_RAMP_B_OFF_R012,CIKUPA,RAMP,B,OFF,250.00,-6.20495445,106.52104567
112_CIKUPA_RAMP_B_OFF_R012,CIKUPA,RAMP,B,OFF,255.00,-6.20495773,106.52109076
112_CIKUPA_RAMP_B_OFF_R012,CIKUPA,RAMP,B,OFF,260.00,-6.20496227,106.52113576
112_CIKUPA_RAMP_B_OFF_R012,CIKUPA,RAMP,B,OFF,265.00,-6.20496027,106.52118094
112_CIKUPA_RAMP_B_OFF_R012,CIKUPA,RAMP,B,OFF,270.00,-6.20495407,106.52122574
112_CIKUPA_RAMP_B_OFF_R012,CIKUPA,RAMP,B,OFF,275.00,-6.20493465,106.52126570
112_CIKUPA_RAMP_B_OFF_R012,CIKUPA,RAMP,B,OFF,277.04,-6.20492340,106.52128030
112_CIKUPA_GATE_PLAZA_EXIT_R013,CIKUPA,GATE,PLAZA,EXIT,0.00,-6.20492340,106.52128030
112_CIKUPA_GATE_PLAZA_EXIT_R013,CIKUPA,GATE,PLAZA,EXIT,5.00,-6.20489180,106.52131248
112_CIKUPA_GATE_PLAZA_EXIT_R013,CIKUPA,GATE,PLAZA,EXIT,10.00,-6.20485337,106.52133584
112_CIKUPA_GATE_PLAZA_EXIT_R013,CIKUPA,GATE,PLAZA,EXIT,15.00,-6.20481184,106.52135294
112_CIKUPA_GATE_PLAZA_EXIT_R013,CIKUPA,GATE,PLAZA,EXIT,20.00,-6.20476977,106.52136892
112_CIKUPA_GATE_PLAZA_EXIT_R013,CIKUPA,GATE,PLAZA,EXIT,25.00,-6.20472771,106.52138491
112_CIKUPA_GATE_PLAZA_EXIT_R013,CIKUPA,GATE,PLAZA,EXIT,30.00,-6.20468564,106.52140089
112_CIKUPA_GATE_PLAZA_EXIT_R013,CIKUPA,GATE,PLAZA,EXIT,35.00,-6.20464254,106.52141345
112_CIKUPA_GATE_PLAZA_EXIT_R013,CIKUPA,GATE,PLAZA,EXIT,40.00,-6.20459877,106.52142383
112_CIKUPA_GATE_PLAZA_EXIT_R013,CIKUPA,GATE,PLAZA,EXIT,45.00,-6.20455500,106.52143421
112_CIKUPA_GATE_PLAZA_EXIT_R013,CIKUPA,GATE,PLAZA,EXIT,50.00,-6.20451124,106.52144459
112_CIKUPA_GATE_PLAZA_EXIT_R013,CIKUPA,GATE,PLAZA,EXIT,55.00,-6.20446747,106.52145497
112_CIKUPA_GATE_PLAZA_EXIT_R013,CIKUPA,GATE,PLAZA,EXIT,60.00,-6.20442428,106.52146752
112_CIKUPA_GATE_PLAZA_EXIT_R013,CIKUPA,GATE,PLAZA,EXIT,65.00,-6.20438112,106.52148021
112_CIKUPA_GATE_PLAZA_EXIT_R013,CIKUPA,GATE,PLAZA,EXIT,70.00,-6.20433796,106.52149290
112_CIKUPA_GATE_PLAZA_EXIT_R013,CIKUPA,GATE,PLAZA,EXIT,75.00,-6.20429480,106.52150559
112_CIKUPA_GATE_PLAZA_EXIT_R013,CIKUPA,GATE,PLAZA,EXIT,80.00,-6.20425164,106.52151829
112_CIKUPA_GATE_PLAZA_EXIT_R013,CIKUPA,GATE,PLAZA,EXIT,85.00,-6.20420848,106.52153098
112_CIKUPA_GATE_PLAZA_EXIT_R013,CIKUPA,GATE,PLAZA,EXIT,90.00,-6.20416532,106.52154367
112_CIKUPA_GATE_PLAZA_EXIT_R013,CIKUPA,GATE,PLAZA,EXIT,92.30,-6.20414550,106.52154950
112_CIKUPA_ACCESS_EXIT_R014,CIKUPA,ACCESS,-,EXIT,0.00,-6.20414550,106.52154950
112_CIKUPA_ACCESS_EXIT_R014,CIKUPA,ACCESS,-,EXIT,5.00,-6.20410234,106.52156219
112_CIKUPA_ACCESS_EXIT_R014,CIKUPA,ACCESS,-,EXIT,10.00,-6.20405986,106.52157647
112_CIKUPA_ACCESS_EXIT_R014,CIKUPA,ACCESS,-,EXIT,15.00,-6.20402110,106.52159939
112_CIKUPA_ACCESS_EXIT_R014,CIKUPA,ACCESS,-,EXIT,20.00,-6.20398233,106.52162230
112_CIKUPA_ACCESS_EXIT_R014,CIKUPA,ACCESS,-,EXIT,25.00,-6.20394558,106.52164773
112_CIKUPA_ACCESS_EXIT_R014,CIKUPA,ACCESS,-,EXIT,30.00,-6.20391387,106.52167972
112_CIKUPA_ACCESS_EXIT_R014,CIKUPA,ACCESS,-,EXIT,35.00,-6.20388454,106.52171381
112_CIKUPA_ACCESS_EXIT_R014,CIKUPA,ACCESS,-,EXIT,40.00,-6.20386079,106.52175218
112_CIKUPA_ACCESS_EXIT_R014,CIKUPA,ACCESS,-,EXIT,45.00,-6.20384464,106.52179425
112_CIKUPA_ACCESS_EXIT_R014,CIKUPA,ACCESS,-,EXIT,50.00,-6.20383078,106.52183727
112_CIKUPA_ACCESS_EXIT_R014,CIKUPA,ACCESS,-,EXIT,55.00,-6.20381955,106.52188098
112_CIKUPA_ACCESS_EXIT_R014,CIKUPA,ACCESS,-,EXIT,60.00,-6.20381225,106.52192561
112_CIKUPA_ACCESS_EXIT_R014,CIKUPA,ACCESS,-,EXIT,65.00,-6.20380790,106.52197045
112_CIKUPA_ACCESS_EXIT_R014,CIKUPA,ACCESS,-,EXIT,70.00,-6.20380792,106.52201567
112_CIKUPA_ACCESS_EXIT_R014,CIKUPA,ACCESS,-,EXIT,75.00,-6.20380560,106.52206084
112_CIKUPA_ACCESS_EXIT_R014,CIKUPA,ACCESS,-,EXIT,80.00,-6.20379751,106.52210520
112_CIKUPA_ACCESS_EXIT_R014,CIKUPA,ACCESS,-,EXIT,85.00,-6.20378554,106.52214869
112_CIKUPA_ACCESS_EXIT_R014,CIKUPA,ACCESS,-,EXIT,90.00,-6.20376421,106.52218816
112_CIKUPA_ACCESS_EXIT_R014,CIKUPA,ACCESS,-,EXIT,95.00,-6.20373478,106.52222223
112_CIKUPA_ACCESS_EXIT_R014,CIKUPA,ACCESS,-,EXIT,95.33,-6.20373280,106.52222440
110_CIKUPA_ACCESS_ENTRANCE_R015,CIKUPA,ACCESS,-,ENTRANCE,0.00,-6.20390810,106.52209990
110_CIKUPA_ACCESS_ENTRANCE_R015,CIKUPA,ACCESS,-,ENTRANCE,5.00,-6.20390052,106.52205532
110_CIKUPA_ACCESS_ENTRANCE_R015,CIKUPA,ACCESS,-,ENTRANCE,10.00,-6.20389326,106.52201068
110_CIKUPA_ACCESS_ENTRANCE_R015,CIKUPA,ACCESS,-,ENTRANCE,15.00,-6.20388753,106.52196585
110_CIKUPA_ACCESS_ENTRANCE_R015,CIKUPA,ACCESS,-,ENTRANCE,20.00,-6.20388475,106.52192081
110_CIKUPA_ACCESS_ENTRANCE_R015,CIKUPA,ACCESS,-,ENTRANCE,25.00,-6.20389327,106.52187639
110_CIKUPA_ACCESS_ENTRANCE_R015,CIKUPA,ACCESS,-,ENTRANCE,30.00,-6.20390384,106.52183274
110_CIKUPA_ACCESS_ENTRANCE_R015,CIKUPA,ACCESS,-,ENTRANCE,35.00,-6.20392592,106.52179334
110_CIKUPA_ACCESS_ENTRANCE_R015,CIKUPA,ACCESS,-,ENTRANCE,40.00,-6.20395533,106.52175956
110_CIKUPA_ACCESS_ENTRANCE_R015,CIKUPA,ACCESS,-,ENTRANCE,45.00,-6.20398796,106.52172866
110_CIKUPA_ACCESS_ENTRANCE_R015,CIKUPA,ACCESS,-,ENTRANCE,50.00,-6.20402768,106.52170747
110_CIKUPA_ACCESS_ENTRANCE_R015,CIKUPA,ACCESS,-,ENTRANCE,55.00,-6.20406741,106.52168628
110_CIKUPA_ACCESS_ENTRANCE_R015,CIKUPA,ACCESS,-,ENTRANCE,60.00,-6.20410714,106.52166509
110_CIKUPA_ACCESS_ENTRANCE_R015,CIKUPA,ACCESS,-,ENTRANCE,65.00,-6.20415013,106.52165189
110_CIKUPA_ACCESS_ENTRANCE_R015,CIKUPA,ACCESS,-,ENTRANCE,68.33,-6.20417900,106.52164390
110_CIKUPA_GATE_PLAZA_ENTRANCE_R016,CIKUPA,GATE,PLAZA,ENTRANCE,0.00,-6.20390810,106.52209990
110_CIKUPA_GATE_PLAZA_ENTRANCE_R016,CIKUPA,GATE,PLAZA,ENTRANCE,5.00,-6.20390052,106.52205532
110_CIKUPA_GATE_PLAZA_ENTRANCE_R016,CIKUPA,GATE,PLAZA,ENTRANCE,10.00,-6.20389326,106.52201068
110_CIKUPA_GATE_PLAZA_ENTRANCE_R016,CIKUPA,GATE,PLAZA,ENTRANCE,15.00,-6.20388753,106.52196585
110_CIKUPA_GATE_PLAZA_ENTRANCE_R016,CIKUPA,GATE,PLAZA,ENTRANCE,20.00,-6.20388475,106.52192081
110_CIKUPA_GATE_PLAZA_ENTRANCE_R016,CIKUPA,GATE,PLAZA,ENTRANCE,25.00,-6.20389327,106.52187639
110_CIKUPA_GATE_PLAZA_ENTRANCE_R016,CIKUPA,GATE,PLAZA,ENTRANCE,30.00,-6.20390384,106.52183274
110_CIKUPA_GATE_PLAZA_ENTRANCE_R016,CIKUPA,GATE,PLAZA,ENTRANCE,35.00,-6.20392592,106.52179334
110_CIKUPA_GATE_PLAZA_ENTRANCE_R016,CIKUPA,GATE,PLAZA,ENTRANCE,40.00,-6.20395533,106.52175956
110_CIKUPA_GATE_PLAZA_ENTRANCE_R016,CIKUPA,GATE,PLAZA,ENTRANCE,45.00,-6.20398796,106.52172866
110_CIKUPA_GATE_PLAZA_ENTRANCE_R016,CIKUPA,GATE,PLAZA,ENTRANCE,50.00,-6.20402768,106.52170747
110_CIKUPA_GATE_PLAZA_ENTRANCE_R016,CIKUPA,GATE,PLAZA,ENTRANCE,55.00,-6.20406741,106.52168628
110_CIKUPA_GATE_PLAZA_ENTRANCE_R016,CIKUPA,GATE,PLAZA,ENTRANCE,60.00,-6.20410714,106.52166509
110_CIKUPA_GATE_PLAZA_ENTRANCE_R016,CIKUPA,GATE,PLAZA,ENTRANCE,65.00,-6.20415013,106.52165188
110_CIKUPA_GATE_PLAZA_ENTRANCE_R016,CIKUPA,GATE,PLAZA,ENTRANCE,70.00,-6.20419347,106.52163983
110_CIKUPA_GATE_PLAZA_ENTRANCE_R016,CIKUPA,GATE,PLAZA,ENTRANCE,75.00,-6.20423681,106.52162778
110_CIKUPA_GATE_PLAZA_ENTRANCE_R016,CIKUPA,GATE,PLAZA,ENTRANCE,80.00,-6.20428015,106.52161573
110_CIKUPA_GATE_PLAZA_ENTRANCE_R016,CIKUPA,GATE,PLAZA,ENTRANCE,85.00,-6.20432349,106.52160367
110_CIKUPA_GATE_PLAZA_ENTRANCE_R016,CIKUPA,GATE,PLAZA,ENTRANCE,90.00,-6.20436683,106.52159162
110_CIKUPA_GATE_PLAZA_ENTRANCE_R016,CIKUPA,GATE,PLAZA,ENTRANCE,95.00,-6.20441017,106.52157957
110_CIKUPA_GATE_PLAZA_ENTRANCE_R016,CIKUPA,GATE,PLAZA,ENTRANCE,100.00,-6.20445442,106.52157206
110_CIKUPA_GATE_PLAZA_ENTRANCE_R016,CIKUPA,GATE,PLAZA,ENTRANCE,105.00,-6.20449900,106.52156615
110_CIKUPA_GATE_PLAZA_ENTRANCE_R016,CIKUPA,GATE,PLAZA,ENTRANCE,110.00,-6.20454353,106.52155990
110_CIKUPA_GATE_PLAZA_ENTRANCE_R016,CIKUPA,GATE,PLAZA,ENTRANCE,115.00,-6.20458806,106.52155365
110_CIKUPA_GATE_PLAZA_ENTRANCE_R016,CIKUPA,GATE,PLAZA,ENTRANCE,120.00,-6.20463260,106.52154740
110_CIKUPA_GATE_PLAZA_ENTRANCE_R016,CIKUPA,GATE,PLAZA,ENTRANCE,125.00,-6.20467713,106.52154115
110_CIKUPA_GATE_PLAZA_ENTRANCE_R016,CIKUPA,GATE,PLAZA,ENTRANCE,130.00,-6.20472167,106.52153490
110_CIKUPA_GATE_PLAZA_ENTRANCE_R016,CIKUPA,GATE,PLAZA,ENTRANCE,135.00,-6.20476621,106.52152888
110_CIKUPA_GATE_PLAZA_ENTRANCE_R016,CIKUPA,GATE,PLAZA,ENTRANCE,140.00,-6.20481091,106.52153302
110_CIKUPA_GATE_PLAZA_ENTRANCE_R016,CIKUPA,GATE,PLAZA,ENTRANCE,145.00,-6.20485454,106.52154384
110_CIKUPA_GATE_PLAZA_ENTRANCE_R016,CIKUPA,GATE,PLAZA,ENTRANCE,150.00,-6.20489657,106.52155992
110_CIKUPA_GATE_PLAZA_ENTRANCE_R016,CIKUPA,GATE,PLAZA,ENTRANCE,155.00,-6.20493860,106.52157600
110_CIKUPA_GATE_PLAZA_ENTRANCE_R016,CIKUPA,GATE,PLAZA,ENTRANCE,160.00,-6.20497790,106.52159775
110_CIKUPA_GATE_PLAZA_ENTRANCE_R016,CIKUPA,GATE,PLAZA,ENTRANCE,165.00,-6.20501532,106.52162278
110_CIKUPA_GATE_PLAZA_ENTRANCE_R016,CIKUPA,GATE,PLAZA,ENTRANCE,170.00,-6.20505001,106.52165141
110_CIKUPA_GATE_PLAZA_ENTRANCE_R016,CIKUPA,GATE,PLAZA,ENTRANCE,175.00,-6.20508115,106.52168399
110_CIKUPA_GATE_PLAZA_ENTRANCE_R016,CIKUPA,GATE,PLAZA,ENTRANCE,180.00,-6.20511000,106.52171865
110_CIKUPA_GATE_PLAZA_ENTRANCE_R016,CIKUPA,GATE,PLAZA,ENTRANCE,185.00,-6.20513538,106.52175591
110_CIKUPA_GATE_PLAZA_ENTRANCE_R016,CIKUPA,GATE,PLAZA,ENTRANCE,190.00,-6.20515823,106.52179482
110_CIKUPA_GATE_PLAZA_ENTRANCE_R016,CIKUPA,GATE,PLAZA,ENTRANCE,190.84,-6.20516160,106.52180160
110_CIKUPA_RAMP_B_ON_R017,CIKUPA,RAMP,B,ON,0.00,-6.20390810,106.52209990
110_CIKUPA_RAMP_B_ON_R017,CIKUPA,RAMP,B,ON,5.00,-6.20390052,106.52205532
110_CIKUPA_RAMP_B_ON_R017,CIKUPA,RAMP,B,ON,10.00,-6.20389326,106.52201068
110_CIKUPA_RAMP_B_ON_R017,CIKUPA,RAMP,B,ON,15.00,-6.20388753,106.52196585
110_CIKUPA_RAMP_B_ON_R017,CIKUPA,RAMP,B,ON,20.00,-6.20388475,106.52192081
110_CIKUPA_RAMP_B_ON_R017,CIKUPA,RAMP,B,ON,25.00,-6.20389327,106.52187639
110_CIKUPA_RAMP_B_ON_R017,CIKUPA,RAMP,B,ON,30.00,-6.20390384,106.52183274
110_CIKUPA_RAMP_B_ON_R017,CIKUPA,RAMP,B,ON,35.00,-6.20392592,106.52179334
110_CIKUPA_RAMP_B_ON_R017,CIKUPA,RAMP,B,ON,40.00,-6.20395533,106.52175956
110_CIKUPA_RAMP_B_ON_R017,CIKUPA,RAMP,B,ON,45.00,-6.20398796,106.52172866
110_CIKUPA_RAMP_B_ON_R017,CIKUPA,RAMP,B,ON,50.00,-6.20402768,106.52170747
110_CIKUPA_RAMP_B_ON_R017,CIKUPA,RAMP,B,ON,55.00,-6.20406741,106.52168628
110_CIKUPA_RAMP_B_ON_R017,CIKUPA,RAMP,B,ON,60.00,-6.20410714,106.52166509
110_CIKUPA_RAMP_B_ON_R017,CIKUPA,RAMP,B,ON,65.00,-6.20415013,106.52165188
110_CIKUPA_RAMP_B_ON_R017,CIKUPA,RAMP,B,ON,70.00,-6.20419347,106.52163983
110_CIKUPA_RAMP_B_ON_R017,CIKUPA,RAMP,B,ON,75.00,-6.20423681,106.52162778
110_CIKUPA_RAMP_B_ON_R017,CIKUPA,RAMP,B,ON,80.00,-6.20428015,106.52161573
110_CIKUPA_RAMP_B_ON_R017,CIKUPA,RAMP,B,ON,85.00,-6.20432349,106.52160367
110_CIKUPA_RAMP_B_ON_R017,CIKUPA,RAMP,B,ON,90.00,-6.20436683,106.52159162
110_CIKUPA_RAMP_B_ON_R017,CIKUPA,RAMP,B,ON,95.00,-6.20441017,106.52157957
110_CIKUPA_RAMP_B_ON_R017,CIKUPA,RAMP,B,ON,100.00,-6.20445442,106.52157206
110_CIKUPA_RAMP_B_ON_R017,CIKUPA,RAMP,B,ON,105.00,-6.20449900,106.52156615
110_CIKUPA_RAMP_B_ON_R017,CIKUPA,RAMP,B,ON,110.00,-6.20454353,106.52155990
110_CIKUPA_RAMP_B_ON_R017,CIKUPA,RAMP,B,ON,115.00,-6.20458806,106.52155365
110_CIKUPA_RAMP_B_ON_R017,CIKUPA,RAMP,B,ON,120.00,-6.20463260,106.52154740
110_CIKUPA_RAMP_B_ON_R017,CIKUPA,RAMP,B,ON,125.00,-6.20467713,106.52154115
110_CIKUPA_RAMP_B_ON_R017,CIKUPA,RAMP,B,ON,130.00,-6.20472167,106.52153490
110_CIKUPA_RAMP_B_ON_R017,CIKUPA,RAMP,B,ON,135.00,-6.20476621,106.52152888
110_CIKUPA_RAMP_B_ON_R017,CIKUPA,RAMP,B,ON,140.00,-6.20481091,106.52153302
110_CIKUPA_RAMP_B_ON_R017,CIKUPA,RAMP,B,ON,145.00,-6.20485454,106.52154384
110_CIKUPA_RAMP_B_ON_R017,CIKUPA,RAMP,B,ON,150.00,-6.20489657,106.52155992
110_CIKUPA_RAMP_B_ON_R017,CIKUPA,RAMP,B,ON,155.00,-6.20493860,106.52157600
110_CIKUPA_RAMP_B_ON_R017,CIKUPA,RAMP,B,ON,160.00,-6.20497790,106.52159775
110_CIKUPA_RAMP_B_ON_R017,CIKUPA,RAMP,B,ON,165.00,-6.20501532,106.52162278
110_CIKUPA_RAMP_B_ON_R017,CIKUPA,RAMP,B,ON,170.00,-6.20505001,106.52165141
110_CIKUPA_RAMP_B_ON_R017,CIKUPA,RAMP,B,ON,175.00,-6.20508115,106.52168399
110_CIKUPA_RAMP_B_ON_R017,CIKUPA,RAMP,B,ON,180.00,-6.20511000,106.52171865
110_CIKUPA_RAMP_B_ON_R017,CIKUPA,RAMP,B,ON,185.00,-6.20513538,106.52175591
110_CIKUPA_RAMP_B_ON_R017,CIKUPA,RAMP,B,ON,190.00,-6.20515824,106.52179481
110_CIKUPA_RAMP_B_ON_R017,CIKUPA,RAMP,B,ON,195.00,-6.20517661,106.52183606
110_CIKUPA_RAMP_B_ON_R017,CIKUPA,RAMP,B,ON,200.00,-6.20519156,106.52187870
110_CIKUPA_RAMP_B_ON_R017,CIKUPA,RAMP,B,ON,205.00,-6.20520173,106.52192275
110_CIKUPA_RAMP_B_ON_R017,CIKUPA,RAMP,B,ON,210.00,-6.20521064,106.52196707
110_CIKUPA_RAMP_B_ON_R017,CIKUPA,RAMP,B,ON,215.00,-6.20521513,106.52201198
110_CIKUPA_RAMP_B_ON_R017,CIKUPA,RAMP,B,ON,220.00,-6.20521609,106.52205720
110_CIKUPA_RAMP_B_ON_R017,CIKUPA,RAMP,B,ON,225.00,-6.20521664,106.52210242
110_CIKUPA_RAMP_B_ON_R017,CIKUPA,RAMP,B,ON,230.00,-6.20521719,106.52214765
110_CIKUPA_RAMP_B_ON_R017,CIKUPA,RAMP,B,ON,235.00,-6.20521774,106.52219288
110_CIKUPA_RAMP_B_ON_R017,CIKUPA,RAMP,B,ON,240.00,-6.20521829,106.52223811
110_CIKUPA_RAMP_B_ON_R017,CIKUPA,RAMP,B,ON,245.00,-6.20521889,106.52228333
110_CIKUPA_RAMP_B_ON_R017,CIKUPA,RAMP,B,ON,250.00,-6.20521964,106.52232856
110_CIKUPA_RAMP_B_ON_R017,CIKUPA,RAMP,B,ON,255.00,-6.20522039,106.52237378
110_CIKUPA_RAMP_B_ON_R017,CIKUPA,RAMP,B,ON,260.00,-6.20522115,106.52241901
110_CIKUPA_RAMP_B_ON_R017,CIKUPA,RAMP,B,ON,265.00,-6.20522144,106.52246424
110_CIKUPA_RAMP_B_ON_R017,CIKUPA,RAMP,B,ON,270.00,-6.20522169,106.52250947
110_CIKUPA_RAMP_B_ON_R017,CIKUPA,RAMP,B,ON,275.00,-6.20522165,106.52255470
110_CIKUPA_RAMP_B_ON_R017,CIKUPA,RAMP,B,ON,280.00,-6.20522139,106.52259993
110_CIKUPA_RAMP_B_ON_R017,CIKUPA,RAMP,B,ON,285.00,-6.20522113,106.52264516
110_CIKUPA_RAMP_B_ON_R017,CIKUPA,RAMP,B,ON,290.00,-6.20522087,106.52269039
110_CIKUPA_RAMP_B_ON_R017,CIKUPA,RAMP,B,ON,295.00,-6.20522061,106.52273562
110_CIKUPA_RAMP_B_ON_R017,CIKUPA,RAMP,B,ON,300.00,-6.20522034,106.52278085
110_CIKUPA_RAMP_B_ON_R017,CIKUPA,RAMP,B,ON,305.00,-6.20521940,106.52282607
110_CIKUPA_RAMP_B_ON_R017,CIKUPA,RAMP,B,ON,310.00,-6.20521761,106.52287126
110_CIKUPA_RAMP_B_ON_R017,CIKUPA,RAMP,B,ON,315.00,-6.20521582,106.52291646
110_CIKUPA_RAMP_B_ON_R017,CIKUPA,RAMP,B,ON,320.00,-6.20521404,106.52296165
110_CIKUPA_RAMP_B_ON_R017,CIKUPA,RAMP,B,ON,325.00,-6.20521225,106.52300685
110_CIKUPA_RAMP_B_ON_R017,CIKUPA,RAMP,B,ON,330.00,-6.20521046,106.52305204
110_CIKUPA_RAMP_B_ON_R017,CIKUPA,RAMP,B,ON,335.00,-6.20520863,106.52309724
110_CIKUPA_RAMP_B_ON_R017,CIKUPA,RAMP,B,ON,340.00,-6.20520671,106.52314242
110_CIKUPA_RAMP_B_ON_R017,CIKUPA,RAMP,B,ON,345.00,-6.20520490,106.52318762
110_CIKUPA_RAMP_B_ON_R017,CIKUPA,RAMP,B,ON,345.43,-6.20520480,106.52319150
12_BALARAJA_TIMUR_RAMP_A_OFF_R018,BALARAJA TIMUR,RAMP,A,OFF,0.00,-6.20015280,106.49079850
12_BALARAJA_TIMUR_RAMP_A_OFF_R018,BALARAJA TIMUR,RAMP,A,OFF,5.00,-6.20015734,106.49075350
12_BALARAJA_TIMUR_RAMP_A_OFF_R018,BALARAJA TIMUR,RAMP,A,OFF,10.00,-6.20016187,106.49070850
12_BALARAJA_TIMUR_RAMP_A_OFF_R018,BALARAJA TIMUR,RAMP,A,OFF,15.00,-6.20016641,106.49066350
12_BALARAJA_TIMUR_RAMP_A_OFF_R018,BALARAJA TIMUR,RAMP,A,OFF,20.00,-6.20017095,106.49061850
12_BALARAJA_TIMUR_RAMP_A_OFF_R018,BALARAJA TIMUR,RAMP,A,OFF,25.00,-6.20017548,106.49057350
12_BALARAJA_TIMUR_RAMP_A_OFF_R018,BALARAJA TIMUR,RAMP,A,OFF,30.00,-6.20018002,106.49052850
12_BALARAJA_TIMUR_RAMP_A_OFF_R018,BALARAJA TIMUR,RAMP,A,OFF,35.00,-6.20018419,106.49048347
12_BALARAJA_TIMUR_RAMP_A_OFF_R018,BALARAJA TIMUR,RAMP,A,OFF,40.00,-6.20018650,106.49043830
12_BALARAJA_TIMUR_RAMP_A_OFF_R018,BALARAJA TIMUR,RAMP,A,OFF,45.00,-6.20018881,106.49039313
12_BALARAJA_TIMUR_RAMP_A_OFF_R018,BALARAJA TIMUR,RAMP,A,OFF,50.00,-6.20019112,106.49034796
12_BALARAJA_TIMUR_RAMP_A_OFF_R018,BALARAJA TIMUR,RAMP,A,OFF,55.00,-6.20019343,106.49030279
12_BALARAJA_TIMUR_RAMP_A_OFF_R018,BALARAJA TIMUR,RAMP,A,OFF,60.00,-6.20019573,106.49025762
12_BALARAJA_TIMUR_RAMP_A_OFF_R018,BALARAJA TIMUR,RAMP,A,OFF,65.00,-6.20019804,106.49021245
12_BALARAJA_TIMUR_RAMP_A_OFF_R018,BALARAJA TIMUR,RAMP,A,OFF,70.00,-6.20020035,106.49016728
12_BALARAJA_TIMUR_RAMP_A_OFF_R018,BALARAJA TIMUR,RAMP,A,OFF,75.00,-6.20020266,106.49012210
12_BALARAJA_TIMUR_RAMP_A_OFF_R018,BALARAJA TIMUR,RAMP,A,OFF,80.00,-6.20020497,106.49007693
12_BALARAJA_TIMUR_RAMP_A_OFF_R018,BALARAJA TIMUR,RAMP,A,OFF,85.00,-6.20020728,106.49003176
12_BALARAJA_TIMUR_RAMP_A_OFF_R018,BALARAJA TIMUR,RAMP,A,OFF,90.00,-6.20020959,106.48998659
12_BALARAJA_TIMUR_RAMP_A_OFF_R018,BALARAJA TIMUR,RAMP,A,OFF,95.00,-6.20021189,106.48994142
12_BALARAJA_TIMUR_RAMP_A_OFF_R018,BALARAJA TIMUR,RAMP,A,OFF,100.00,-6.20021420,106.48989625
12_BALARAJA_TIMUR_RAMP_A_OFF_R018,BALARAJA TIMUR,RAMP,A,OFF,105.00,-6.20021653,106.48985108
12_BALARAJA_TIMUR_RAMP_A_OFF_R018,BALARAJA TIMUR,RAMP,A,OFF,110.00,-6.20021886,106.48980591
12_BALARAJA_TIMUR_RAMP_A_OFF_R018,BALARAJA TIMUR,RAMP,A,OFF,115.00,-6.20022231,106.48976083
12_BALARAJA_TIMUR_RAMP_A_OFF_R018,BALARAJA TIMUR,RAMP,A,OFF,120.00,-6.20022704,106.48971585
12_BALARAJA_TIMUR_RAMP_A_OFF_R018,BALARAJA TIMUR,RAMP,A,OFF,125.00,-6.20023178,106.48967087
12_BALARAJA_TIMUR_RAMP_A_OFF_R018,BALARAJA TIMUR,RAMP,A,OFF,130.00,-6.20023652,106.48962589
12_BALARAJA_TIMUR_RAMP_A_OFF_R018,BALARAJA TIMUR,RAMP,A,OFF,135.00,-6.20024125,106.48958091
12_BALARAJA_TIMUR_RAMP_A_OFF_R018,BALARAJA TIMUR,RAMP,A,OFF,140.00,-6.20024599,106.48953593
12_BALARAJA_TIMUR_RAMP_A_OFF_R018,BALARAJA TIMUR,RAMP,A,OFF,145.00,-6.20025073,106.48949095
12_BALARAJA_TIMUR_RAMP_A_OFF_R018,BALARAJA TIMUR,RAMP,A,OFF,150.00,-6.20025546,106.48944598
12_BALARAJA_TIMUR_RAMP_A_OFF_R018,BALARAJA TIMUR,RAMP,A,OFF,155.00,-6.20026020,106.48940100
12_BALARAJA_TIMUR_RAMP_A_OFF_R018,BALARAJA TIMUR,RAMP,A,OFF,160.00,-6.20026493,106.48935602
12_BALARAJA_TIMUR_RAMP_A_OFF_R018,BALARAJA TIMUR,RAMP,A,OFF,165.00,-6.20026967,106.48931104
12_BALARAJA_TIMUR_RAMP_A_OFF_R018,BALARAJA TIMUR,RAMP,A,OFF,170.00,-6.20027441,106.48926606
12_BALARAJA_TIMUR_RAMP_A_OFF_R018,BALARAJA TIMUR,RAMP,A,OFF,175.00,-6.20027914,106.48922108
12_BALARAJA_TIMUR_RAMP_A_OFF_R018,BALARAJA TIMUR,RAMP,A,OFF,180.00,-6.20028388,106.48917610
12_BALARAJA_TIMUR_RAMP_A_OFF_R018,BALARAJA TIMUR,RAMP,A,OFF,185.00,-6.20028862,106.48913112
12_BALARAJA_TIMUR_RAMP_A_OFF_R018,BALARAJA TIMUR,RAMP,A,OFF,190.00,-6.20029335,106.48908614
12_BALARAJA_TIMUR_RAMP_A_OFF_R018,BALARAJA TIMUR,RAMP,A,OFF,195.00,-6.20029809,106.48904116
12_BALARAJA_TIMUR_RAMP_A_OFF_R018,BALARAJA TIMUR,RAMP,A,OFF,200.00,-6.20030282,106.48899618
12_BALARAJA_TIMUR_RAMP_A_OFF_R018,BALARAJA TIMUR,RAMP,A,OFF,205.00,-6.20030756,106.48895121
12_BALARAJA_TIMUR_RAMP_A_OFF_R018,BALARAJA TIMUR,RAMP,A,OFF,210.00,-6.20031230,106.48890623
12_BALARAJA_TIMUR_RAMP_A_OFF_R018,BALARAJA TIMUR,RAMP,A,OFF,215.00,-6.20031703,106.48886125
12_BALARAJA_TIMUR_RAMP_A_OFF_R018,BALARAJA TIMUR,RAMP,A,OFF,220.00,-6.20032177,106.48881627
12_BALARAJA_TIMUR_RAMP_A_OFF_R018,BALARAJA TIMUR,RAMP,A,OFF,225.00,-6.20032650,106.48877129
12_BALARAJA_TIMUR_RAMP_A_OFF_R018,BALARAJA TIMUR,RAMP,A,OFF,230.00,-6.20033124,106.48872631
12_BALARAJA_TIMUR_RAMP_A_OFF_R018,BALARAJA TIMUR,RAMP,A,OFF,235.00,-6.20033597,106.48868133
12_BALARAJA_TIMUR_RAMP_A_OFF_R018,BALARAJA TIMUR,RAMP,A,OFF,240.00,-6.20034071,106.48863635
12_BALARAJA_TIMUR_RAMP_A_OFF_R018,BALARAJA TIMUR,RAMP,A,OFF,245.00,-6.20034545,106.48859137
12_BALARAJA_TIMUR_RAMP_A_OFF_R018,BALARAJA TIMUR,RAMP,A,OFF,250.00,-6.20035020,106.48854640
12_BALARAJA_TIMUR_RAMP_A_OFF_R018,BALARAJA TIMUR,RAMP,A,OFF,255.00,-6.20035495,106.48850142
12_BALARAJA_TIMUR_RAMP_A_OFF_R018,BALARAJA TIMUR,RAMP,A,OFF,260.00,-6.20035970,106.48845644
12_BALARAJA_TIMUR_RAMP_A_OFF_R018,BALARAJA TIMUR,RAMP,A,OFF,265.00,-6.20036444,106.48841146
12_BALARAJA_TIMUR_RAMP_A_OFF_R018,BALARAJA TIMUR,RAMP,A,OFF,270.00,-6.20036918,106.48836648
12_BALARAJA_TIMUR_RAMP_A_OFF_R018,BALARAJA TIMUR,RAMP,A,OFF,275.00,-6.20037392,106.48832150
12_BALARAJA_TIMUR_RAMP_A_OFF_R018,BALARAJA TIMUR,RAMP,A,OFF,280.00,-6.20037866,106.48827653
12_BALARAJA_TIMUR_RAMP_A_OFF_R018,BALARAJA TIMUR,RAMP,A,OFF,285.00,-6.20038340,106.48823155
12_BALARAJA_TIMUR_RAMP_A_OFF_R018,BALARAJA TIMUR,RAMP,A,OFF,290.00,-6.20038814,106.48818657
12_BALARAJA_TIMUR_RAMP_A_OFF_R018,BALARAJA TIMUR,RAMP,A,OFF,295.00,-6.20039288,106.48814159
12_BALARAJA_TIMUR_RAMP_A_OFF_R018,BALARAJA TIMUR,RAMP,A,OFF,300.00,-6.20039822,106.48809670
12_BALARAJA_TIMUR_RAMP_A_OFF_R018,BALARAJA TIMUR,RAMP,A,OFF,305.00,-6.20040644,106.48805223
12_BALARAJA_TIMUR_RAMP_A_OFF_R018,BALARAJA TIMUR,RAMP,A,OFF,310.00,-6.20041466,106.48800776
12_BALARAJA_TIMUR_RAMP_A_OFF_R018,BALARAJA TIMUR,RAMP,A,OFF,315.00,-6.20042288,106.48796329
12_BALARAJA_TIMUR_RAMP_A_OFF_R018,BALARAJA TIMUR,RAMP,A,OFF,320.00,-6.20043110,106.48791882
12_BALARAJA_TIMUR_RAMP_A_OFF_R018,BALARAJA TIMUR,RAMP,A,OFF,325.00,-6.20043931,106.48787436
12_BALARAJA_TIMUR_RAMP_A_OFF_R018,BALARAJA TIMUR,RAMP,A,OFF,330.00,-6.20044753,106.48782989
12_BALARAJA_TIMUR_RAMP_A_OFF_R018,BALARAJA TIMUR,RAMP,A,OFF,335.00,-6.20046214,106.48778729
12_BALARAJA_TIMUR_RAMP_A_OFF_R018,BALARAJA TIMUR,RAMP,A,OFF,340.00,-6.20047890,106.48774531
12_BALARAJA_TIMUR_RAMP_A_OFF_R018,BALARAJA TIMUR,RAMP,A,OFF,345.00,-6.20049566,106.48770334
12_BALARAJA_TIMUR_RAMP_A_OFF_R018,BALARAJA TIMUR,RAMP,A,OFF,350.00,-6.20051241,106.48766137
12_BALARAJA_TIMUR_RAMP_A_OFF_R018,BALARAJA TIMUR,RAMP,A,OFF,355.00,-6.20052917,106.48761940
12_BALARAJA_TIMUR_RAMP_A_OFF_R018,BALARAJA TIMUR,RAMP,A,OFF,360.00,-6.20055147,106.48758031
12_BALARAJA_TIMUR_RAMP_A_OFF_R018,BALARAJA TIMUR,RAMP,A,OFF,365.00,-6.20057588,106.48754233
12_BALARAJA_TIMUR_RAMP_A_OFF_R018,BALARAJA TIMUR,RAMP,A,OFF,370.00,-6.20060030,106.48750434
12_BALARAJA_TIMUR_RAMP_A_OFF_R018,BALARAJA TIMUR,RAMP,A,OFF,375.00,-6.20062781,106.48746860
12_BALARAJA_TIMUR_RAMP_A_OFF_R018,BALARAJA TIMUR,RAMP,A,OFF,380.00,-6.20065576,106.48743316
12_BALARAJA_TIMUR_RAMP_A_OFF_R018,BALARAJA TIMUR,RAMP,A,OFF,385.00,-6.20068370,106.48739773
12_BALARAJA_TIMUR_RAMP_A_OFF_R018,BALARAJA TIMUR,RAMP,A,OFF,390.00,-6.20071841,106.48736909
12_BALARAJA_TIMUR_RAMP_A_OFF_R018,BALARAJA TIMUR,RAMP,A,OFF,395.00,-6.20075365,106.48734099
12_BALARAJA_TIMUR_RAMP_A_OFF_R018,BALARAJA TIMUR,RAMP,A,OFF,400.00,-6.20078888,106.48731289
12_BALARAJA_TIMUR_RAMP_A_OFF_R018,BALARAJA TIMUR,RAMP,A,OFF,405.00,-6.20082439,106.48728519
12_BALARAJA_TIMUR_RAMP_A_OFF_R018,BALARAJA TIMUR,RAMP,A,OFF,410.00,-6.20086286,106.48726176
12_BALARAJA_TIMUR_RAMP_A_OFF_R018,BALARAJA TIMUR,RAMP,A,OFF,415.00,-6.20090132,106.48723833
12_BALARAJA_TIMUR_RAMP_A_OFF_R018,BALARAJA TIMUR,RAMP,A,OFF,420.00,-6.20093978,106.48721490
12_BALARAJA_TIMUR_RAMP_A_OFF_R018,BALARAJA TIMUR,RAMP,A,OFF,425.00,-6.20097824,106.48719147
12_BALARAJA_TIMUR_RAMP_A_OFF_R018,BALARAJA TIMUR,RAMP,A,OFF,430.00,-6.20101915,106.48717285
12_BALARAJA_TIMUR_RAMP_A_OFF_R018,BALARAJA TIMUR,RAMP,A,OFF,435.00,-6.20106057,106.48715523
12_BALARAJA_TIMUR_RAMP_A_OFF_R018,BALARAJA TIMUR,RAMP,A,OFF,440.00,-6.20110198,106.48713761
12_BALARAJA_TIMUR_RAMP_A_OFF_R018,BALARAJA TIMUR,RAMP,A,OFF,445.00,-6.20114339,106.48711999
12_BALARAJA_TIMUR_RAMP_A_OFF_R018,BALARAJA TIMUR,RAMP,A,OFF,450.00,-6.20118481,106.48710237
12_BALARAJA_TIMUR_RAMP_A_OFF_R018,BALARAJA TIMUR,RAMP,A,OFF,455.00,-6.20122738,106.48708897
12_BALARAJA_TIMUR_RAMP_A_OFF_R018,BALARAJA TIMUR,RAMP,A,OFF,460.00,-6.20127191,106.48708270
12_BALARAJA_TIMUR_RAMP_A_OFF_R018,BALARAJA TIMUR,RAMP,A,OFF,465.00,-6.20131644,106.48707642
12_BALARAJA_TIMUR_RAMP_A_OFF_R018,BALARAJA TIMUR,RAMP,A,OFF,470.00,-6.20136097,106.48707014
12_BALARAJA_TIMUR_RAMP_A_OFF_R018,BALARAJA TIMUR,RAMP,A,OFF,475.00,-6.20140551,106.48706389
12_BALARAJA_TIMUR_RAMP_A_OFF_R018,BALARAJA TIMUR,RAMP,A,OFF,480.00,-6.20145015,106.48706066
12_BALARAJA_TIMUR_RAMP_A_OFF_R018,BALARAJA TIMUR,RAMP,A,OFF,485.00,-6.20149503,106.48706357
12_BALARAJA_TIMUR_RAMP_A_OFF_R018,BALARAJA TIMUR,RAMP,A,OFF,490.00,-6.20153990,106.48706647
12_BALARAJA_TIMUR_RAMP_A_OFF_R018,BALARAJA TIMUR,RAMP,A,OFF,495.00,-6.20158477,106.48706938
12_BALARAJA_TIMUR_RAMP_A_OFF_R018,BALARAJA TIMUR,RAMP,A,OFF,500.00,-6.20162965,106.48707229
12_BALARAJA_TIMUR_RAMP_A_OFF_R018,BALARAJA TIMUR,RAMP,A,OFF,505.00,-6.20167452,106.48707520
12_BALARAJA_TIMUR_RAMP_A_OFF_R018,BALARAJA TIMUR,RAMP,A,OFF,510.00,-6.20171939,106.48707807
12_BALARAJA_TIMUR_RAMP_A_OFF_R018,BALARAJA TIMUR,RAMP,A,OFF,515.00,-6.20176432,106.48708006
12_BALARAJA_TIMUR_RAMP_A_OFF_R018,BALARAJA TIMUR,RAMP,A,OFF,520.00,-6.20180924,106.48708205
12_BALARAJA_TIMUR_RAMP_A_OFF_R018,BALARAJA TIMUR,RAMP,A,OFF,525.00,-6.20185416,106.48708404
12_BALARAJA_TIMUR_RAMP_A_OFF_R018,BALARAJA TIMUR,RAMP,A,OFF,530.00,-6.20189908,106.48708603
12_BALARAJA_TIMUR_RAMP_A_OFF_R018,BALARAJA TIMUR,RAMP,A,OFF,535.00,-6.20194401,106.48708795
12_BALARAJA_TIMUR_RAMP_A_OFF_R018,BALARAJA TIMUR,RAMP,A,OFF,540.00,-6.20198894,106.48708985
12_BALARAJA_TIMUR_RAMP_A_OFF_R018,BALARAJA TIMUR,RAMP,A,OFF,545.00,-6.20203386,106.48709176
12_BALARAJA_TIMUR_RAMP_A_OFF_R018,BALARAJA TIMUR,RAMP,A,OFF,550.00,-6.20207879,106.48709361
12_BALARAJA_TIMUR_RAMP_A_OFF_R018,BALARAJA TIMUR,RAMP,A,OFF,555.00,-6.20212373,106.48709522
12_BALARAJA_TIMUR_RAMP_A_OFF_R018,BALARAJA TIMUR,RAMP,A,OFF,560.00,-6.20216866,106.48709684
12_BALARAJA_TIMUR_RAMP_A_OFF_R018,BALARAJA TIMUR,RAMP,A,OFF,565.00,-6.20221360,106.48709847
12_BALARAJA_TIMUR_RAMP_A_OFF_R018,BALARAJA TIMUR,RAMP,A,OFF,570.00,-6.20225854,106.48710009
12_BALARAJA_TIMUR_RAMP_A_OFF_R018,BALARAJA TIMUR,RAMP,A,OFF,575.00,-6.20230348,106.48710172
12_BALARAJA_TIMUR_RAMP_A_OFF_R018,BALARAJA TIMUR,RAMP,A,OFF,580.00,-6.20234841,106.48710334
12_BALARAJA_TIMUR_RAMP_A_OFF_R018,BALARAJA TIMUR,RAMP,A,OFF,585.00,-6.20239335,106.48710486
12_BALARAJA_TIMUR_RAMP_A_OFF_R018,BALARAJA TIMUR,RAMP,A,OFF,590.00,-6.20243830,106.48710632
12_BALARAJA_TIMUR_RAMP_A_OFF_R018,BALARAJA TIMUR,RAMP,A,OFF,595.00,-6.20248315,106.48710590
12_BALARAJA_TIMUR_RAMP_A_OFF_R018,BALARAJA TIMUR,RAMP,A,OFF,600.00,-6.20252777,106.48710027
12_BALARAJA_TIMUR_RAMP_A_OFF_R018,BALARAJA TIMUR,RAMP,A,OFF,605.00,-6.20257238,106.48709463
12_BALARAJA_TIMUR_RAMP_A_OFF_R018,BALARAJA TIMUR,RAMP,A,OFF,610.00,-6.20261716,106.48709310
12_BALARAJA_TIMUR_RAMP_A_OFF_R018,BALARAJA TIMUR,RAMP,A,OFF,615.00,-6.20266208,106.48709517
12_BALARAJA_TIMUR_RAMP_A_OFF_R018,BALARAJA TIMUR,RAMP,A,OFF,620.00,-6.20270700,106.48709724
12_BALARAJA_TIMUR_RAMP_A_OFF_R018,BALARAJA TIMUR,RAMP,A,OFF,625.00,-6.20275192,106.48709930
12_BALARAJA_TIMUR_RAMP_A_OFF_R018,BALARAJA TIMUR,RAMP,A,OFF,626.69,-6.20276710,106.48710000
12_BALARAJA_TIMUR_GATE_INTERCHANGE_OFF_R019,BALARAJA TIMUR,GATE,INTERCHANGE,OFF,0.00,-6.20276710,106.48710000
12_BALARAJA_TIMUR_GATE_INTERCHANGE_OFF_R019,BALARAJA TIMUR,GATE,INTERCHANGE,OFF,5.00,-6.20281199,106.48709941
12_BALARAJA_TIMUR_GATE_INTERCHANGE_OFF_R019,BALARAJA TIMUR,GATE,INTERCHANGE,OFF,10.00,-6.20285684,106.48709621
12_BALARAJA_TIMUR_GATE_INTERCHANGE_OFF_R019,BALARAJA TIMUR,GATE,INTERCHANGE,OFF,15.00,-6.20290170,106.48709302
12_BALARAJA_TIMUR_GATE_INTERCHANGE_OFF_R019,BALARAJA TIMUR,GATE,INTERCHANGE,OFF,20.00,-6.20294655,106.48708982
12_BALARAJA_TIMUR_GATE_INTERCHANGE_OFF_R019,BALARAJA TIMUR,GATE,INTERCHANGE,OFF,25.00,-6.20299111,106.48708478
12_BALARAJA_TIMUR_GATE_INTERCHANGE_OFF_R019,BALARAJA TIMUR,GATE,INTERCHANGE,OFF,30.00,-6.20303478,106.48707398
12_BALARAJA_TIMUR_GATE_INTERCHANGE_OFF_R019,BALARAJA TIMUR,GATE,INTERCHANGE,OFF,35.00,-6.20307845,106.48706318
12_BALARAJA_TIMUR_GATE_INTERCHANGE_OFF_R019,BALARAJA TIMUR,GATE,INTERCHANGE,OFF,40.00,-6.20312071,106.48704800
12_BALARAJA_TIMUR_GATE_INTERCHANGE_OFF_R019,BALARAJA TIMUR,GATE,INTERCHANGE,OFF,45.00,-6.20316240,106.48703107
12_BALARAJA_TIMUR_GATE_INTERCHANGE_OFF_R019,BALARAJA TIMUR,GATE,INTERCHANGE,OFF,50.00,-6.20320410,106.48701414
12_BALARAJA_TIMUR_GATE_INTERCHANGE_OFF_R019,BALARAJA TIMUR,GATE,INTERCHANGE,OFF,55.00,-6.20324517,106.48699573
12_BALARAJA_TIMUR_GATE_INTERCHANGE_OFF_R019,BALARAJA TIMUR,GATE,INTERCHANGE,OFF,60.00,-6.20328617,106.48697715
12_BALARAJA_TIMUR_GATE_INTERCHANGE_OFF_R019,BALARAJA TIMUR,GATE,INTERCHANGE,OFF,65.00,-6.20332717,106.48695857
12_BALARAJA_TIMUR_GATE_INTERCHANGE_OFF_R019,BALARAJA TIMUR,GATE,INTERCHANGE,OFF,70.00,-6.20336700,106.48693799
12_BALARAJA_TIMUR_GATE_INTERCHANGE_OFF_R019,BALARAJA TIMUR,GATE,INTERCHANGE,OFF,75.00,-6.20340331,106.48691131
12_BALARAJA_TIMUR_GATE_INTERCHANGE_OFF_R019,BALARAJA TIMUR,GATE,INTERCHANGE,OFF,80.00,-6.20343962,106.48688463
12_BALARAJA_TIMUR_GATE_INTERCHANGE_OFF_R019,BALARAJA TIMUR,GATE,INTERCHANGE,OFF,85.00,-6.20347593,106.48685795
12_BALARAJA_TIMUR_GATE_INTERCHANGE_OFF_R019,BALARAJA TIMUR,GATE,INTERCHANGE,OFF,90.00,-6.20350881,106.48682727
12_BALARAJA_TIMUR_GATE_INTERCHANGE_OFF_R019,BALARAJA TIMUR,GATE,INTERCHANGE,OFF,95.00,-6.20354033,106.48679501
12_BALARAJA_TIMUR_GATE_INTERCHANGE_OFF_R019,BALARAJA TIMUR,GATE,INTERCHANGE,OFF,100.00,-6.20357185,106.48676275
12_BALARAJA_TIMUR_GATE_INTERCHANGE_OFF_R019,BALARAJA TIMUR,GATE,INTERCHANGE,OFF,105.00,-6.20360313,106.48673027
12_BALARAJA_TIMUR_GATE_INTERCHANGE_OFF_R019,BALARAJA TIMUR,GATE,INTERCHANGE,OFF,110.00,-6.20363381,106.48669720
12_BALARAJA_TIMUR_GATE_INTERCHANGE_OFF_R019,BALARAJA TIMUR,GATE,INTERCHANGE,OFF,115.00,-6.20366449,106.48666413
12_BALARAJA_TIMUR_GATE_INTERCHANGE_OFF_R019,BALARAJA TIMUR,GATE,INTERCHANGE,OFF,120.00,-6.20369474,106.48663073
12_BALARAJA_TIMUR_GATE_INTERCHANGE_OFF_R019,BALARAJA TIMUR,GATE,INTERCHANGE,OFF,125.00,-6.20371951,106.48659298
12_BALARAJA_TIMUR_GATE_INTERCHANGE_OFF_R019,BALARAJA TIMUR,GATE,INTERCHANGE,OFF,130.00,-6.20374434,106.48655527
12_BALARAJA_TIMUR_GATE_INTERCHANGE_OFF_R019,BALARAJA TIMUR,GATE,INTERCHANGE,OFF,135.00,-6.20376917,106.48651756
12_BALARAJA_TIMUR_GATE_INTERCHANGE_OFF_R019,BALARAJA TIMUR,GATE,INTERCHANGE,OFF,140.00,-6.20379399,106.48647984
12_BALARAJA_TIMUR_GATE_INTERCHANGE_OFF_R019,BALARAJA TIMUR,GATE,INTERCHANGE,OFF,145.00,-6.20381760,106.48644141
12_BALARAJA_TIMUR_GATE_INTERCHANGE_OFF_R019,BALARAJA TIMUR,GATE,INTERCHANGE,OFF,150.00,-6.20383822,106.48640122
12_BALARAJA_TIMUR_GATE_INTERCHANGE_OFF_R019,BALARAJA TIMUR,GATE,INTERCHANGE,OFF,153.05,-6.20385080,106.48637670
12_BALARAJA_TIMUR_GATE_PLAZA_EXIT_R020,BALARAJA TIMUR,GATE,PLAZA,EXIT,0.00,-6.20385080,106.48637670
12_BALARAJA_TIMUR_GATE_PLAZA_EXIT_R020,BALARAJA TIMUR,GATE,PLAZA,EXIT,5.00,-6.20387145,106.48633652
12_BALARAJA_TIMUR_GATE_PLAZA_EXIT_R020,BALARAJA TIMUR,GATE,PLAZA,EXIT,10.00,-6.20389209,106.48629634
12_BALARAJA_TIMUR_GATE_PLAZA_EXIT_R020,BALARAJA TIMUR,GATE,PLAZA,EXIT,15.00,-6.20391274,106.48625616
12_BALARAJA_TIMUR_GATE_PLAZA_EXIT_R020,BALARAJA TIMUR,GATE,PLAZA,EXIT,20.00,-6.20393339,106.48621598
12_BALARAJA_TIMUR_GATE_PLAZA_EXIT_R020,BALARAJA TIMUR,GATE,PLAZA,EXIT,25.00,-6.20395403,106.48617580
12_BALARAJA_TIMUR_GATE_PLAZA_EXIT_R020,BALARAJA TIMUR,GATE,PLAZA,EXIT,30.00,-6.20397051,106.48613378
12_BALARAJA_TIMUR_GATE_PLAZA_EXIT_R020,BALARAJA TIMUR,GATE,PLAZA,EXIT,35.00,-6.20398586,106.48609126
12_BALARAJA_TIMUR_GATE_PLAZA_EXIT_R020,BALARAJA TIMUR,GATE,PLAZA,EXIT,40.00,-6.20400122,106.48604875
12_BALARAJA_TIMUR_GATE_PLAZA_EXIT_R020,BALARAJA TIMUR,GATE,PLAZA,EXIT,45.00,-6.20401657,106.48600624
12_BALARAJA_TIMUR_GATE_PLAZA_EXIT_R020,BALARAJA TIMUR,GATE,PLAZA,EXIT,50.00,-6.20403172,106.48596365
12_BALARAJA_TIMUR_GATE_PLAZA_EXIT_R020,BALARAJA TIMUR,GATE,PLAZA,EXIT,55.00,-6.20404689,106.48592107
12_BALARAJA_TIMUR_GATE_PLAZA_EXIT_R020,BALARAJA TIMUR,GATE,PLAZA,EXIT,60.00,-6.20406205,106.48587849
12_BALARAJA_TIMUR_GATE_PLAZA_EXIT_R020,BALARAJA TIMUR,GATE,PLAZA,EXIT,65.00,-6.20407721,106.48583591
12_BALARAJA_TIMUR_GATE_PLAZA_EXIT_R020,BALARAJA TIMUR,GATE,PLAZA,EXIT,70.00,-6.20409264,106.48579342
12_BALARAJA_TIMUR_GATE_PLAZA_EXIT_R020,BALARAJA TIMUR,GATE,PLAZA,EXIT,75.00,-6.20410814,106.48575096
12_BALARAJA_TIMUR_GATE_PLAZA_EXIT_R020,BALARAJA TIMUR,GATE,PLAZA,EXIT,80.00,-6.20412363,106.48570850
12_BALARAJA_TIMUR_GATE_PLAZA_EXIT_R020,BALARAJA TIMUR,GATE,PLAZA,EXIT,85.00,-6.20413684,106.48566528
12_BALARAJA_TIMUR_GATE_PLAZA_EXIT_R020,BALARAJA TIMUR,GATE,PLAZA,EXIT,90.00,-6.20414971,106.48562194
12_BALARAJA_TIMUR_GATE_PLAZA_EXIT_R020,BALARAJA TIMUR,GATE,PLAZA,EXIT,95.00,-6.20416258,106.48557860
12_BALARAJA_TIMUR_GATE_PLAZA_EXIT_R020,BALARAJA TIMUR,GATE,PLAZA,EXIT,100.00,-6.20417545,106.48553526
12_BALARAJA_TIMUR_GATE_PLAZA_EXIT_R020,BALARAJA TIMUR,GATE,PLAZA,EXIT,105.00,-6.20418831,106.48549192
12_BALARAJA_TIMUR_GATE_PLAZA_EXIT_R020,BALARAJA TIMUR,GATE,PLAZA,EXIT,110.00,-6.20420118,106.48544858
12_BALARAJA_TIMUR_GATE_PLAZA_EXIT_R020,BALARAJA TIMUR,GATE,PLAZA,EXIT,115.00,-6.20421405,106.48540524
12_BALARAJA_TIMUR_GATE_PLAZA_EXIT_R020,BALARAJA TIMUR,GATE,PLAZA,EXIT,120.00,-6.20422691,106.48536190
12_BALARAJA_TIMUR_GATE_PLAZA_EXIT_R020,BALARAJA TIMUR,GATE,PLAZA,EXIT,125.00,-6.20423978,106.48531856
12_BALARAJA_TIMUR_GATE_PLAZA_EXIT_R020,BALARAJA TIMUR,GATE,PLAZA,EXIT,130.00,-6.20425265,106.48527522
12_BALARAJA_TIMUR_GATE_PLAZA_EXIT_R020,BALARAJA TIMUR,GATE,PLAZA,EXIT,135.00,-6.20426551,106.48523188
12_BALARAJA_TIMUR_GATE_PLAZA_EXIT_R020,BALARAJA TIMUR,GATE,PLAZA,EXIT,140.00,-6.20427792,106.48518841
12_BALARAJA_TIMUR_GATE_PLAZA_EXIT_R020,BALARAJA TIMUR,GATE,PLAZA,EXIT,145.00,-6.20428940,106.48514468
12_BALARAJA_TIMUR_GATE_PLAZA_EXIT_R020,BALARAJA TIMUR,GATE,PLAZA,EXIT,150.00,-6.20430027,106.48510079
12_BALARAJA_TIMUR_GATE_PLAZA_EXIT_R020,BALARAJA TIMUR,GATE,PLAZA,EXIT,155.00,-6.20431113,106.48505690
12_BALARAJA_TIMUR_GATE_PLAZA_EXIT_R020,BALARAJA TIMUR,GATE,PLAZA,EXIT,160.00,-6.20432199,106.48501301
12_BALARAJA_TIMUR_GATE_PLAZA_EXIT_R020,BALARAJA TIMUR,GATE,PLAZA,EXIT,165.00,-6.20433427,106.48496951
12_BALARAJA_TIMUR_GATE_PLAZA_EXIT_R020,BALARAJA TIMUR,GATE,PLAZA,EXIT,170.00,-6.20434756,106.48492630
12_BALARAJA_TIMUR_GATE_PLAZA_EXIT_R020,BALARAJA TIMUR,GATE,PLAZA,EXIT,175.00,-6.20436085,106.48488309
12_BALARAJA_TIMUR_GATE_PLAZA_EXIT_R020,BALARAJA TIMUR,GATE,PLAZA,EXIT,180.00,-6.20437413,106.48483988
12_BALARAJA_TIMUR_GATE_PLAZA_EXIT_R020,BALARAJA TIMUR,GATE,PLAZA,EXIT,185.00,-6.20438742,106.48479667
12_BALARAJA_TIMUR_GATE_PLAZA_EXIT_R020,BALARAJA TIMUR,GATE,PLAZA,EXIT,190.00,-6.20440070,106.48475345
12_BALARAJA_TIMUR_GATE_PLAZA_EXIT_R020,BALARAJA TIMUR,GATE,PLAZA,EXIT,195.00,-6.20441346,106.48471008
12_BALARAJA_TIMUR_GATE_PLAZA_EXIT_R020,BALARAJA TIMUR,GATE,PLAZA,EXIT,200.00,-6.20442581,106.48466659
12_BALARAJA_TIMUR_GATE_PLAZA_EXIT_R020,BALARAJA TIMUR,GATE,PLAZA,EXIT,205.00,-6.20443816,106.48462310
12_BALARAJA_TIMUR_GATE_PLAZA_EXIT_R020,BALARAJA TIMUR,GATE,PLAZA,EXIT,210.00,-6.20445052,106.48457961
12_BALARAJA_TIMUR_GATE_PLAZA_EXIT_R020,BALARAJA TIMUR,GATE,PLAZA,EXIT,215.00,-6.20446289,106.48453613
12_BALARAJA_TIMUR_GATE_PLAZA_EXIT_R020,BALARAJA TIMUR,GATE,PLAZA,EXIT,220.00,-6.20447525,106.48449264
12_BALARAJA_TIMUR_GATE_PLAZA_EXIT_R020,BALARAJA TIMUR,GATE,PLAZA,EXIT,225.00,-6.20448761,106.48444915
12_BALARAJA_TIMUR_GATE_PLAZA_EXIT_R020,BALARAJA TIMUR,GATE,PLAZA,EXIT,230.00,-6.20449998,106.48440566
12_BALARAJA_TIMUR_GATE_PLAZA_EXIT_R020,BALARAJA TIMUR,GATE,PLAZA,EXIT,235.00,-6.20451234,106.48436217
12_BALARAJA_TIMUR_GATE_PLAZA_EXIT_R020,BALARAJA TIMUR,GATE,PLAZA,EXIT,240.00,-6.20452310,106.48431833
12_BALARAJA_TIMUR_GATE_PLAZA_EXIT_R020,BALARAJA TIMUR,GATE,PLAZA,EXIT,245.00,-6.20452980,106.48427361
12_BALARAJA_TIMUR_GATE_PLAZA_EXIT_R020,BALARAJA TIMUR,GATE,PLAZA,EXIT,250.00,-6.20453650,106.48422888
12_BALARAJA_TIMUR_GATE_PLAZA_EXIT_R020,BALARAJA TIMUR,GATE,PLAZA,EXIT,255.00,-6.20454320,106.48418416
12_BALARAJA_TIMUR_GATE_PLAZA_EXIT_R020,BALARAJA TIMUR,GATE,PLAZA,EXIT,260.00,-6.20454990,106.48413943
12_BALARAJA_TIMUR_GATE_PLAZA_EXIT_R020,BALARAJA TIMUR,GATE,PLAZA,EXIT,265.00,-6.20455660,106.48409470
12_BALARAJA_TIMUR_GATE_PLAZA_EXIT_R020,BALARAJA TIMUR,GATE,PLAZA,EXIT,270.00,-6.20456330,106.48404998
12_BALARAJA_TIMUR_GATE_PLAZA_EXIT_R020,BALARAJA TIMUR,GATE,PLAZA,EXIT,275.00,-6.20457000,106.48400525
12_BALARAJA_TIMUR_GATE_PLAZA_EXIT_R020,BALARAJA TIMUR,GATE,PLAZA,EXIT,280.00,-6.20457632,106.48396050
12_BALARAJA_TIMUR_GATE_PLAZA_EXIT_R020,BALARAJA TIMUR,GATE,PLAZA,EXIT,285.00,-6.20457664,106.48391527
12_BALARAJA_TIMUR_GATE_PLAZA_EXIT_R020,BALARAJA TIMUR,GATE,PLAZA,EXIT,290.00,-6.20457698,106.48387004
12_BALARAJA_TIMUR_GATE_PLAZA_EXIT_R020,BALARAJA TIMUR,GATE,PLAZA,EXIT,295.00,-6.20457736,106.48382481
12_BALARAJA_TIMUR_GATE_PLAZA_EXIT_R020,BALARAJA TIMUR,GATE,PLAZA,EXIT,300.00,-6.20457452,106.48377987
12_BALARAJA_TIMUR_GATE_PLAZA_EXIT_R020,BALARAJA TIMUR,GATE,PLAZA,EXIT,305.00,-6.20456613,106.48373543
12_BALARAJA_TIMUR_GATE_PLAZA_EXIT_R020,BALARAJA TIMUR,GATE,PLAZA,EXIT,310.00,-6.20455774,106.48369099
12_BALARAJA_TIMUR_GATE_PLAZA_EXIT_R020,BALARAJA TIMUR,GATE,PLAZA,EXIT,315.00,-6.20454936,106.48364656
12_BALARAJA_TIMUR_GATE_PLAZA_EXIT_R020,BALARAJA TIMUR,GATE,PLAZA,EXIT,320.00,-6.20454097,106.48360212
12_BALARAJA_TIMUR_GATE_PLAZA_EXIT_R020,BALARAJA TIMUR,GATE,PLAZA,EXIT,325.00,-6.20452977,106.48355839
12_BALARAJA_TIMUR_GATE_PLAZA_EXIT_R020,BALARAJA TIMUR,GATE,PLAZA,EXIT,330.00,-6.20451649,106.48351517
12_BALARAJA_TIMUR_GATE_PLAZA_EXIT_R020,BALARAJA TIMUR,GATE,PLAZA,EXIT,335.00,-6.20450321,106.48347196
12_BALARAJA_TIMUR_GATE_PLAZA_EXIT_R020,BALARAJA TIMUR,GATE,PLAZA,EXIT,340.00,-6.20448993,106.48342875
12_BALARAJA_TIMUR_GATE_PLAZA_EXIT_R020,BALARAJA TIMUR,GATE,PLAZA,EXIT,345.00,-6.20447618,106.48338572
12_BALARAJA_TIMUR_GATE_PLAZA_EXIT_R020,BALARAJA TIMUR,GATE,PLAZA,EXIT,350.00,-6.20445563,106.48334550
12_BALARAJA_TIMUR_GATE_PLAZA_EXIT_R020,BALARAJA TIMUR,GATE,PLAZA,EXIT,355.00,-6.20443507,106.48330527
12_BALARAJA_TIMUR_GATE_PLAZA_EXIT_R020,BALARAJA TIMUR,GATE,PLAZA,EXIT,360.00,-6.20441452,106.48326504
12_BALARAJA_TIMUR_GATE_PLAZA_EXIT_R020,BALARAJA TIMUR,GATE,PLAZA,EXIT,365.00,-6.20439396,106.48322481
12_BALARAJA_TIMUR_GATE_PLAZA_EXIT_R020,BALARAJA TIMUR,GATE,PLAZA,EXIT,370.00,-6.20437231,106.48318518
12_BALARAJA_TIMUR_GATE_PLAZA_EXIT_R020,BALARAJA TIMUR,GATE,PLAZA,EXIT,375.00,-6.20434971,106.48314608
12_BALARAJA_TIMUR_GATE_PLAZA_EXIT_R020,BALARAJA TIMUR,GATE,PLAZA,EXIT,380.00,-6.20432712,106.48310698
12_BALARAJA_TIMUR_GATE_PLAZA_EXIT_R020,BALARAJA TIMUR,GATE,PLAZA,EXIT,385.00,-6.20430452,106.48306787
12_BALARAJA_TIMUR_GATE_PLAZA_EXIT_R020,BALARAJA TIMUR,GATE,PLAZA,EXIT,390.00,-6.20428490,106.48302723
12_BALARAJA_TIMUR_GATE_PLAZA_EXIT_R020,BALARAJA TIMUR,GATE,PLAZA,EXIT,394.48,-6.20426850,106.48299020
12_BALARAJA_TIMUR_ACCESS_EXIT_R021,BALARAJA TIMUR,ACCESS,-,EXIT,0.00,-6.20426850,106.48299020
12_BALARAJA_TIMUR_ACCESS_EXIT_R021,BALARAJA TIMUR,ACCESS,-,EXIT,5.00,-6.20425017,106.48294890
12_BALARAJA_TIMUR_ACCESS_EXIT_R021,BALARAJA TIMUR,ACCESS,-,EXIT,10.00,-6.20423184,106.48290760
12_BALARAJA_TIMUR_ACCESS_EXIT_R021,BALARAJA TIMUR,ACCESS,-,EXIT,15.00,-6.20421002,106.48286815
12_BALARAJA_TIMUR_ACCESS_EXIT_R021,BALARAJA TIMUR,ACCESS,-,EXIT,20.00,-6.20418670,106.48282950
12_BALARAJA_TIMUR_ACCESS_EXIT_R021,BALARAJA TIMUR,ACCESS,-,EXIT,25.00,-6.20416527,106.48278973
12_BALARAJA_TIMUR_ACCESS_EXIT_R021,BALARAJA TIMUR,ACCESS,-,EXIT,30.00,-6.20414384,106.48274996
12_BALARAJA_TIMUR_ACCESS_EXIT_R021,BALARAJA TIMUR,ACCESS,-,EXIT,35.00,-6.20412242,106.48271020
12_BALARAJA_TIMUR_ACCESS_EXIT_R021,BALARAJA TIMUR,ACCESS,-,EXIT,40.00,-6.20410099,106.48267043
12_BALARAJA_TIMUR_ACCESS_EXIT_R021,BALARAJA TIMUR,ACCESS,-,EXIT,45.00,-6.20407957,106.48263066
12_BALARAJA_TIMUR_ACCESS_EXIT_R021,BALARAJA TIMUR,ACCESS,-,EXIT,50.00,-6.20405814,106.48259090
12_BALARAJA_TIMUR_ACCESS_EXIT_R021,BALARAJA TIMUR,ACCESS,-,EXIT,55.00,-6.20403682,106.48255108
12_BALARAJA_TIMUR_ACCESS_EXIT_R021,BALARAJA TIMUR,ACCESS,-,EXIT,60.00,-6.20401868,106.48250969
12_BALARAJA_TIMUR_ACCESS_EXIT_R021,BALARAJA TIMUR,ACCESS,-,EXIT,65.00,-6.20400054,106.48246830
12_BALARAJA_TIMUR_ACCESS_EXIT_R021,BALARAJA TIMUR,ACCESS,-,EXIT,70.00,-6.20398359,106.48242642
12_BALARAJA_TIMUR_ACCESS_EXIT_R021,BALARAJA TIMUR,ACCESS,-,EXIT,75.00,-6.20396730,106.48238426
12_BALARAJA_TIMUR_ACCESS_EXIT_R021,BALARAJA TIMUR,ACCESS,-,EXIT,80.00,-6.20395100,106.48234211
12_BALARAJA_TIMUR_ACCESS_EXIT_R021,BALARAJA TIMUR,ACCESS,-,EXIT,85.00,-6.20393471,106.48229995
12_BALARAJA_TIMUR_ACCESS_EXIT_R021,BALARAJA TIMUR,ACCESS,-,EXIT,90.00,-6.20391926,106.48225754
12_BALARAJA_TIMUR_ACCESS_EXIT_R021,BALARAJA TIMUR,ACCESS,-,EXIT,95.00,-6.20390961,106.48221336
12_BALARAJA_TIMUR_ACCESS_EXIT_R021,BALARAJA TIMUR,ACCESS,-,EXIT,100.00,-6.20389996,106.48216918
12_BALARAJA_TIMUR_ACCESS_EXIT_R021,BALARAJA TIMUR,ACCESS,-,EXIT,105.00,-6.20389031,106.48212501
12_BALARAJA_TIMUR_ACCESS_EXIT_R021,BALARAJA TIMUR,ACCESS,-,EXIT,110.00,-6.20388064,106.48208083
12_BALARAJA_TIMUR_ACCESS_EXIT_R021,BALARAJA TIMUR,ACCESS,-,EXIT,115.00,-6.20387734,106.48203583
12_BALARAJA_TIMUR_ACCESS_EXIT_R021,BALARAJA TIMUR,ACCESS,-,EXIT,120.00,-6.20387545,106.48199064
12_BALARAJA_TIMUR_ACCESS_EXIT_R021,BALARAJA TIMUR,ACCESS,-,EXIT,125.00,-6.20387355,106.48194544
12_BALARAJA_TIMUR_ACCESS_EXIT_R021,BALARAJA TIMUR,ACCESS,-,EXIT,130.00,-6.20387165,106.48190025
12_BALARAJA_TIMUR_ACCESS_EXIT_R021,BALARAJA TIMUR,ACCESS,-,EXIT,135.00,-6.20387194,106.48185520
12_BALARAJA_TIMUR_ACCESS_EXIT_R021,BALARAJA TIMUR,ACCESS,-,EXIT,140.00,-6.20387941,106.48181060
12_BALARAJA_TIMUR_ACCESS_EXIT_R021,BALARAJA TIMUR,ACCESS,-,EXIT,145.00,-6.20388688,106.48176599
12_BALARAJA_TIMUR_ACCESS_EXIT_R021,BALARAJA TIMUR,ACCESS,-,EXIT,150.00,-6.20389435,106.48172139
12_BALARAJA_TIMUR_ACCESS_EXIT_R021,BALARAJA TIMUR,ACCESS,-,EXIT,155.00,-6.20390181,106.48167679
12_BALARAJA_TIMUR_ACCESS_EXIT_R021,BALARAJA TIMUR,ACCESS,-,EXIT,160.00,-6.20390928,106.48163219
12_BALARAJA_TIMUR_ACCESS_EXIT_R021,BALARAJA TIMUR,ACCESS,-,EXIT,165.00,-6.20391675,106.48158758
12_BALARAJA_TIMUR_ACCESS_EXIT_R021,BALARAJA TIMUR,ACCESS,-,EXIT,170.00,-6.20392905,106.48154409
12_BALARAJA_TIMUR_ACCESS_EXIT_R021,BALARAJA TIMUR,ACCESS,-,EXIT,175.00,-6.20394165,106.48150068
12_BALARAJA_TIMUR_ACCESS_EXIT_R021,BALARAJA TIMUR,ACCESS,-,EXIT,180.00,-6.20395425,106.48145726
12_BALARAJA_TIMUR_ACCESS_EXIT_R021,BALARAJA TIMUR,ACCESS,-,EXIT,185.00,-6.20396686,106.48141384
12_BALARAJA_TIMUR_ACCESS_EXIT_R021,BALARAJA TIMUR,ACCESS,-,EXIT,190.00,-6.20397946,106.48137042
12_BALARAJA_TIMUR_ACCESS_EXIT_R021,BALARAJA TIMUR,ACCESS,-,EXIT,195.00,-6.20399207,106.48132701
12_BALARAJA_TIMUR_ACCESS_EXIT_R021,BALARAJA TIMUR,ACCESS,-,EXIT,200.00,-6.20400467,106.48128359
12_BALARAJA_TIMUR_ACCESS_EXIT_R021,BALARAJA TIMUR,ACCESS,-,EXIT,205.00,-6.20401728,106.48124017
12_BALARAJA_TIMUR_ACCESS_EXIT_R021,BALARAJA TIMUR,ACCESS,-,EXIT,210.00,-6.20402988,106.48119675
12_BALARAJA_TIMUR_ACCESS_EXIT_R021,BALARAJA TIMUR,ACCESS,-,EXIT,215.00,-6.20404248,106.48115334
12_BALARAJA_TIMUR_ACCESS_EXIT_R021,BALARAJA TIMUR,ACCESS,-,EXIT,220.00,-6.20405509,106.48110992
12_BALARAJA_TIMUR_ACCESS_EXIT_R021,BALARAJA TIMUR,ACCESS,-,EXIT,222.66,-6.20406180,106.48108680
12_BALARAJA_TIMUR_ACCESS_ENTRANCE_R022,BALARAJA TIMUR,ACCESS,-,ENTRANCE,0.00,-6.20392080,106.48115400
12_BALARAJA_TIMUR_ACCESS_ENTRANCE_R022,BALARAJA TIMUR,ACCESS,-,ENTRANCE,5.00,-6.20390781,106.48119730
12_BALARAJA_TIMUR_ACCESS_ENTRANCE_R022,BALARAJA TIMUR,ACCESS,-,ENTRANCE,10.00,-6.20389482,106.48124060
12_BALARAJA_TIMUR_ACCESS_ENTRANCE_R022,BALARAJA TIMUR,ACCESS,-,ENTRANCE,15.00,-6.20388183,106.48128391
12_BALARAJA_TIMUR_ACCESS_ENTRANCE_R022,BALARAJA TIMUR,ACCESS,-,ENTRANCE,20.00,-6.20386883,106.48132721
12_BALARAJA_TIMUR_ACCESS_ENTRANCE_R022,BALARAJA TIMUR,ACCESS,-,ENTRANCE,25.00,-6.20385584,106.48137051
12_BALARAJA_TIMUR_ACCESS_ENTRANCE_R022,BALARAJA TIMUR,ACCESS,-,ENTRANCE,30.00,-6.20384285,106.48141381
12_BALARAJA_TIMUR_ACCESS_ENTRANCE_R022,BALARAJA TIMUR,ACCESS,-,ENTRANCE,35.00,-6.20382986,106.48145711
12_BALARAJA_TIMUR_ACCESS_ENTRANCE_R022,BALARAJA TIMUR,ACCESS,-,ENTRANCE,40.00,-6.20381687,106.48150042
12_BALARAJA_TIMUR_ACCESS_ENTRANCE_R022,BALARAJA TIMUR,ACCESS,-,ENTRANCE,45.00,-6.20380388,106.48154372
12_BALARAJA_TIMUR_ACCESS_ENTRANCE_R022,BALARAJA TIMUR,ACCESS,-,ENTRANCE,50.00,-6.20379088,106.48158702
12_BALARAJA_TIMUR_ACCESS_ENTRANCE_R022,BALARAJA TIMUR,ACCESS,-,ENTRANCE,55.00,-6.20378590,106.48163191
12_BALARAJA_TIMUR_ACCESS_ENTRANCE_R022,BALARAJA TIMUR,ACCESS,-,ENTRANCE,60.00,-6.20378157,106.48167693
12_BALARAJA_TIMUR_ACCESS_ENTRANCE_R022,BALARAJA TIMUR,ACCESS,-,ENTRANCE,65.00,-6.20377724,106.48172195
12_BALARAJA_TIMUR_ACCESS_ENTRANCE_R022,BALARAJA TIMUR,ACCESS,-,ENTRANCE,70.00,-6.20377291,106.48176697
12_BALARAJA_TIMUR_ACCESS_ENTRANCE_R022,BALARAJA TIMUR,ACCESS,-,ENTRANCE,75.00,-6.20376858,106.48181199
12_BALARAJA_TIMUR_ACCESS_ENTRANCE_R022,BALARAJA TIMUR,ACCESS,-,ENTRANCE,80.00,-6.20377052,106.48185716
12_BALARAJA_TIMUR_ACCESS_ENTRANCE_R022,BALARAJA TIMUR,ACCESS,-,ENTRANCE,85.00,-6.20377273,106.48190234
12_BALARAJA_TIMUR_ACCESS_ENTRANCE_R022,BALARAJA TIMUR,ACCESS,-,ENTRANCE,90.00,-6.20377494,106.48194752
12_BALARAJA_TIMUR_ACCESS_ENTRANCE_R022,BALARAJA TIMUR,ACCESS,-,ENTRANCE,95.00,-6.20377699,106.48199270
12_BALARAJA_TIMUR_ACCESS_ENTRANCE_R022,BALARAJA TIMUR,ACCESS,-,ENTRANCE,100.00,-6.20378493,106.48203709
12_BALARAJA_TIMUR_ACCESS_ENTRANCE_R022,BALARAJA TIMUR,ACCESS,-,ENTRANCE,105.00,-6.20379484,106.48208120
12_BALARAJA_TIMUR_ACCESS_ENTRANCE_R022,BALARAJA TIMUR,ACCESS,-,ENTRANCE,110.00,-6.20380473,106.48212533
12_BALARAJA_TIMUR_ACCESS_ENTRANCE_R022,BALARAJA TIMUR,ACCESS,-,ENTRANCE,115.00,-6.20381525,106.48216926
12_BALARAJA_TIMUR_ACCESS_ENTRANCE_R022,BALARAJA TIMUR,ACCESS,-,ENTRANCE,120.00,-6.20382916,106.48221227
12_BALARAJA_TIMUR_ACCESS_ENTRANCE_R022,BALARAJA TIMUR,ACCESS,-,ENTRANCE,125.00,-6.20384306,106.48225529
12_BALARAJA_TIMUR_ACCESS_ENTRANCE_R022,BALARAJA TIMUR,ACCESS,-,ENTRANCE,130.00,-6.20385718,106.48229823
12_BALARAJA_TIMUR_ACCESS_ENTRANCE_R022,BALARAJA TIMUR,ACCESS,-,ENTRANCE,135.00,-6.20387360,106.48234033
12_BALARAJA_TIMUR_ACCESS_ENTRANCE_R022,BALARAJA TIMUR,ACCESS,-,ENTRANCE,140.00,-6.20389003,106.48238244
12_BALARAJA_TIMUR_ACCESS_ENTRANCE_R022,BALARAJA TIMUR,ACCESS,-,ENTRANCE,145.00,-6.20390646,106.48242454
12_BALARAJA_TIMUR_ACCESS_ENTRANCE_R022,BALARAJA TIMUR,ACCESS,-,ENTRANCE,150.00,-6.20392288,106.48246665
12_BALARAJA_TIMUR_ACCESS_ENTRANCE_R022,BALARAJA TIMUR,ACCESS,-,ENTRANCE,155.00,-6.20393931,106.48250875
12_BALARAJA_TIMUR_ACCESS_ENTRANCE_R022,BALARAJA TIMUR,ACCESS,-,ENTRANCE,160.00,-6.20395574,106.48255086
12_BALARAJA_TIMUR_ACCESS_ENTRANCE_R022,BALARAJA TIMUR,ACCESS,-,ENTRANCE,165.00,-6.20397216,106.48259296
12_BALARAJA_TIMUR_ACCESS_ENTRANCE_R022,BALARAJA TIMUR,ACCESS,-,ENTRANCE,170.00,-6.20398810,106.48263525
12_BALARAJA_TIMUR_ACCESS_ENTRANCE_R022,BALARAJA TIMUR,ACCESS,-,ENTRANCE,175.00,-6.20400336,106.48267774
12_BALARAJA_TIMUR_ACCESS_ENTRANCE_R022,BALARAJA TIMUR,ACCESS,-,ENTRANCE,180.00,-6.20402479,106.48271750
12_BALARAJA_TIMUR_ACCESS_ENTRANCE_R022,BALARAJA TIMUR,ACCESS,-,ENTRANCE,185.00,-6.20404623,106.48275726
12_BALARAJA_TIMUR_ACCESS_ENTRANCE_R022,BALARAJA TIMUR,ACCESS,-,ENTRANCE,190.00,-6.20406767,106.48279702
12_BALARAJA_TIMUR_ACCESS_ENTRANCE_R022,BALARAJA TIMUR,ACCESS,-,ENTRANCE,195.00,-6.20408911,106.48283678
12_BALARAJA_TIMUR_ACCESS_ENTRANCE_R022,BALARAJA TIMUR,ACCESS,-,ENTRANCE,200.00,-6.20411055,106.48287654
12_BALARAJA_TIMUR_ACCESS_ENTRANCE_R022,BALARAJA TIMUR,ACCESS,-,ENTRANCE,205.00,-6.20413198,106.48291630
12_BALARAJA_TIMUR_ACCESS_ENTRANCE_R022,BALARAJA TIMUR,ACCESS,-,ENTRANCE,210.00,-6.20415342,106.48295606
12_BALARAJA_TIMUR_ACCESS_ENTRANCE_R022,BALARAJA TIMUR,ACCESS,-,ENTRANCE,215.00,-6.20417871,106.48299334
12_BALARAJA_TIMUR_ACCESS_ENTRANCE_R022,BALARAJA TIMUR,ACCESS,-,ENTRANCE,220.00,-6.20420108,106.48303258
12_BALARAJA_TIMUR_ACCESS_ENTRANCE_R022,BALARAJA TIMUR,ACCESS,-,ENTRANCE,224.36,-6.20422060,106.48306680
12_BALARAJA_TIMUR_GATE_PLAZA_ENTRANCE_R023,BALARAJA TIMUR,GATE,PLAZA,ENTRANCE,0.00,-6.20422060,106.48306680
12_BALARAJA_TIMUR_GATE_PLAZA_ENTRANCE_R023,BALARAJA TIMUR,GATE,PLAZA,ENTRANCE,5.00,-6.20424295,106.48310605
12_BALARAJA_TIMUR_GATE_PLAZA_ENTRANCE_R023,BALARAJA TIMUR,GATE,PLAZA,ENTRANCE,10.00,-6.20426530,106.48314530
12_BALARAJA_TIMUR_GATE_PLAZA_ENTRANCE_R023,BALARAJA TIMUR,GATE,PLAZA,ENTRANCE,15.00,-6.20428726,106.48318476
12_BALARAJA_TIMUR_GATE_PLAZA_ENTRANCE_R023,BALARAJA TIMUR,GATE,PLAZA,ENTRANCE,20.00,-6.20430901,106.48322435
12_BALARAJA_TIMUR_GATE_PLAZA_ENTRANCE_R023,BALARAJA TIMUR,GATE,PLAZA,ENTRANCE,25.00,-6.20433075,106.48326395
12_BALARAJA_TIMUR_GATE_PLAZA_ENTRANCE_R023,BALARAJA TIMUR,GATE,PLAZA,ENTRANCE,30.00,-6.20435249,106.48330354
12_BALARAJA_TIMUR_GATE_PLAZA_ENTRANCE_R023,BALARAJA TIMUR,GATE,PLAZA,ENTRANCE,35.00,-6.20437175,106.48334426
12_BALARAJA_TIMUR_GATE_PLAZA_ENTRANCE_R023,BALARAJA TIMUR,GATE,PLAZA,ENTRANCE,40.00,-6.20438676,106.48338689
12_BALARAJA_TIMUR_GATE_PLAZA_ENTRANCE_R023,BALARAJA TIMUR,GATE,PLAZA,ENTRANCE,45.00,-6.20440177,106.48342953
12_BALARAJA_TIMUR_GATE_PLAZA_ENTRANCE_R023,BALARAJA TIMUR,GATE,PLAZA,ENTRANCE,50.00,-6.20441678,106.48347217
12_BALARAJA_TIMUR_GATE_PLAZA_ENTRANCE_R023,BALARAJA TIMUR,GATE,PLAZA,ENTRANCE,55.00,-6.20443179,106.48351480
12_BALARAJA_TIMUR_GATE_PLAZA_ENTRANCE_R023,BALARAJA TIMUR,GATE,PLAZA,ENTRANCE,60.00,-6.20444680,106.48355744
12_BALARAJA_TIMUR_GATE_PLAZA_ENTRANCE_R023,BALARAJA TIMUR,GATE,PLAZA,ENTRANCE,65.00,-6.20445793,106.48360106
12_BALARAJA_TIMUR_GATE_PLAZA_ENTRANCE_R023,BALARAJA TIMUR,GATE,PLAZA,ENTRANCE,70.00,-6.20446485,106.48364575
12_BALARAJA_TIMUR_GATE_PLAZA_ENTRANCE_R023,BALARAJA TIMUR,GATE,PLAZA,ENTRANCE,75.00,-6.20447178,106.48369044
12_BALARAJA_TIMUR_GATE_PLAZA_ENTRANCE_R023,BALARAJA TIMUR,GATE,PLAZA,ENTRANCE,80.00,-6.20447870,106.48373514
12_BALARAJA_TIMUR_GATE_PLAZA_ENTRANCE_R023,BALARAJA TIMUR,GATE,PLAZA,ENTRANCE,85.00,-6.20448114,106.48378001
12_BALARAJA_TIMUR_GATE_PLAZA_ENTRANCE_R023,BALARAJA TIMUR,GATE,PLAZA,ENTRANCE,90.00,-6.20447780,106.48382511
12_BALARAJA_TIMUR_GATE_PLAZA_ENTRANCE_R023,BALARAJA TIMUR,GATE,PLAZA,ENTRANCE,95.00,-6.20447421,106.48387020
12_BALARAJA_TIMUR_GATE_PLAZA_ENTRANCE_R023,BALARAJA TIMUR,GATE,PLAZA,ENTRANCE,100.00,-6.20447099,106.48391531
12_BALARAJA_TIMUR_GATE_PLAZA_ENTRANCE_R023,BALARAJA TIMUR,GATE,PLAZA,ENTRANCE,105.00,-6.20446776,106.48396043
12_BALARAJA_TIMUR_GATE_PLAZA_ENTRANCE_R023,BALARAJA TIMUR,GATE,PLAZA,ENTRANCE,110.00,-6.20445809,106.48400456
12_BALARAJA_TIMUR_GATE_PLAZA_ENTRANCE_R023,BALARAJA TIMUR,GATE,PLAZA,ENTRANCE,115.00,-6.20444786,106.48404860
12_BALARAJA_TIMUR_GATE_PLAZA_ENTRANCE_R023,BALARAJA TIMUR,GATE,PLAZA,ENTRANCE,120.00,-6.20443762,106.48409264
12_BALARAJA_TIMUR_GATE_PLAZA_ENTRANCE_R023,BALARAJA TIMUR,GATE,PLAZA,ENTRANCE,125.00,-6.20442738,106.48413669
12_BALARAJA_TIMUR_GATE_PLAZA_ENTRANCE_R023,BALARAJA TIMUR,GATE,PLAZA,ENTRANCE,130.00,-6.20441714,106.48418073
12_BALARAJA_TIMUR_GATE_PLAZA_ENTRANCE_R023,BALARAJA TIMUR,GATE,PLAZA,ENTRANCE,135.00,-6.20440690,106.48422477
12_BALARAJA_TIMUR_GATE_PLAZA_ENTRANCE_R023,BALARAJA TIMUR,GATE,PLAZA,ENTRANCE,140.00,-6.20439666,106.48426881
12_BALARAJA_TIMUR_GATE_PLAZA_ENTRANCE_R023,BALARAJA TIMUR,GATE,PLAZA,ENTRANCE,145.00,-6.20438642,106.48431286
12_BALARAJA_TIMUR_GATE_PLAZA_ENTRANCE_R023,BALARAJA TIMUR,GATE,PLAZA,ENTRANCE,150.00,-6.20437619,106.48435690
12_BALARAJA_TIMUR_GATE_PLAZA_ENTRANCE_R023,BALARAJA TIMUR,GATE,PLAZA,ENTRANCE,155.00,-6.20436544,106.48440081
12_BALARAJA_TIMUR_GATE_PLAZA_ENTRANCE_R023,BALARAJA TIMUR,GATE,PLAZA,ENTRANCE,160.00,-6.20435331,106.48444437
12_BALARAJA_TIMUR_GATE_PLAZA_ENTRANCE_R023,BALARAJA TIMUR,GATE,PLAZA,ENTRANCE,165.00,-6.20434118,106.48448792
12_BALARAJA_TIMUR_GATE_PLAZA_ENTRANCE_R023,BALARAJA TIMUR,GATE,PLAZA,ENTRANCE,170.00,-6.20432906,106.48453148
12_BALARAJA_TIMUR_GATE_PLAZA_ENTRANCE_R023,BALARAJA TIMUR,GATE,PLAZA,ENTRANCE,175.00,-6.20431693,106.48457503
12_BALARAJA_TIMUR_GATE_PLAZA_ENTRANCE_R023,BALARAJA TIMUR,GATE,PLAZA,ENTRANCE,180.00,-6.20430480,106.48461859
12_BALARAJA_TIMUR_GATE_PLAZA_ENTRANCE_R023,BALARAJA TIMUR,GATE,PLAZA,ENTRANCE,185.00,-6.20429267,106.48466214
12_BALARAJA_TIMUR_GATE_PLAZA_ENTRANCE_R023,BALARAJA TIMUR,GATE,PLAZA,ENTRANCE,190.00,-6.20428055,106.48470570
12_BALARAJA_TIMUR_GATE_PLAZA_ENTRANCE_R023,BALARAJA TIMUR,GATE,PLAZA,ENTRANCE,195.00,-6.20426842,106.48474925
12_BALARAJA_TIMUR_GATE_PLAZA_ENTRANCE_R023,BALARAJA TIMUR,GATE,PLAZA,ENTRANCE,200.00,-6.20425508,106.48479241
12_BALARAJA_TIMUR_GATE_PLAZA_ENTRANCE_R023,BALARAJA TIMUR,GATE,PLAZA,ENTRANCE,205.00,-6.20423981,106.48483496
12_BALARAJA_TIMUR_GATE_PLAZA_ENTRANCE_R023,BALARAJA TIMUR,GATE,PLAZA,ENTRANCE,210.00,-6.20422455,106.48487751
12_BALARAJA_TIMUR_GATE_PLAZA_ENTRANCE_R023,BALARAJA TIMUR,GATE,PLAZA,ENTRANCE,215.00,-6.20420928,106.48492005
12_BALARAJA_TIMUR_GATE_PLAZA_ENTRANCE_R023,BALARAJA TIMUR,GATE,PLAZA,ENTRANCE,220.00,-6.20419402,106.48496260
12_BALARAJA_TIMUR_GATE_PLAZA_ENTRANCE_R023,BALARAJA TIMUR,GATE,PLAZA,ENTRANCE,225.00,-6.20417876,106.48500514
12_BALARAJA_TIMUR_GATE_PLAZA_ENTRANCE_R023,BALARAJA TIMUR,GATE,PLAZA,ENTRANCE,230.00,-6.20416349,106.48504769
12_BALARAJA_TIMUR_GATE_PLAZA_ENTRANCE_R023,BALARAJA TIMUR,GATE,PLAZA,ENTRANCE,235.00,-6.20414887,106.48509046
12_BALARAJA_TIMUR_GATE_PLAZA_ENTRANCE_R023,BALARAJA TIMUR,GATE,PLAZA,ENTRANCE,240.00,-6.20413461,106.48513335
12_BALARAJA_TIMUR_GATE_PLAZA_ENTRANCE_R023,BALARAJA TIMUR,GATE,PLAZA,ENTRANCE,245.00,-6.20412221,106.48517681
12_BALARAJA_TIMUR_GATE_PLAZA_ENTRANCE_R023,BALARAJA TIMUR,GATE,PLAZA,ENTRANCE,250.00,-6.20411046,106.48522047
12_BALARAJA_TIMUR_GATE_PLAZA_ENTRANCE_R023,BALARAJA TIMUR,GATE,PLAZA,ENTRANCE,255.00,-6.20409872,106.48526413
12_BALARAJA_TIMUR_GATE_PLAZA_ENTRANCE_R023,BALARAJA TIMUR,GATE,PLAZA,ENTRANCE,260.00,-6.20408697,106.48530780
12_BALARAJA_TIMUR_GATE_PLAZA_ENTRANCE_R023,BALARAJA TIMUR,GATE,PLAZA,ENTRANCE,265.00,-6.20407522,106.48535146
12_BALARAJA_TIMUR_GATE_PLAZA_ENTRANCE_R023,BALARAJA TIMUR,GATE,PLAZA,ENTRANCE,270.00,-6.20406348,106.48539512
12_BALARAJA_TIMUR_GATE_PLAZA_ENTRANCE_R023,BALARAJA TIMUR,GATE,PLAZA,ENTRANCE,275.00,-6.20405173,106.48543878
12_BALARAJA_TIMUR_GATE_PLAZA_ENTRANCE_R023,BALARAJA TIMUR,GATE,PLAZA,ENTRANCE,280.00,-6.20403999,106.48548244
12_BALARAJA_TIMUR_GATE_PLAZA_ENTRANCE_R023,BALARAJA TIMUR,GATE,PLAZA,ENTRANCE,285.00,-6.20402824,106.48552610
12_BALARAJA_TIMUR_GATE_PLAZA_ENTRANCE_R023,BALARAJA TIMUR,GATE,PLAZA,ENTRANCE,290.00,-6.20401650,106.48556976
12_BALARAJA_TIMUR_GATE_PLAZA_ENTRANCE_R023,BALARAJA TIMUR,GATE,PLAZA,ENTRANCE,295.00,-6.20400475,106.48561342
12_BALARAJA_TIMUR_GATE_PLAZA_ENTRANCE_R023,BALARAJA TIMUR,GATE,PLAZA,ENTRANCE,300.00,-6.20399300,106.48565708
12_BALARAJA_TIMUR_GATE_PLAZA_ENTRANCE_R023,BALARAJA TIMUR,GATE,PLAZA,ENTRANCE,305.00,-6.20398126,106.48570074
12_BALARAJA_TIMUR_GATE_PLAZA_ENTRANCE_R023,BALARAJA TIMUR,GATE,PLAZA,ENTRANCE,310.00,-6.20396951,106.48574440
12_BALARAJA_TIMUR_GATE_PLAZA_ENTRANCE_R023,BALARAJA TIMUR,GATE,PLAZA,ENTRANCE,315.00,-6.20395728,106.48578792
12_BALARAJA_TIMUR_GATE_PLAZA_ENTRANCE_R023,BALARAJA TIMUR,GATE,PLAZA,ENTRANCE,320.00,-6.20394433,106.48583124
12_BALARAJA_TIMUR_GATE_PLAZA_ENTRANCE_R023,BALARAJA TIMUR,GATE,PLAZA,ENTRANCE,325.00,-6.20393138,106.48587455
12_BALARAJA_TIMUR_GATE_PLAZA_ENTRANCE_R023,BALARAJA TIMUR,GATE,PLAZA,ENTRANCE,330.00,-6.20391842,106.48591786
12_BALARAJA_TIMUR_GATE_PLAZA_ENTRANCE_R023,BALARAJA TIMUR,GATE,PLAZA,ENTRANCE,335.00,-6.20390547,106.48596118
12_BALARAJA_TIMUR_GATE_PLAZA_ENTRANCE_R023,BALARAJA TIMUR,GATE,PLAZA,ENTRANCE,340.00,-6.20389251,106.48600449
12_BALARAJA_TIMUR_GATE_PLAZA_ENTRANCE_R023,BALARAJA TIMUR,GATE,PLAZA,ENTRANCE,345.00,-6.20387956,106.48604780
12_BALARAJA_TIMUR_GATE_PLAZA_ENTRANCE_R023,BALARAJA TIMUR,GATE,PLAZA,ENTRANCE,350.00,-6.20386283,106.48608978
12_BALARAJA_TIMUR_GATE_PLAZA_ENTRANCE_R023,BALARAJA TIMUR,GATE,PLAZA,ENTRANCE,355.00,-6.20384590,106.48613168
12_BALARAJA_TIMUR_GATE_PLAZA_ENTRANCE_R023,BALARAJA TIMUR,GATE,PLAZA,ENTRANCE,360.00,-6.20382898,106.48617359
12_BALARAJA_TIMUR_GATE_PLAZA_ENTRANCE_R023,BALARAJA TIMUR,GATE,PLAZA,ENTRANCE,365.00,-6.20381208,106.48621550
12_BALARAJA_TIMUR_GATE_PLAZA_ENTRANCE_R023,BALARAJA TIMUR,GATE,PLAZA,ENTRANCE,370.00,-6.20379517,106.48625741
12_BALARAJA_TIMUR_GATE_PLAZA_ENTRANCE_R023,BALARAJA TIMUR,GATE,PLAZA,ENTRANCE,375.00,-6.20377778,106.48629910
12_BALARAJA_TIMUR_GATE_PLAZA_ENTRANCE_R023,BALARAJA TIMUR,GATE,PLAZA,ENTRANCE,380.00,-6.20375715,106.48633929
12_BALARAJA_TIMUR_GATE_PLAZA_ENTRANCE_R023,BALARAJA TIMUR,GATE,PLAZA,ENTRANCE,385.00,-6.20373652,106.48637948
12_BALARAJA_TIMUR_GATE_PLAZA_ENTRANCE_R023,BALARAJA TIMUR,GATE,PLAZA,ENTRANCE,385.10,-6.20373610,106.48638030
12_BALARAJA_TIMUR_GATE_INTERCHANGE_ON_R024,BALARAJA TIMUR,GATE,INTERCHANGE,ON,0.00,-6.20373610,106.48638030
12_BALARAJA_TIMUR_GATE_INTERCHANGE_ON_R024,BALARAJA TIMUR,GATE,INTERCHANGE,ON,5.00,-6.20371546,106.48642048
12_BALARAJA_TIMUR_GATE_INTERCHANGE_ON_R024,BALARAJA TIMUR,GATE,INTERCHANGE,ON,10.00,-6.20369481,106.48646067
12_BALARAJA_TIMUR_GATE_INTERCHANGE_ON_R024,BALARAJA TIMUR,GATE,INTERCHANGE,ON,15.00,-6.20367417,106.48650085
12_BALARAJA_TIMUR_GATE_INTERCHANGE_ON_R024,BALARAJA TIMUR,GATE,INTERCHANGE,ON,20.00,-6.20365353,106.48654103
12_BALARAJA_TIMUR_GATE_INTERCHANGE_ON_R024,BALARAJA TIMUR,GATE,INTERCHANGE,ON,25.00,-6.20362703,106.48657734
12_BALARAJA_TIMUR_GATE_INTERCHANGE_ON_R024,BALARAJA TIMUR,GATE,INTERCHANGE,ON,30.00,-6.20359849,106.48661229
12_BALARAJA_TIMUR_GATE_INTERCHANGE_ON_R024,BALARAJA TIMUR,GATE,INTERCHANGE,ON,35.00,-6.20356995,106.48664724
12_BALARAJA_TIMUR_GATE_INTERCHANGE_ON_R024,BALARAJA TIMUR,GATE,INTERCHANGE,ON,40.00,-6.20354059,106.48668141
12_BALARAJA_TIMUR_GATE_INTERCHANGE_ON_R024,BALARAJA TIMUR,GATE,INTERCHANGE,ON,45.00,-6.20350676,106.48671119
12_BALARAJA_TIMUR_GATE_INTERCHANGE_ON_R024,BALARAJA TIMUR,GATE,INTERCHANGE,ON,50.00,-6.20347292,106.48674098
12_BALARAJA_TIMUR_GATE_INTERCHANGE_ON_R024,BALARAJA TIMUR,GATE,INTERCHANGE,ON,55.00,-6.20343908,106.48677076
12_BALARAJA_TIMUR_GATE_INTERCHANGE_ON_R024,BALARAJA TIMUR,GATE,INTERCHANGE,ON,60.00,-6.20340524,106.48680055
12_BALARAJA_TIMUR_GATE_INTERCHANGE_ON_R024,BALARAJA TIMUR,GATE,INTERCHANGE,ON,65.00,-6.20337140,106.48683033
12_BALARAJA_TIMUR_GATE_INTERCHANGE_ON_R024,BALARAJA TIMUR,GATE,INTERCHANGE,ON,70.00,-6.20333239,106.48685262
12_BALARAJA_TIMUR_GATE_INTERCHANGE_ON_R024,BALARAJA TIMUR,GATE,INTERCHANGE,ON,75.00,-6.20329277,106.48687401
12_BALARAJA_TIMUR_GATE_INTERCHANGE_ON_R024,BALARAJA TIMUR,GATE,INTERCHANGE,ON,80.00,-6.20325316,106.48689540
12_BALARAJA_TIMUR_GATE_INTERCHANGE_ON_R024,BALARAJA TIMUR,GATE,INTERCHANGE,ON,85.00,-6.20321354,106.48691680
12_BALARAJA_TIMUR_GATE_INTERCHANGE_ON_R024,BALARAJA TIMUR,GATE,INTERCHANGE,ON,90.00,-6.20317392,106.48693819
12_BALARAJA_TIMUR_GATE_INTERCHANGE_ON_R024,BALARAJA TIMUR,GATE,INTERCHANGE,ON,95.00,-6.20313430,106.48695958
12_BALARAJA_TIMUR_GATE_INTERCHANGE_ON_R024,BALARAJA TIMUR,GATE,INTERCHANGE,ON,100.00,-6.20309468,106.48698098
12_BALARAJA_TIMUR_GATE_INTERCHANGE_ON_R024,BALARAJA TIMUR,GATE,INTERCHANGE,ON,105.00,-6.20305115,106.48699075
12_BALARAJA_TIMUR_GATE_INTERCHANGE_ON_R024,BALARAJA TIMUR,GATE,INTERCHANGE,ON,110.00,-6.20300676,106.48699801
12_BALARAJA_TIMUR_GATE_INTERCHANGE_ON_R024,BALARAJA TIMUR,GATE,INTERCHANGE,ON,115.00,-6.20296238,106.48700526
12_BALARAJA_TIMUR_GATE_INTERCHANGE_ON_R024,BALARAJA TIMUR,GATE,INTERCHANGE,ON,120.00,-6.20291799,106.48701251
12_BALARAJA_TIMUR_GATE_INTERCHANGE_ON_R024,BALARAJA TIMUR,GATE,INTERCHANGE,ON,125.00,-6.20287319,106.48701343
12_BALARAJA_TIMUR_GATE_INTERCHANGE_ON_R024,BALARAJA TIMUR,GATE,INTERCHANGE,ON,130.00,-6.20282825,106.48701212
12_BALARAJA_TIMUR_GATE_INTERCHANGE_ON_R024,BALARAJA TIMUR,GATE,INTERCHANGE,ON,135.00,-6.20278330,106.48701081
12_BALARAJA_TIMUR_GATE_INTERCHANGE_ON_R024,BALARAJA TIMUR,GATE,INTERCHANGE,ON,136.19,-6.20277260,106.48701050
12_BALARAJA_TIMUR_RAMP_B_OFF_R025,BALARAJA TIMUR,RAMP,B,OFF,0.00,-6.20026390,106.48641710
12_BALARAJA_TIMUR_RAMP_B_OFF_R025,BALARAJA TIMUR,RAMP,B,OFF,5.00,-6.20025470,106.48646137
12_BALARAJA_TIMUR_RAMP_B_OFF_R025,BALARAJA TIMUR,RAMP,B,OFF,10.00,-6.20024551,106.48650565
12_BALARAJA_TIMUR_RAMP_B_OFF_R025,BALARAJA TIMUR,RAMP,B,OFF,15.00,-6.20023631,106.48654992
12_BALARAJA_TIMUR_RAMP_B_OFF_R025,BALARAJA TIMUR,RAMP,B,OFF,20.00,-6.20022711,106.48659420
12_BALARAJA_TIMUR_RAMP_B_OFF_R025,BALARAJA TIMUR,RAMP,B,OFF,25.00,-6.20021791,106.48663847
12_BALARAJA_TIMUR_RAMP_B_OFF_R025,BALARAJA TIMUR,RAMP,B,OFF,30.00,-6.20020872,106.48668275
12_BALARAJA_TIMUR_RAMP_B_OFF_R025,BALARAJA TIMUR,RAMP,B,OFF,35.00,-6.20019952,106.48672702
12_BALARAJA_TIMUR_RAMP_B_OFF_R025,BALARAJA TIMUR,RAMP,B,OFF,40.00,-6.20019032,106.48677130
12_BALARAJA_TIMUR_RAMP_B_OFF_R025,BALARAJA TIMUR,RAMP,B,OFF,45.00,-6.20015226,106.48679532
12_BALARAJA_TIMUR_RAMP_B_OFF_R025,BALARAJA TIMUR,RAMP,B,OFF,50.00,-6.20011414,106.48681930
12_BALARAJA_TIMUR_RAMP_B_OFF_R025,BALARAJA TIMUR,RAMP,B,OFF,55.00,-6.20009856,106.48685867
12_BALARAJA_TIMUR_RAMP_B_OFF_R025,BALARAJA TIMUR,RAMP,B,OFF,60.00,-6.20009051,106.48690317
12_BALARAJA_TIMUR_RAMP_B_OFF_R025,BALARAJA TIMUR,RAMP,B,OFF,65.00,-6.20008246,106.48694767
12_BALARAJA_TIMUR_RAMP_B_OFF_R025,BALARAJA TIMUR,RAMP,B,OFF,70.00,-6.20007441,106.48699217
12_BALARAJA_TIMUR_RAMP_B_OFF_R025,BALARAJA TIMUR,RAMP,B,OFF,75.00,-6.20006636,106.48703667
12_BALARAJA_TIMUR_RAMP_B_OFF_R025,BALARAJA TIMUR,RAMP,B,OFF,80.00,-6.20005830,106.48708117
12_BALARAJA_TIMUR_RAMP_B_OFF_R025,BALARAJA TIMUR,RAMP,B,OFF,85.00,-6.20005025,106.48712567
12_BALARAJA_TIMUR_RAMP_B_OFF_R025,BALARAJA TIMUR,RAMP,B,OFF,90.00,-6.20004143,106.48716996
12_BALARAJA_TIMUR_RAMP_B_OFF_R025,BALARAJA TIMUR,RAMP,B,OFF,95.00,-6.20002645,106.48721261
12_BALARAJA_TIMUR_RAMP_B_OFF_R025,BALARAJA TIMUR,RAMP,B,OFF,100.00,-6.20001360,106.48725594
12_BALARAJA_TIMUR_RAMP_B_OFF_R025,BALARAJA TIMUR,RAMP,B,OFF,105.00,-6.20000116,106.48729940
12_BALARAJA_TIMUR_RAMP_B_OFF_R025,BALARAJA TIMUR,RAMP,B,OFF,110.00,-6.19998870,106.48734287
12_BALARAJA_TIMUR_RAMP_B_OFF_R025,BALARAJA TIMUR,RAMP,B,OFF,115.00,-6.19997625,106.48738633
12_BALARAJA_TIMUR_RAMP_B_OFF_R025,BALARAJA TIMUR,RAMP,B,OFF,120.00,-6.19996379,106.48742979
12_BALARAJA_TIMUR_RAMP_B_OFF_R025,BALARAJA TIMUR,RAMP,B,OFF,125.00,-6.19994969,106.48747268
12_BALARAJA_TIMUR_RAMP_B_OFF_R025,BALARAJA TIMUR,RAMP,B,OFF,130.00,-6.19993295,106.48751466
12_BALARAJA_TIMUR_RAMP_B_OFF_R025,BALARAJA TIMUR,RAMP,B,OFF,135.00,-6.19991623,106.48755665
12_BALARAJA_TIMUR_RAMP_B_OFF_R025,BALARAJA TIMUR,RAMP,B,OFF,140.00,-6.19989952,106.48759864
12_BALARAJA_TIMUR_RAMP_B_OFF_R025,BALARAJA TIMUR,RAMP,B,OFF,145.00,-6.19988281,106.48764063
12_BALARAJA_TIMUR_RAMP_B_OFF_R025,BALARAJA TIMUR,RAMP,B,OFF,150.00,-6.19986609,106.48768262
12_BALARAJA_TIMUR_RAMP_B_OFF_R025,BALARAJA TIMUR,RAMP,B,OFF,155.00,-6.19984834,106.48772414
12_BALARAJA_TIMUR_RAMP_B_OFF_R025,BALARAJA TIMUR,RAMP,B,OFF,160.00,-6.19982804,106.48776450
12_BALARAJA_TIMUR_RAMP_B_OFF_R025,BALARAJA TIMUR,RAMP,B,OFF,165.00,-6.19980774,106.48780485
12_BALARAJA_TIMUR_RAMP_B_OFF_R025,BALARAJA TIMUR,RAMP,B,OFF,170.00,-6.19978742,106.48784520
12_BALARAJA_TIMUR_RAMP_B_OFF_R025,BALARAJA TIMUR,RAMP,B,OFF,175.00,-6.19976704,106.48788552
12_BALARAJA_TIMUR_RAMP_B_OFF_R025,BALARAJA TIMUR,RAMP,B,OFF,180.00,-6.19974666,106.48792584
12_BALARAJA_TIMUR_RAMP_B_OFF_R025,BALARAJA TIMUR,RAMP,B,OFF,185.00,-6.19972358,106.48796459
12_BALARAJA_TIMUR_RAMP_B_OFF_R025,BALARAJA TIMUR,RAMP,B,OFF,190.00,-6.19969895,106.48800243
12_BALARAJA_TIMUR_RAMP_B_OFF_R025,BALARAJA TIMUR,RAMP,B,OFF,195.00,-6.19967435,106.48804029
12_BALARAJA_TIMUR_RAMP_B_OFF_R025,BALARAJA TIMUR,RAMP,B,OFF,200.00,-6.19964975,106.48807815
12_BALARAJA_TIMUR_RAMP_B_OFF_R025,BALARAJA TIMUR,RAMP,B,OFF,205.00,-6.19962515,106.48811601
12_BALARAJA_TIMUR_RAMP_B_OFF_R025,BALARAJA TIMUR,RAMP,B,OFF,210.00,-6.19959568,106.48814971
12_BALARAJA_TIMUR_RAMP_B_OFF_R025,BALARAJA TIMUR,RAMP,B,OFF,215.00,-6.19956244,106.48818017
12_BALARAJA_TIMUR_RAMP_B_OFF_R025,BALARAJA TIMUR,RAMP,B,OFF,220.00,-6.19952921,106.48821064
12_BALARAJA_TIMUR_RAMP_B_OFF_R025,BALARAJA TIMUR,RAMP,B,OFF,225.00,-6.19949597,106.48824110
12_BALARAJA_TIMUR_RAMP_B_OFF_R025,BALARAJA TIMUR,RAMP,B,OFF,230.00,-6.19946273,106.48827156
12_BALARAJA_TIMUR_RAMP_B_OFF_R025,BALARAJA TIMUR,RAMP,B,OFF,235.00,-6.19942635,106.48829783
12_BALARAJA_TIMUR_RAMP_B_OFF_R025,BALARAJA TIMUR,RAMP,B,OFF,240.00,-6.19938802,106.48832148
12_BALARAJA_TIMUR_RAMP_B_OFF_R025,BALARAJA TIMUR,RAMP,B,OFF,245.00,-6.19934970,106.48834513
12_BALARAJA_TIMUR_RAMP_B_OFF_R025,BALARAJA TIMUR,RAMP,B,OFF,250.00,-6.19931135,106.48836875
12_BALARAJA_TIMUR_RAMP_B_OFF_R025,BALARAJA TIMUR,RAMP,B,OFF,255.00,-6.19926834,106.48838195
12_BALARAJA_TIMUR_RAMP_B_OFF_R025,BALARAJA TIMUR,RAMP,B,OFF,260.00,-6.19922534,106.48839516
12_BALARAJA_TIMUR_RAMP_B_OFF_R025,BALARAJA TIMUR,RAMP,B,OFF,265.00,-6.19918233,106.48840836
12_BALARAJA_TIMUR_RAMP_B_OFF_R025,BALARAJA TIMUR,RAMP,B,OFF,270.00,-6.19913830,106.48841752
12_BALARAJA_TIMUR_RAMP_B_OFF_R025,BALARAJA TIMUR,RAMP,B,OFF,275.00,-6.19909426,106.48842669
12_BALARAJA_TIMUR_RAMP_B_OFF_R025,BALARAJA TIMUR,RAMP,B,OFF,280.00,-6.19904965,106.48843038
12_BALARAJA_TIMUR_RAMP_B_OFF_R025,BALARAJA TIMUR,RAMP,B,OFF,285.00,-6.19900468,106.48843083
12_BALARAJA_TIMUR_RAMP_B_OFF_R025,BALARAJA TIMUR,RAMP,B,OFF,290.00,-6.19895987,106.48842958
12_BALARAJA_TIMUR_RAMP_B_OFF_R025,BALARAJA TIMUR,RAMP,B,OFF,295.00,-6.19891571,106.48842108
12_BALARAJA_TIMUR_RAMP_B_OFF_R025,BALARAJA TIMUR,RAMP,B,OFF,300.00,-6.19887154,106.48841258
12_BALARAJA_TIMUR_RAMP_B_OFF_R025,BALARAJA TIMUR,RAMP,B,OFF,305.00,-6.19882817,106.48840086
12_BALARAJA_TIMUR_RAMP_B_OFF_R025,BALARAJA TIMUR,RAMP,B,OFF,310.00,-6.19878519,106.48838758
12_BALARAJA_TIMUR_RAMP_B_OFF_R025,BALARAJA TIMUR,RAMP,B,OFF,315.00,-6.19874218,106.48837438
12_BALARAJA_TIMUR_RAMP_B_OFF_R025,BALARAJA TIMUR,RAMP,B,OFF,320.00,-6.19869991,106.48835918
12_BALARAJA_TIMUR_RAMP_B_OFF_R025,BALARAJA TIMUR,RAMP,B,OFF,325.00,-6.19865876,106.48834094
12_BALARAJA_TIMUR_RAMP_B_OFF_R025,BALARAJA TIMUR,RAMP,B,OFF,330.00,-6.19861761,106.48832271
12_BALARAJA_TIMUR_RAMP_B_OFF_R025,BALARAJA TIMUR,RAMP,B,OFF,335.00,-6.19858001,106.48829846
12_BALARAJA_TIMUR_RAMP_B_OFF_R025,BALARAJA TIMUR,RAMP,B,OFF,340.00,-6.19854443,106.48827081
12_BALARAJA_TIMUR_RAMP_B_OFF_R025,BALARAJA TIMUR,RAMP,B,OFF,345.00,-6.19850885,106.48824315
12_BALARAJA_TIMUR_RAMP_B_OFF_R025,BALARAJA TIMUR,RAMP,B,OFF,350.00,-6.19847554,106.48821319
12_BALARAJA_TIMUR_RAMP_B_OFF_R025,BALARAJA TIMUR,RAMP,B,OFF,355.00,-6.19844771,106.48817766
12_BALARAJA_TIMUR_RAMP_B_OFF_R025,BALARAJA TIMUR,RAMP,B,OFF,360.00,-6.19841988,106.48814213
12_BALARAJA_TIMUR_RAMP_B_OFF_R025,BALARAJA TIMUR,RAMP,B,OFF,365.00,-6.19839249,106.48810629
12_BALARAJA_TIMUR_RAMP_B_OFF_R025,BALARAJA TIMUR,RAMP,B,OFF,370.00,-6.19836798,106.48806837
12_BALARAJA_TIMUR_RAMP_B_OFF_R025,BALARAJA TIMUR,RAMP,B,OFF,375.00,-6.19834614,106.48802908
12_BALARAJA_TIMUR_RAMP_B_OFF_R025,BALARAJA TIMUR,RAMP,B,OFF,380.00,-6.19833008,106.48798683
12_BALARAJA_TIMUR_RAMP_B_OFF_R025,BALARAJA TIMUR,RAMP,B,OFF,385.00,-6.19831431,106.48794450
12_BALARAJA_TIMUR_RAMP_B_OFF_R025,BALARAJA TIMUR,RAMP,B,OFF,390.00,-6.19830630,106.48790000
12_BALARAJA_TIMUR_RAMP_B_OFF_R025,BALARAJA TIMUR,RAMP,B,OFF,395.00,-6.19829860,106.48785545
12_BALARAJA_TIMUR_RAMP_B_OFF_R025,BALARAJA TIMUR,RAMP,B,OFF,400.00,-6.19829527,106.48781034
12_BALARAJA_TIMUR_RAMP_B_OFF_R025,BALARAJA TIMUR,RAMP,B,OFF,405.00,-6.19829193,106.48776524
12_BALARAJA_TIMUR_RAMP_B_OFF_R025,BALARAJA TIMUR,RAMP,B,OFF,410.00,-6.19828860,106.48772013
12_BALARAJA_TIMUR_RAMP_B_OFF_R025,BALARAJA TIMUR,RAMP,B,OFF,415.00,-6.19829106,106.48767515
12_BALARAJA_TIMUR_RAMP_B_OFF_R025,BALARAJA TIMUR,RAMP,B,OFF,420.00,-6.19829637,106.48763024
12_BALARAJA_TIMUR_RAMP_B_OFF_R025,BALARAJA TIMUR,RAMP,B,OFF,425.00,-6.19830338,106.48758563
12_BALARAJA_TIMUR_RAMP_B_OFF_R025,BALARAJA TIMUR,RAMP,B,OFF,430.00,-6.19831375,106.48754162
12_BALARAJA_TIMUR_RAMP_B_OFF_R025,BALARAJA TIMUR,RAMP,B,OFF,435.00,-6.19832414,106.48749761
12_BALARAJA_TIMUR_RAMP_B_OFF_R025,BALARAJA TIMUR,RAMP,B,OFF,440.00,-6.19833485,106.48745371
12_BALARAJA_TIMUR_RAMP_B_OFF_R025,BALARAJA TIMUR,RAMP,B,OFF,445.00,-6.19835314,106.48741240
12_BALARAJA_TIMUR_RAMP_B_OFF_R025,BALARAJA TIMUR,RAMP,B,OFF,450.00,-6.19837143,106.48737107
12_BALARAJA_TIMUR_RAMP_B_OFF_R025,BALARAJA TIMUR,RAMP,B,OFF,455.00,-6.19838956,106.48732968
12_BALARAJA_TIMUR_RAMP_B_OFF_R025,BALARAJA TIMUR,RAMP,B,OFF,460.00,-6.19840826,106.48728859
12_BALARAJA_TIMUR_RAMP_B_OFF_R025,BALARAJA TIMUR,RAMP,B,OFF,465.00,-6.19843205,106.48725021
12_BALARAJA_TIMUR_RAMP_B_OFF_R025,BALARAJA TIMUR,RAMP,B,OFF,470.00,-6.19845585,106.48721183
12_BALARAJA_TIMUR_RAMP_B_OFF_R025,BALARAJA TIMUR,RAMP,B,OFF,475.00,-6.19847965,106.48717346
12_BALARAJA_TIMUR_RAMP_B_OFF_R025,BALARAJA TIMUR,RAMP,B,OFF,480.00,-6.19850345,106.48713508
12_BALARAJA_TIMUR_RAMP_B_OFF_R025,BALARAJA TIMUR,RAMP,B,OFF,485.00,-6.19852725,106.48709671
12_BALARAJA_TIMUR_RAMP_B_OFF_R025,BALARAJA TIMUR,RAMP,B,OFF,490.00,-6.19855105,106.48705834
12_BALARAJA_TIMUR_RAMP_B_OFF_R025,BALARAJA TIMUR,RAMP,B,OFF,495.00,-6.19858302,106.48702727
12_BALARAJA_TIMUR_RAMP_B_OFF_R025,BALARAJA TIMUR,RAMP,B,OFF,500.00,-6.19861817,106.48699907
12_BALARAJA_TIMUR_RAMP_B_OFF_R025,BALARAJA TIMUR,RAMP,B,OFF,505.00,-6.19865333,106.48697087
12_BALARAJA_TIMUR_RAMP_B_OFF_R025,BALARAJA TIMUR,RAMP,B,OFF,510.00,-6.19868849,106.48694267
12_BALARAJA_TIMUR_RAMP_B_OFF_R025,BALARAJA TIMUR,RAMP,B,OFF,515.00,-6.19872364,106.48691447
12_BALARAJA_TIMUR_RAMP_B_OFF_R025,BALARAJA TIMUR,RAMP,B,OFF,520.00,-6.19876073,106.48688942
12_BALARAJA_TIMUR_RAMP_B_OFF_R025,BALARAJA TIMUR,RAMP,B,OFF,525.00,-6.19880155,106.48687045
12_BALARAJA_TIMUR_RAMP_B_OFF_R025,BALARAJA TIMUR,RAMP,B,OFF,530.00,-6.19884237,106.48685147
12_BALARAJA_TIMUR_RAMP_B_OFF_R025,BALARAJA TIMUR,RAMP,B,OFF,535.00,-6.19888319,106.48683250
12_BALARAJA_TIMUR_RAMP_B_OFF_R025,BALARAJA TIMUR,RAMP,B,OFF,540.00,-6.19892400,106.48681352
12_BALARAJA_TIMUR_RAMP_B_OFF_R025,BALARAJA TIMUR,RAMP,B,OFF,545.00,-6.19896589,106.48679770
12_BALARAJA_TIMUR_RAMP_B_OFF_R025,BALARAJA TIMUR,RAMP,B,OFF,550.00,-6.19900971,106.48678756
12_BALARAJA_TIMUR_RAMP_B_OFF_R025,BALARAJA TIMUR,RAMP,B,OFF,555.00,-6.19905353,106.48677738
12_BALARAJA_TIMUR_RAMP_B_OFF_R025,BALARAJA TIMUR,RAMP,B,OFF,560.00,-6.19909734,106.48676721
12_BALARAJA_TIMUR_RAMP_B_OFF_R025,BALARAJA TIMUR,RAMP,B,OFF,565.00,-6.19914115,106.48675703
12_BALARAJA_TIMUR_RAMP_B_OFF_R025,BALARAJA TIMUR,RAMP,B,OFF,570.00,-6.19918520,106.48674846
12_BALARAJA_TIMUR_RAMP_B_OFF_R025,BALARAJA TIMUR,RAMP,B,OFF,575.00,-6.19923007,106.48674544
12_BALARAJA_TIMUR_RAMP_B_OFF_R025,BALARAJA TIMUR,RAMP,B,OFF,580.00,-6.19927493,106.48674241
12_BALARAJA_TIMUR_RAMP_B_OFF_R025,BALARAJA TIMUR,RAMP,B,OFF,585.00,-6.19931980,106.48673938
12_BALARAJA_TIMUR_RAMP_B_OFF_R025,BALARAJA TIMUR,RAMP,B,OFF,590.00,-6.19936466,106.48673636
12_BALARAJA_TIMUR_RAMP_B_OFF_R025,BALARAJA TIMUR,RAMP,B,OFF,595.00,-6.19940953,106.48673332
12_BALARAJA_TIMUR_RAMP_B_OFF_R025,BALARAJA TIMUR,RAMP,B,OFF,600.00,-6.19945439,106.48673029
12_BALARAJA_TIMUR_RAMP_B_OFF_R025,BALARAJA TIMUR,RAMP,B,OFF,605.00,-6.19949926,106.48672726
12_BALARAJA_TIMUR_RAMP_B_OFF_R025,BALARAJA TIMUR,RAMP,B,OFF,610.00,-6.19954417,106.48672842
12_BALARAJA_TIMUR_RAMP_B_OFF_R025,BALARAJA TIMUR,RAMP,B,OFF,615.00,-6.19958909,106.48673036
12_BALARAJA_TIMUR_RAMP_B_OFF_R025,BALARAJA TIMUR,RAMP,B,OFF,620.00,-6.19963401,106.48673230
12_BALARAJA_TIMUR_RAMP_B_OFF_R025,BALARAJA TIMUR,RAMP,B,OFF,625.00,-6.19967894,106.48673424
12_BALARAJA_TIMUR_RAMP_B_OFF_R025,BALARAJA TIMUR,RAMP,B,OFF,630.00,-6.19972386,106.48673618
12_BALARAJA_TIMUR_RAMP_B_OFF_R025,BALARAJA TIMUR,RAMP,B,OFF,635.00,-6.19976879,106.48673813
12_BALARAJA_TIMUR_RAMP_B_OFF_R025,BALARAJA TIMUR,RAMP,B,OFF,640.00,-6.19981314,106.48674549
12_BALARAJA_TIMUR_RAMP_B_OFF_R025,BALARAJA TIMUR,RAMP,B,OFF,645.00,-6.19985747,106.48675308
12_BALARAJA_TIMUR_RAMP_B_OFF_R025,BALARAJA TIMUR,RAMP,B,OFF,650.00,-6.19990180,106.48676066
12_BALARAJA_TIMUR_RAMP_B_OFF_R025,BALARAJA TIMUR,RAMP,B,OFF,655.00,-6.19994613,106.48676824
12_BALARAJA_TIMUR_RAMP_B_OFF_R025,BALARAJA TIMUR,RAMP,B,OFF,660.00,-6.19999072,106.48677407
12_BALARAJA_TIMUR_RAMP_B_OFF_R025,BALARAJA TIMUR,RAMP,B,OFF,665.00,-6.20003534,106.48677961
12_BALARAJA_TIMUR_RAMP_B_OFF_R025,BALARAJA TIMUR,RAMP,B,OFF,670.00,-6.20007997,106.48678515
12_BALARAJA_TIMUR_RAMP_B_OFF_R025,BALARAJA TIMUR,RAMP,B,OFF,675.00,-6.20012460,106.48679069
12_BALARAJA_TIMUR_RAMP_B_OFF_R025,BALARAJA TIMUR,RAMP,B,OFF,680.00,-6.20016923,106.48679623
12_BALARAJA_TIMUR_RAMP_B_OFF_R025,BALARAJA TIMUR,RAMP,B,OFF,685.00,-6.20021385,106.48680176
12_BALARAJA_TIMUR_RAMP_B_OFF_R025,BALARAJA TIMUR,RAMP,B,OFF,690.00,-6.20025848,106.48680733
12_BALARAJA_TIMUR_RAMP_B_OFF_R025,BALARAJA TIMUR,RAMP,B,OFF,695.00,-6.20030310,106.48681289
12_BALARAJA_TIMUR_RAMP_B_OFF_R025,BALARAJA TIMUR,RAMP,B,OFF,700.00,-6.20034773,106.48681844
12_BALARAJA_TIMUR_RAMP_B_OFF_R025,BALARAJA TIMUR,RAMP,B,OFF,705.00,-6.20039236,106.48682398
12_BALARAJA_TIMUR_RAMP_B_OFF_R025,BALARAJA TIMUR,RAMP,B,OFF,710.00,-6.20043698,106.48682953
12_BALARAJA_TIMUR_RAMP_B_OFF_R025,BALARAJA TIMUR,RAMP,B,OFF,715.00,-6.20048161,106.48683507
12_BALARAJA_TIMUR_RAMP_B_OFF_R025,BALARAJA TIMUR,RAMP,B,OFF,720.00,-6.20052624,106.48684062
12_BALARAJA_TIMUR_RAMP_B_OFF_R025,BALARAJA TIMUR,RAMP,B,OFF,725.00,-6.20057086,106.48684616
12_BALARAJA_TIMUR_RAMP_B_OFF_R025,BALARAJA TIMUR,RAMP,B,OFF,730.00,-6.20061547,106.48685186
12_BALARAJA_TIMUR_RAMP_B_OFF_R025,BALARAJA TIMUR,RAMP,B,OFF,735.00,-6.20066006,106.48685774
12_BALARAJA_TIMUR_RAMP_B_OFF_R025,BALARAJA TIMUR,RAMP,B,OFF,740.00,-6.20070464,106.48686361
12_BALARAJA_TIMUR_RAMP_B_OFF_R025,BALARAJA TIMUR,RAMP,B,OFF,745.00,-6.20074923,106.48686949
12_BALARAJA_TIMUR_RAMP_B_OFF_R025,BALARAJA TIMUR,RAMP,B,OFF,750.00,-6.20079381,106.48687536
12_BALARAJA_TIMUR_RAMP_B_OFF_R025,BALARAJA TIMUR,RAMP,B,OFF,755.00,-6.20083840,106.48688124
12_BALARAJA_TIMUR_RAMP_B_OFF_R025,BALARAJA TIMUR,RAMP,B,OFF,760.00,-6.20088298,106.48688711
12_BALARAJA_TIMUR_RAMP_B_OFF_R025,BALARAJA TIMUR,RAMP,B,OFF,765.00,-6.20092757,106.48689299
12_BALARAJA_TIMUR_RAMP_B_OFF_R025,BALARAJA TIMUR,RAMP,B,OFF,770.00,-6.20097220,106.48689849
12_BALARAJA_TIMUR_RAMP_B_OFF_R025,BALARAJA TIMUR,RAMP,B,OFF,775.00,-6.20101689,106.48690351
12_BALARAJA_TIMUR_RAMP_B_OFF_R025,BALARAJA TIMUR,RAMP,B,OFF,780.00,-6.20106157,106.48690853
12_BALARAJA_TIMUR_RAMP_B_OFF_R025,BALARAJA TIMUR,RAMP,B,OFF,785.00,-6.20110626,106.48691355
12_BALARAJA_TIMUR_RAMP_B_OFF_R025,BALARAJA TIMUR,RAMP,B,OFF,790.00,-6.20115095,106.48691857
12_BALARAJA_TIMUR_RAMP_B_OFF_R025,BALARAJA TIMUR,RAMP,B,OFF,795.00,-6.20119564,106.48692359
12_BALARAJA_TIMUR_RAMP_B_OFF_R025,BALARAJA TIMUR,RAMP,B,OFF,800.00,-6.20124033,106.48692862
12_BALARAJA_TIMUR_RAMP_B_OFF_R025,BALARAJA TIMUR,RAMP,B,OFF,805.00,-6.20128501,106.48693364
12_BALARAJA_TIMUR_RAMP_B_OFF_R025,BALARAJA TIMUR,RAMP,B,OFF,810.00,-6.20132970,106.48693867
12_BALARAJA_TIMUR_RAMP_B_OFF_R025,BALARAJA TIMUR,RAMP,B,OFF,815.00,-6.20137439,106.48694369
12_BALARAJA_TIMUR_RAMP_B_OFF_R025,BALARAJA TIMUR,RAMP,B,OFF,820.00,-6.20141908,106.48694872
12_BALARAJA_TIMUR_RAMP_B_OFF_R025,BALARAJA TIMUR,RAMP,B,OFF,825.00,-6.20146376,106.48695374
12_BALARAJA_TIMUR_RAMP_B_OFF_R025,BALARAJA TIMUR,RAMP,B,OFF,830.00,-6.20150845,106.48695877
12_BALARAJA_TIMUR_RAMP_B_OFF_R025,BALARAJA TIMUR,RAMP,B,OFF,835.00,-6.20155314,106.48696379
12_BALARAJA_TIMUR_RAMP_B_OFF_R025,BALARAJA TIMUR,RAMP,B,OFF,840.00,-6.20159783,106.48696881
12_BALARAJA_TIMUR_RAMP_B_OFF_R025,BALARAJA TIMUR,RAMP,B,OFF,845.00,-6.20164252,106.48697384
12_BALARAJA_TIMUR_RAMP_B_OFF_R025,BALARAJA TIMUR,RAMP,B,OFF,850.00,-6.20168720,106.48697887
12_BALARAJA_TIMUR_RAMP_B_OFF_R025,BALARAJA TIMUR,RAMP,B,OFF,855.00,-6.20173189,106.48698390
12_BALARAJA_TIMUR_RAMP_B_OFF_R025,BALARAJA TIMUR,RAMP,B,OFF,860.00,-6.20177658,106.48698894
12_BALARAJA_TIMUR_RAMP_B_OFF_R025,BALARAJA TIMUR,RAMP,B,OFF,865.00,-6.20182126,106.48699397
12_BALARAJA_TIMUR_RAMP_B_OFF_R025,BALARAJA TIMUR,RAMP,B,OFF,870.00,-6.20186595,106.48699901
12_BALARAJA_TIMUR_RAMP_B_OFF_R025,BALARAJA TIMUR,RAMP,B,OFF,875.00,-6.20191067,106.48700371
12_BALARAJA_TIMUR_RAMP_B_OFF_R025,BALARAJA TIMUR,RAMP,B,OFF,880.00,-6.20195540,106.48700836
12_BALARAJA_TIMUR_RAMP_B_OFF_R025,BALARAJA TIMUR,RAMP,B,OFF,885.00,-6.20200013,106.48701300
12_BALARAJA_TIMUR_RAMP_B_OFF_R025,BALARAJA TIMUR,RAMP,B,OFF,890.00,-6.20204486,106.48701764
12_BALARAJA_TIMUR_RAMP_B_OFF_R025,BALARAJA TIMUR,RAMP,B,OFF,895.00,-6.20208913,106.48702498
12_BALARAJA_TIMUR_RAMP_B_OFF_R025,BALARAJA TIMUR,RAMP,B,OFF,900.00,-6.20213364,106.48703101
12_BALARAJA_TIMUR_RAMP_B_OFF_R025,BALARAJA TIMUR,RAMP,B,OFF,905.00,-6.20217835,106.48703592
12_BALARAJA_TIMUR_RAMP_B_OFF_R025,BALARAJA TIMUR,RAMP,B,OFF,910.00,-6.20222305,106.48704083
12_BALARAJA_TIMUR_RAMP_B_OFF_R025,BALARAJA TIMUR,RAMP,B,OFF,915.00,-6.20226774,106.48704575
12_BALARAJA_TIMUR_RAMP_B_OFF_R025,BALARAJA TIMUR,RAMP,B,OFF,920.00,-6.20231244,106.48705072
12_BALARAJA_TIMUR_RAMP_B_OFF_R025,BALARAJA TIMUR,RAMP,B,OFF,925.00,-6.20235713,106.48705569
12_BALARAJA_TIMUR_RAMP_B_OFF_R025,BALARAJA TIMUR,RAMP,B,OFF,930.00,-6.20240183,106.48706067
12_BALARAJA_TIMUR_RAMP_B_OFF_R025,BALARAJA TIMUR,RAMP,B,OFF,935.00,-6.20244633,106.48706696
12_BALARAJA_TIMUR_RAMP_B_OFF_R025,BALARAJA TIMUR,RAMP,B,OFF,940.00,-6.20249067,106.48707452
12_BALARAJA_TIMUR_RAMP_B_OFF_R025,BALARAJA TIMUR,RAMP,B,OFF,945.00,-6.20253500,106.48708208
12_BALARAJA_TIMUR_RAMP_B_OFF_R025,BALARAJA TIMUR,RAMP,B,OFF,950.00,-6.20257934,106.48708964
12_BALARAJA_TIMUR_RAMP_B_OFF_R025,BALARAJA TIMUR,RAMP,B,OFF,955.00,-6.20262407,106.48709342
12_BALARAJA_TIMUR_RAMP_B_OFF_R025,BALARAJA TIMUR,RAMP,B,OFF,960.00,-6.20266899,106.48709549
12_BALARAJA_TIMUR_RAMP_B_OFF_R025,BALARAJA TIMUR,RAMP,B,OFF,965.00,-6.20271391,106.48709755
12_BALARAJA_TIMUR_RAMP_B_OFF_R025,BALARAJA TIMUR,RAMP,B,OFF,970.00,-6.20275883,106.48709962
12_BALARAJA_TIMUR_RAMP_B_OFF_R025,BALARAJA TIMUR,RAMP,B,OFF,970.92,-6.20276710,106.48710000
12_BALARAJA_TIMUR_RAMP_B_ON_R026,BALARAJA TIMUR,RAMP,B,ON,0.00,-6.20277260,106.48701050
12_BALARAJA_TIMUR_RAMP_B_ON_R026,BALARAJA TIMUR,RAMP,B,ON,5.00,-6.20272765,106.48700919
12_BALARAJA_TIMUR_RAMP_B_ON_R026,BALARAJA TIMUR,RAMP,B,ON,10.00,-6.20268271,106.48700789
12_BALARAJA_TIMUR_RAMP_B_ON_R026,BALARAJA TIMUR,RAMP,B,ON,15.00,-6.20263776,106.48700658
12_BALARAJA_TIMUR_RAMP_B_ON_R026,BALARAJA TIMUR,RAMP,B,ON,20.00,-6.20259285,106.48700435
12_BALARAJA_TIMUR_RAMP_B_ON_R026,BALARAJA TIMUR,RAMP,B,ON,25.00,-6.20254798,106.48700138
12_BALARAJA_TIMUR_RAMP_B_ON_R026,BALARAJA TIMUR,RAMP,B,ON,30.00,-6.20250309,106.48699885
12_BALARAJA_TIMUR_RAMP_B_ON_R026,BALARAJA TIMUR,RAMP,B,ON,35.00,-6.20245818,106.48699653
12_BALARAJA_TIMUR_RAMP_B_ON_R026,BALARAJA TIMUR,RAMP,B,ON,40.00,-6.20241342,106.48699266
12_BALARAJA_TIMUR_RAMP_B_ON_R026,BALARAJA TIMUR,RAMP,B,ON,45.00,-6.20236880,106.48698704
12_BALARAJA_TIMUR_RAMP_B_ON_R026,BALARAJA TIMUR,RAMP,B,ON,50.00,-6.20232414,106.48698182
12_BALARAJA_TIMUR_RAMP_B_ON_R026,BALARAJA TIMUR,RAMP,B,ON,55.00,-6.20227947,106.48697661
12_BALARAJA_TIMUR_RAMP_B_ON_R026,BALARAJA TIMUR,RAMP,B,ON,60.00,-6.20223480,106.48697139
12_BALARAJA_TIMUR_RAMP_B_ON_R026,BALARAJA TIMUR,RAMP,B,ON,65.00,-6.20219014,106.48696618
12_BALARAJA_TIMUR_RAMP_B_ON_R026,BALARAJA TIMUR,RAMP,B,ON,70.00,-6.20214547,106.48696096
12_BALARAJA_TIMUR_RAMP_B_ON_R026,BALARAJA TIMUR,RAMP,B,ON,75.00,-6.20210085,106.48695539
12_BALARAJA_TIMUR_RAMP_B_ON_R026,BALARAJA TIMUR,RAMP,B,ON,80.00,-6.20205623,106.48694974
12_BALARAJA_TIMUR_RAMP_B_ON_R026,BALARAJA TIMUR,RAMP,B,ON,85.00,-6.20201159,106.48694433
12_BALARAJA_TIMUR_RAMP_B_ON_R026,BALARAJA TIMUR,RAMP,B,ON,90.00,-6.20196695,106.48693892
12_BALARAJA_TIMUR_RAMP_B_ON_R026,BALARAJA TIMUR,RAMP,B,ON,95.00,-6.20192230,106.48693351
12_BALARAJA_TIMUR_RAMP_B_ON_R026,BALARAJA TIMUR,RAMP,B,ON,100.00,-6.20187766,106.48692810
12_BALARAJA_TIMUR_RAMP_B_ON_R026,BALARAJA TIMUR,RAMP,B,ON,105.00,-6.20183302,106.48692270
12_BALARAJA_TIMUR_RAMP_B_ON_R026,BALARAJA TIMUR,RAMP,B,ON,110.00,-6.20178837,106.48691730
12_BALARAJA_TIMUR_RAMP_B_ON_R026,BALARAJA TIMUR,RAMP,B,ON,115.00,-6.20174373,106.48691192
12_BALARAJA_TIMUR_RAMP_B_ON_R026,BALARAJA TIMUR,RAMP,B,ON,120.00,-6.20169908,106.48690654
12_BALARAJA_TIMUR_RAMP_B_ON_R026,BALARAJA TIMUR,RAMP,B,ON,125.00,-6.20165446,106.48690094
12_BALARAJA_TIMUR_RAMP_B_ON_R026,BALARAJA TIMUR,RAMP,B,ON,130.00,-6.20160991,106.48689480
12_BALARAJA_TIMUR_RAMP_B_ON_R026,BALARAJA TIMUR,RAMP,B,ON,135.00,-6.20156536,106.48688867
12_BALARAJA_TIMUR_RAMP_B_ON_R026,BALARAJA TIMUR,RAMP,B,ON,140.00,-6.20152081,106.48688254
12_BALARAJA_TIMUR_RAMP_B_ON_R026,BALARAJA TIMUR,RAMP,B,ON,145.00,-6.20147626,106.48687641
12_BALARAJA_TIMUR_RAMP_B_ON_R026,BALARAJA TIMUR,RAMP,B,ON,150.00,-6.20143171,106.48687027
12_BALARAJA_TIMUR_RAMP_B_ON_R026,BALARAJA TIMUR,RAMP,B,ON,155.00,-6.20138716,106.48686414
12_BALARAJA_TIMUR_RAMP_B_ON_R026,BALARAJA TIMUR,RAMP,B,ON,160.00,-6.20134260,106.48685801
12_BALARAJA_TIMUR_RAMP_B_ON_R026,BALARAJA TIMUR,RAMP,B,ON,165.00,-6.20129805,106.48685188
12_BALARAJA_TIMUR_RAMP_B_ON_R026,BALARAJA TIMUR,RAMP,B,ON,170.00,-6.20125350,106.48684574
12_BALARAJA_TIMUR_RAMP_B_ON_R026,BALARAJA TIMUR,RAMP,B,ON,175.00,-6.20120895,106.48683961
12_BALARAJA_TIMUR_RAMP_B_ON_R026,BALARAJA TIMUR,RAMP,B,ON,180.00,-6.20116440,106.48683348
12_BALARAJA_TIMUR_RAMP_B_ON_R026,BALARAJA TIMUR,RAMP,B,ON,185.00,-6.20111985,106.48682735
12_BALARAJA_TIMUR_RAMP_B_ON_R026,BALARAJA TIMUR,RAMP,B,ON,190.00,-6.20107530,106.48682121
12_BALARAJA_TIMUR_RAMP_B_ON_R026,BALARAJA TIMUR,RAMP,B,ON,195.00,-6.20103075,106.48681508
12_BALARAJA_TIMUR_RAMP_B_ON_R026,BALARAJA TIMUR,RAMP,B,ON,200.00,-6.20098620,106.48680895
12_BALARAJA_TIMUR_RAMP_B_ON_R026,BALARAJA TIMUR,RAMP,B,ON,205.00,-6.20094165,106.48680282
12_BALARAJA_TIMUR_RAMP_B_ON_R026,BALARAJA TIMUR,RAMP,B,ON,210.00,-6.20089710,106.48679669
12_BALARAJA_TIMUR_RAMP_B_ON_R026,BALARAJA TIMUR,RAMP,B,ON,215.00,-6.20085254,106.48679055
12_BALARAJA_TIMUR_RAMP_B_ON_R026,BALARAJA TIMUR,RAMP,B,ON,220.00,-6.20080799,106.48678442
12_BALARAJA_TIMUR_RAMP_B_ON_R026,BALARAJA TIMUR,RAMP,B,ON,225.00,-6.20076344,106.48677829
12_BALARAJA_TIMUR_RAMP_B_ON_R026,BALARAJA TIMUR,RAMP,B,ON,230.00,-6.20071889,106.48677216
12_BALARAJA_TIMUR_RAMP_B_ON_R026,BALARAJA TIMUR,RAMP,B,ON,235.00,-6.20067434,106.48676602
12_BALARAJA_TIMUR_RAMP_B_ON_R026,BALARAJA TIMUR,RAMP,B,ON,240.00,-6.20062979,106.48675989
12_BALARAJA_TIMUR_RAMP_B_ON_R026,BALARAJA TIMUR,RAMP,B,ON,245.00,-6.20058524,106.48675375
12_BALARAJA_TIMUR_RAMP_B_ON_R026,BALARAJA TIMUR,RAMP,B,ON,250.00,-6.20054068,106.48674770
12_BALARAJA_TIMUR_RAMP_B_ON_R026,BALARAJA TIMUR,RAMP,B,ON,255.00,-6.20049610,106.48674180
12_BALARAJA_TIMUR_RAMP_B_ON_R026,BALARAJA TIMUR,RAMP,B,ON,260.00,-6.20045151,106.48673590
12_BALARAJA_TIMUR_RAMP_B_ON_R026,BALARAJA TIMUR,RAMP,B,ON,265.00,-6.20040693,106.48673000
12_BALARAJA_TIMUR_RAMP_B_ON_R026,BALARAJA TIMUR,RAMP,B,ON,270.00,-6.20036235,106.48672410
12_BALARAJA_TIMUR_RAMP_B_ON_R026,BALARAJA TIMUR,RAMP,B,ON,275.00,-6.20031777,106.48671820
12_BALARAJA_TIMUR_RAMP_B_ON_R026,BALARAJA TIMUR,RAMP,B,ON,280.00,-6.20027319,106.48671231
12_BALARAJA_TIMUR_RAMP_B_ON_R026,BALARAJA TIMUR,RAMP,B,ON,285.00,-6.20022860,106.48670641
12_BALARAJA_TIMUR_RAMP_B_ON_R026,BALARAJA TIMUR,RAMP,B,ON,290.00,-6.20018402,106.48670051
12_BALARAJA_TIMUR_RAMP_B_ON_R026,BALARAJA TIMUR,RAMP,B,ON,295.00,-6.20013943,106.48669473
12_BALARAJA_TIMUR_RAMP_B_ON_R026,BALARAJA TIMUR,RAMP,B,ON,300.00,-6.20009480,106.48668918
12_BALARAJA_TIMUR_RAMP_B_ON_R026,BALARAJA TIMUR,RAMP,B,ON,305.00,-6.20005017,106.48668363
12_BALARAJA_TIMUR_RAMP_B_ON_R026,BALARAJA TIMUR,RAMP,B,ON,310.00,-6.20000555,106.48667808
12_BALARAJA_TIMUR_RAMP_B_ON_R026,BALARAJA TIMUR,RAMP,B,ON,315.00,-6.19996092,106.48667254
12_BALARAJA_TIMUR_RAMP_B_ON_R026,BALARAJA TIMUR,RAMP,B,ON,320.00,-6.19991626,106.48666723
12_BALARAJA_TIMUR_RAMP_B_ON_R026,BALARAJA TIMUR,RAMP,B,ON,325.00,-6.19987160,106.48666197
12_BALARAJA_TIMUR_RAMP_B_ON_R026,BALARAJA TIMUR,RAMP,B,ON,330.00,-6.19982694,106.48665670
12_BALARAJA_TIMUR_RAMP_B_ON_R026,BALARAJA TIMUR,RAMP,B,ON,335.00,-6.19978228,106.48665144
12_BALARAJA_TIMUR_RAMP_B_ON_R026,BALARAJA TIMUR,RAMP,B,ON,340.00,-6.19973762,106.48664617
12_BALARAJA_TIMUR_RAMP_B_ON_R026,BALARAJA TIMUR,RAMP,B,ON,345.00,-6.19969283,106.48664312
12_BALARAJA_TIMUR_RAMP_B_ON_R026,BALARAJA TIMUR,RAMP,B,ON,350.00,-6.19964786,106.48664293
12_BALARAJA_TIMUR_RAMP_B_ON_R026,BALARAJA TIMUR,RAMP,B,ON,355.00,-6.19960290,106.48664274
12_BALARAJA_TIMUR_RAMP_B_ON_R026,BALARAJA TIMUR,RAMP,B,ON,360.00,-6.19955793,106.48664255
12_BALARAJA_TIMUR_RAMP_B_ON_R026,BALARAJA TIMUR,RAMP,B,ON,365.00,-6.19951297,106.48664231
12_BALARAJA_TIMUR_RAMP_B_ON_R026,BALARAJA TIMUR,RAMP,B,ON,370.00,-6.19946800,106.48664181
12_BALARAJA_TIMUR_RAMP_B_ON_R026,BALARAJA TIMUR,RAMP,B,ON,375.00,-6.19942304,106.48664132
12_BALARAJA_TIMUR_RAMP_B_ON_R026,BALARAJA TIMUR,RAMP,B,ON,380.00,-6.19937808,106.48664082
12_BALARAJA_TIMUR_RAMP_B_ON_R026,BALARAJA TIMUR,RAMP,B,ON,385.00,-6.19933311,106.48664032
12_BALARAJA_TIMUR_RAMP_B_ON_R026,BALARAJA TIMUR,RAMP,B,ON,390.00,-6.19928815,106.48663982
12_BALARAJA_TIMUR_RAMP_B_ON_R026,BALARAJA TIMUR,RAMP,B,ON,395.00,-6.19924331,106.48664312
12_BALARAJA_TIMUR_RAMP_B_ON_R026,BALARAJA TIMUR,RAMP,B,ON,400.00,-6.19919848,106.48664662
12_BALARAJA_TIMUR_RAMP_B_ON_R026,BALARAJA TIMUR,RAMP,B,ON,405.00,-6.19915365,106.48665011
12_BALARAJA_TIMUR_RAMP_B_ON_R026,BALARAJA TIMUR,RAMP,B,ON,410.00,-6.19910882,106.48665361
12_BALARAJA_TIMUR_RAMP_B_ON_R026,BALARAJA TIMUR,RAMP,B,ON,415.00,-6.19906398,106.48665710
12_BALARAJA_TIMUR_RAMP_B_ON_R026,BALARAJA TIMUR,RAMP,B,ON,420.00,-6.19902019,106.48666653
12_BALARAJA_TIMUR_RAMP_B_ON_R026,BALARAJA TIMUR,RAMP,B,ON,425.00,-6.19897688,106.48667866
12_BALARAJA_TIMUR_RAMP_B_ON_R026,BALARAJA TIMUR,RAMP,B,ON,430.00,-6.19893367,106.48669110
12_BALARAJA_TIMUR_RAMP_B_ON_R026,BALARAJA TIMUR,RAMP,B,ON,435.00,-6.19889380,106.48671200
12_BALARAJA_TIMUR_RAMP_B_ON_R026,BALARAJA TIMUR,RAMP,B,ON,440.00,-6.19885393,106.48673291
12_BALARAJA_TIMUR_RAMP_B_ON_R026,BALARAJA TIMUR,RAMP,B,ON,445.00,-6.19881363,106.48675298
12_BALARAJA_TIMUR_RAMP_B_ON_R026,BALARAJA TIMUR,RAMP,B,ON,450.00,-6.19877330,106.48677299
12_BALARAJA_TIMUR_RAMP_B_ON_R026,BALARAJA TIMUR,RAMP,B,ON,455.00,-6.19873297,106.48679299
12_BALARAJA_TIMUR_RAMP_B_ON_R026,BALARAJA TIMUR,RAMP,B,ON,460.00,-6.19869264,106.48681300
12_BALARAJA_TIMUR_RAMP_B_ON_R026,BALARAJA TIMUR,RAMP,B,ON,465.00,-6.19865795,106.48684155
12_BALARAJA_TIMUR_RAMP_B_ON_R026,BALARAJA TIMUR,RAMP,B,ON,470.00,-6.19862391,106.48687111
12_BALARAJA_TIMUR_RAMP_B_ON_R026,BALARAJA TIMUR,RAMP,B,ON,475.00,-6.19858988,106.48690067
12_BALARAJA_TIMUR_RAMP_B_ON_R026,BALARAJA TIMUR,RAMP,B,ON,480.00,-6.19855584,106.48693023
12_BALARAJA_TIMUR_RAMP_B_ON_R026,BALARAJA TIMUR,RAMP,B,ON,485.00,-6.19852410,106.48696225
12_BALARAJA_TIMUR_RAMP_B_ON_R026,BALARAJA TIMUR,RAMP,B,ON,490.00,-6.19849251,106.48699444
12_BALARAJA_TIMUR_RAMP_B_ON_R026,BALARAJA TIMUR,RAMP,B,ON,495.00,-6.19846091,106.48702662
12_BALARAJA_TIMUR_RAMP_B_ON_R026,BALARAJA TIMUR,RAMP,B,ON,500.00,-6.19842932,106.48705881
12_BALARAJA_TIMUR_RAMP_B_ON_R026,BALARAJA TIMUR,RAMP,B,ON,505.00,-6.19840131,106.48709392
12_BALARAJA_TIMUR_RAMP_B_ON_R026,BALARAJA TIMUR,RAMP,B,ON,510.00,-6.19837646,106.48713162
12_BALARAJA_TIMUR_RAMP_B_ON_R026,BALARAJA TIMUR,RAMP,B,ON,515.00,-6.19835162,106.48716932
12_BALARAJA_TIMUR_RAMP_B_ON_R026,BALARAJA TIMUR,RAMP,B,ON,520.00,-6.19833142,106.48720952
12_BALARAJA_TIMUR_RAMP_B_ON_R026,BALARAJA TIMUR,RAMP,B,ON,525.00,-6.19831396,106.48725120
12_BALARAJA_TIMUR_RAMP_B_ON_R026,BALARAJA TIMUR,RAMP,B,ON,530.00,-6.19829650,106.48729289
12_BALARAJA_TIMUR_RAMP_B_ON_R026,BALARAJA TIMUR,RAMP,B,ON,535.00,-6.19827945,106.48733473
12_BALARAJA_TIMUR_RAMP_B_ON_R026,BALARAJA TIMUR,RAMP,B,ON,540.00,-6.19826327,106.48737694
12_BALARAJA_TIMUR_RAMP_B_ON_R026,BALARAJA TIMUR,RAMP,B,ON,545.00,-6.19824711,106.48741914
12_BALARAJA_TIMUR_RAMP_B_ON_R026,BALARAJA TIMUR,RAMP,B,ON,550.00,-6.19823520,106.48746246
12_BALARAJA_TIMUR_RAMP_B_ON_R026,BALARAJA TIMUR,RAMP,B,ON,555.00,-6.19822893,106.48750725
12_BALARAJA_TIMUR_RAMP_B_ON_R026,BALARAJA TIMUR,RAMP,B,ON,560.00,-6.19822271,106.48755204
12_BALARAJA_TIMUR_RAMP_B_ON_R026,BALARAJA TIMUR,RAMP,B,ON,565.00,-6.19821649,106.48759684
12_BALARAJA_TIMUR_RAMP_B_ON_R026,BALARAJA TIMUR,RAMP,B,ON,570.00,-6.19821385,106.48764191
12_BALARAJA_TIMUR_RAMP_B_ON_R026,BALARAJA TIMUR,RAMP,B,ON,575.00,-6.19821330,106.48768714
12_BALARAJA_TIMUR_RAMP_B_ON_R026,BALARAJA TIMUR,RAMP,B,ON,580.00,-6.19821327,106.48773236
12_BALARAJA_TIMUR_RAMP_B_ON_R026,BALARAJA TIMUR,RAMP,B,ON,585.00,-6.19821461,106.48777757
12_BALARAJA_TIMUR_RAMP_B_ON_R026,BALARAJA TIMUR,RAMP,B,ON,590.00,-6.19821594,106.48782278
12_BALARAJA_TIMUR_RAMP_B_ON_R026,BALARAJA TIMUR,RAMP,B,ON,595.00,-6.19822093,106.48786758
12_BALARAJA_TIMUR_RAMP_B_ON_R026,BALARAJA TIMUR,RAMP,B,ON,600.00,-6.19822946,106.48791199
12_BALARAJA_TIMUR_RAMP_B_ON_R026,BALARAJA TIMUR,RAMP,B,ON,605.00,-6.19823798,106.48795640
12_BALARAJA_TIMUR_RAMP_B_ON_R026,BALARAJA TIMUR,RAMP,B,ON,610.00,-6.19825235,106.48799917
12_BALARAJA_TIMUR_RAMP_B_ON_R026,BALARAJA TIMUR,RAMP,B,ON,615.00,-6.19826799,106.48804158
12_BALARAJA_TIMUR_RAMP_B_ON_R026,BALARAJA TIMUR,RAMP,B,ON,620.00,-6.19828362,106.48808399
12_BALARAJA_TIMUR_RAMP_B_ON_R026,BALARAJA TIMUR,RAMP,B,ON,625.00,-6.19830263,106.48812486
12_BALARAJA_TIMUR_RAMP_B_ON_R026,BALARAJA TIMUR,RAMP,B,ON,630.00,-6.19832398,106.48816467
12_BALARAJA_TIMUR_RAMP_B_ON_R026,BALARAJA TIMUR,RAMP,B,ON,635.00,-6.19834533,106.48820447
12_BALARAJA_TIMUR_RAMP_B_ON_R026,BALARAJA TIMUR,RAMP,B,ON,640.00,-6.19836668,106.48824428
12_BALARAJA_TIMUR_RAMP_B_ON_R026,BALARAJA TIMUR,RAMP,B,ON,645.00,-6.19838802,106.48828409
12_BALARAJA_TIMUR_RAMP_B_ON_R026,BALARAJA TIMUR,RAMP,B,ON,650.00,-6.19840937,106.48832390
12_BALARAJA_TIMUR_RAMP_B_ON_R026,BALARAJA TIMUR,RAMP,B,ON,655.00,-6.19843615,106.48836015
12_BALARAJA_TIMUR_RAMP_B_ON_R026,BALARAJA TIMUR,RAMP,B,ON,660.00,-6.19846364,106.48839594
12_BALARAJA_TIMUR_RAMP_B_ON_R026,BALARAJA TIMUR,RAMP,B,ON,665.00,-6.19849114,106.48843173
12_BALARAJA_TIMUR_RAMP_B_ON_R026,BALARAJA TIMUR,RAMP,B,ON,670.00,-6.19851865,106.48846751
12_BALARAJA_TIMUR_RAMP_B_ON_R026,BALARAJA TIMUR,RAMP,B,ON,675.00,-6.19854642,106.48850308
12_BALARAJA_TIMUR_RAMP_B_ON_R026,BALARAJA TIMUR,RAMP,B,ON,680.00,-6.19857420,106.48853865
12_BALARAJA_TIMUR_RAMP_B_ON_R026,BALARAJA TIMUR,RAMP,B,ON,685.00,-6.19860234,106.48857392
12_BALARAJA_TIMUR_RAMP_B_ON_R026,BALARAJA TIMUR,RAMP,B,ON,690.00,-6.19863098,106.48860879
12_BALARAJA_TIMUR_RAMP_B_ON_R026,BALARAJA TIMUR,RAMP,B,ON,695.00,-6.19865970,106.48864360
12_BALARAJA_TIMUR_RAMP_B_ON_R026,BALARAJA TIMUR,RAMP,B,ON,700.00,-6.19868843,106.48867839
12_BALARAJA_TIMUR_RAMP_B_ON_R026,BALARAJA TIMUR,RAMP,B,ON,705.00,-6.19871717,106.48871318
12_BALARAJA_TIMUR_RAMP_B_ON_R026,BALARAJA TIMUR,RAMP,B,ON,710.00,-6.19874591,106.48874797
12_BALARAJA_TIMUR_RAMP_B_ON_R026,BALARAJA TIMUR,RAMP,B,ON,715.00,-6.19877464,106.48878276
12_BALARAJA_TIMUR_RAMP_B_ON_R026,BALARAJA TIMUR,RAMP,B,ON,720.00,-6.19880338,106.48881754
12_BALARAJA_TIMUR_RAMP_B_ON_R026,BALARAJA TIMUR,RAMP,B,ON,725.00,-6.19883211,106.48885233
12_BALARAJA_TIMUR_RAMP_B_ON_R026,BALARAJA TIMUR,RAMP,B,ON,730.00,-6.19886085,106.48888712
12_BALARAJA_TIMUR_RAMP_B_ON_R026,BALARAJA TIMUR,RAMP,B,ON,735.00,-6.19888959,106.48892191
12_BALARAJA_TIMUR_RAMP_B_ON_R026,BALARAJA TIMUR,RAMP,B,ON,740.00,-6.19891832,106.48895670
12_BALARAJA_TIMUR_RAMP_B_ON_R026,BALARAJA TIMUR,RAMP,B,ON,745.00,-6.19894706,106.48899149
12_BALARAJA_TIMUR_RAMP_B_ON_R026,BALARAJA TIMUR,RAMP,B,ON,750.00,-6.19897579,106.48902628
12_BALARAJA_TIMUR_RAMP_B_ON_R026,BALARAJA TIMUR,RAMP,B,ON,755.00,-6.19900404,106.48906147
12_BALARAJA_TIMUR_RAMP_B_ON_R026,BALARAJA TIMUR,RAMP,B,ON,760.00,-6.19903192,106.48909696
12_BALARAJA_TIMUR_RAMP_B_ON_R026,BALARAJA TIMUR,RAMP,B,ON,765.00,-6.19905979,106.48913245
12_BALARAJA_TIMUR_RAMP_B_ON_R026,BALARAJA TIMUR,RAMP,B,ON,770.00,-6.19908766,106.48916794
12_BALARAJA_TIMUR_RAMP_B_ON_R026,BALARAJA TIMUR,RAMP,B,ON,775.00,-6.19911554,106.48920344
12_BALARAJA_TIMUR_RAMP_B_ON_R026,BALARAJA TIMUR,RAMP,B,ON,780.00,-6.19914341,106.48923893
12_BALARAJA_TIMUR_RAMP_B_ON_R026,BALARAJA TIMUR,RAMP,B,ON,785.00,-6.19917129,106.48927442
12_BALARAJA_TIMUR_RAMP_B_ON_R026,BALARAJA TIMUR,RAMP,B,ON,790.00,-6.19919916,106.48930991
12_BALARAJA_TIMUR_RAMP_B_ON_R026,BALARAJA TIMUR,RAMP,B,ON,795.00,-6.19922704,106.48934540
12_BALARAJA_TIMUR_RAMP_B_ON_R026,BALARAJA TIMUR,RAMP,B,ON,800.00,-6.19925491,106.48938089
12_BALARAJA_TIMUR_RAMP_B_ON_R026,BALARAJA TIMUR,RAMP,B,ON,805.00,-6.19928279,106.48941639
12_BALARAJA_TIMUR_RAMP_B_ON_R026,BALARAJA TIMUR,RAMP,B,ON,810.00,-6.19931051,106.48945200
12_BALARAJA_TIMUR_RAMP_B_ON_R026,BALARAJA TIMUR,RAMP,B,ON,815.00,-6.19933858,106.48948733
12_BALARAJA_TIMUR_RAMP_B_ON_R026,BALARAJA TIMUR,RAMP,B,ON,820.00,-6.19936433,106.48952435
12_BALARAJA_TIMUR_RAMP_B_ON_R026,BALARAJA TIMUR,RAMP,B,ON,825.00,-6.19938884,106.48956227
12_BALARAJA_TIMUR_RAMP_B_ON_R026,BALARAJA TIMUR,RAMP,B,ON,830.00,-6.19941335,106.48960019
12_BALARAJA_TIMUR_RAMP_B_ON_R026,BALARAJA TIMUR,RAMP,B,ON,835.00,-6.19943786,106.48963811
12_BALARAJA_TIMUR_RAMP_B_ON_R026,BALARAJA TIMUR,RAMP,B,ON,840.00,-6.19946237,106.48967603
12_BALARAJA_TIMUR_RAMP_B_ON_R026,BALARAJA TIMUR,RAMP,B,ON,845.00,-6.19948688,106.48971395
12_BALARAJA_TIMUR_RAMP_B_ON_R026,BALARAJA TIMUR,RAMP,B,ON,850.00,-6.19951139,106.48975188
12_BALARAJA_TIMUR_RAMP_B_ON_R026,BALARAJA TIMUR,RAMP,B,ON,855.00,-6.19953590,106.48978980
12_BALARAJA_TIMUR_RAMP_B_ON_R026,BALARAJA TIMUR,RAMP,B,ON,860.00,-6.19956041,106.48982772
12_BALARAJA_TIMUR_RAMP_B_ON_R026,BALARAJA TIMUR,RAMP,B,ON,865.00,-6.19958492,106.48986564
12_BALARAJA_TIMUR_RAMP_B_ON_R026,BALARAJA TIMUR,RAMP,B,ON,870.00,-6.19960942,106.48990356
12_BALARAJA_TIMUR_RAMP_B_ON_R026,BALARAJA TIMUR,RAMP,B,ON,875.00,-6.19962786,106.48994454
12_BALARAJA_TIMUR_RAMP_B_ON_R026,BALARAJA TIMUR,RAMP,B,ON,880.00,-6.19964337,106.48998700
12_BALARAJA_TIMUR_RAMP_B_ON_R026,BALARAJA TIMUR,RAMP,B,ON,885.00,-6.19965887,106.49002945
12_BALARAJA_TIMUR_RAMP_B_ON_R026,BALARAJA TIMUR,RAMP,B,ON,890.00,-6.19967279,106.49007242
12_BALARAJA_TIMUR_RAMP_B_ON_R026,BALARAJA TIMUR,RAMP,B,ON,895.00,-6.19968457,106.49011607
12_BALARAJA_TIMUR_RAMP_B_ON_R026,BALARAJA TIMUR,RAMP,B,ON,900.00,-6.19969634,106.49015972
12_BALARAJA_TIMUR_RAMP_B_ON_R026,BALARAJA TIMUR,RAMP,B,ON,905.00,-6.19970982,106.49020283
12_BALARAJA_TIMUR_RAMP_B_ON_R026,BALARAJA TIMUR,RAMP,B,ON,910.00,-6.19972510,106.49024537
12_BALARAJA_TIMUR_RAMP_B_ON_R026,BALARAJA TIMUR,RAMP,B,ON,915.00,-6.19974039,106.49028791
12_BALARAJA_TIMUR_RAMP_B_ON_R026,BALARAJA TIMUR,RAMP,B,ON,920.00,-6.19975568,106.49033044
12_BALARAJA_TIMUR_RAMP_B_ON_R026,BALARAJA TIMUR,RAMP,B,ON,925.00,-6.19976028,106.49037520
12_BALARAJA_TIMUR_RAMP_B_ON_R026,BALARAJA TIMUR,RAMP,B,ON,930.00,-6.19976297,106.49042035
12_BALARAJA_TIMUR_RAMP_B_ON_R026,BALARAJA TIMUR,RAMP,B,ON,935.00,-6.19976565,106.49046550
12_BALARAJA_TIMUR_RAMP_B_ON_R026,BALARAJA TIMUR,RAMP,B,ON,940.00,-6.19976834,106.49051065
12_BALARAJA_TIMUR_RAMP_B_ON_R026,BALARAJA TIMUR,RAMP,B,ON,945.00,-6.19977103,106.49055580
12_BALARAJA_TIMUR_RAMP_B_ON_R026,BALARAJA TIMUR,RAMP,B,ON,950.00,-6.19977372,106.49060095
12_BALARAJA_TIMUR_RAMP_B_ON_R026,BALARAJA TIMUR,RAMP,B,ON,955.00,-6.19977640,106.49064609
12_BALARAJA_TIMUR_RAMP_B_ON_R026,BALARAJA TIMUR,RAMP,B,ON,960.00,-6.19977909,106.49069124
12_BALARAJA_TIMUR_RAMP_B_ON_R026,BALARAJA TIMUR,RAMP,B,ON,965.00,-6.19978178,106.49073639
12_BALARAJA_TIMUR_RAMP_B_ON_R026,BALARAJA TIMUR,RAMP,B,ON,970.00,-6.19978446,106.49078154
12_BALARAJA_TIMUR_RAMP_B_ON_R026,BALARAJA TIMUR,RAMP,B,ON,975.00,-6.19978715,106.49082669
12_BALARAJA_TIMUR_RAMP_B_ON_R026,BALARAJA TIMUR,RAMP,B,ON,980.00,-6.19978984,106.49087184
12_BALARAJA_TIMUR_RAMP_B_ON_R026,BALARAJA TIMUR,RAMP,B,ON,985.00,-6.19979253,106.49091699
12_BALARAJA_TIMUR_RAMP_B_ON_R026,BALARAJA TIMUR,RAMP,B,ON,990.00,-6.19979521,106.49096214
12_BALARAJA_TIMUR_RAMP_B_ON_R026,BALARAJA TIMUR,RAMP,B,ON,995.00,-6.19979790,106.49100729
12_BALARAJA_TIMUR_RAMP_B_ON_R026,BALARAJA TIMUR,RAMP,B,ON,1000.00,-6.19980059,106.49105244
12_BALARAJA_TIMUR_RAMP_B_ON_R026,BALARAJA TIMUR,RAMP,B,ON,1005.00,-6.19980449,106.49109749
12_BALARAJA_TIMUR_RAMP_B_ON_R026,BALARAJA TIMUR,RAMP,B,ON,1010.00,-6.19980956,106.49114243
12_BALARAJA_TIMUR_RAMP_B_ON_R026,BALARAJA TIMUR,RAMP,B,ON,1015.00,-6.19981462,106.49118737
12_BALARAJA_TIMUR_RAMP_B_ON_R026,BALARAJA TIMUR,RAMP,B,ON,1020.00,-6.19981969,106.49123232
12_BALARAJA_TIMUR_RAMP_B_ON_R026,BALARAJA TIMUR,RAMP,B,ON,1025.00,-6.19982475,106.49127726
12_BALARAJA_TIMUR_RAMP_B_ON_R026,BALARAJA TIMUR,RAMP,B,ON,1030.00,-6.19982982,106.49132220
12_BALARAJA_TIMUR_RAMP_B_ON_R026,BALARAJA TIMUR,RAMP,B,ON,1035.00,-6.19983488,106.49136714
12_BALARAJA_TIMUR_RAMP_B_ON_R026,BALARAJA TIMUR,RAMP,B,ON,1040.00,-6.19983994,106.49141209
12_BALARAJA_TIMUR_RAMP_B_ON_R026,BALARAJA TIMUR,RAMP,B,ON,1045.00,-6.19984501,106.49145703
12_BALARAJA_TIMUR_RAMP_B_ON_R026,BALARAJA TIMUR,RAMP,B,ON,1050.00,-6.19985007,106.49150197
12_BALARAJA_TIMUR_RAMP_B_ON_R026,BALARAJA TIMUR,RAMP,B,ON,1055.00,-6.19985514,106.49154691
12_BALARAJA_TIMUR_RAMP_B_ON_R026,BALARAJA TIMUR,RAMP,B,ON,1060.00,-6.19986020,106.49159186
12_BALARAJA_TIMUR_RAMP_B_ON_R026,BALARAJA TIMUR,RAMP,B,ON,1065.00,-6.19986527,106.49163680
12_BALARAJA_TIMUR_RAMP_B_ON_R026,BALARAJA TIMUR,RAMP,B,ON,1070.00,-6.19987033,106.49168174
12_BALARAJA_TIMUR_RAMP_B_ON_R026,BALARAJA TIMUR,RAMP,B,ON,1075.00,-6.19987540,106.49172669
12_BALARAJA_TIMUR_RAMP_B_ON_R026,BALARAJA TIMUR,RAMP,B,ON,1080.00,-6.19988046,106.49177163
12_BALARAJA_TIMUR_RAMP_B_ON_R026,BALARAJA TIMUR,RAMP,B,ON,1085.00,-6.19988553,106.49181657
12_BALARAJA_TIMUR_RAMP_B_ON_R026,BALARAJA TIMUR,RAMP,B,ON,1090.00,-6.19989059,106.49186151
12_BALARAJA_TIMUR_RAMP_B_ON_R026,BALARAJA TIMUR,RAMP,B,ON,1095.00,-6.19989566,106.49190646
12_BALARAJA_TIMUR_RAMP_B_ON_R026,BALARAJA TIMUR,RAMP,B,ON,1100.00,-6.19990072,106.49195140
12_BALARAJA_TIMUR_RAMP_B_ON_R026,BALARAJA TIMUR,RAMP,B,ON,1105.00,-6.19990579,106.49199634
12_BALARAJA_TIMUR_RAMP_B_ON_R026,BALARAJA TIMUR,RAMP,B,ON,1110.00,-6.19991085,106.49204129
12_BALARAJA_TIMUR_RAMP_B_ON_R026,BALARAJA TIMUR,RAMP,B,ON,1115.00,-6.19991592,106.49208623
12_BALARAJA_TIMUR_RAMP_B_ON_R026,BALARAJA TIMUR,RAMP,B,ON,1120.00,-6.19992098,106.49213117
12_BALARAJA_TIMUR_RAMP_B_ON_R026,BALARAJA TIMUR,RAMP,B,ON,1125.00,-6.19992611,106.49217611
12_BALARAJA_TIMUR_RAMP_B_ON_R026,BALARAJA TIMUR,RAMP,B,ON,1130.00,-6.19993318,106.49222077
12_BALARAJA_TIMUR_RAMP_B_ON_R026,BALARAJA TIMUR,RAMP,B,ON,1135.00,-6.19994025,106.49226544
12_BALARAJA_TIMUR_RAMP_B_ON_R026,BALARAJA TIMUR,RAMP,B,ON,1140.00,-6.19994732,106.49231011
12_BALARAJA_TIMUR_RAMP_B_ON_R026,BALARAJA TIMUR,RAMP,B,ON,1145.00,-6.19995439,106.49235478
12_BALARAJA_TIMUR_RAMP_B_ON_R026,BALARAJA TIMUR,RAMP,B,ON,1150.00,-6.19996147,106.49239944
12_BALARAJA_TIMUR_RAMP_B_ON_R026,BALARAJA TIMUR,RAMP,B,ON,1155.00,-6.19996854,106.49244411
12_BALARAJA_TIMUR_RAMP_B_ON_R026,BALARAJA TIMUR,RAMP,B,ON,1160.00,-6.19997561,106.49248878
12_BALARAJA_TIMUR_RAMP_B_ON_R026,BALARAJA TIMUR,RAMP,B,ON,1165.00,-6.19998268,106.49253345
12_BALARAJA_TIMUR_RAMP_B_ON_R026,BALARAJA TIMUR,RAMP,B,ON,1170.00,-6.19999465,106.49257695
12_BALARAJA_TIMUR_RAMP_B_ON_R026,BALARAJA TIMUR,RAMP,B,ON,1175.00,-6.20001670,106.49261494
12_BALARAJA_TIMUR_RAMP_B_ON_R026,BALARAJA TIMUR,RAMP,B,ON,1180.00,-6.20004822,106.49264720
12_BALARAJA_TIMUR_RAMP_B_ON_R026,BALARAJA TIMUR,RAMP,B,ON,1185.00,-6.20007974,106.49267945
12_BALARAJA_TIMUR_RAMP_B_ON_R026,BALARAJA TIMUR,RAMP,B,ON,1190.00,-6.20009949,106.49271763
12_BALARAJA_TIMUR_RAMP_B_ON_R026,BALARAJA TIMUR,RAMP,B,ON,1195.00,-6.20010640,106.49276232
12_BALARAJA_TIMUR_RAMP_B_ON_R026,BALARAJA TIMUR,RAMP,B,ON,1198.16,-6.20011090,106.49279050
12_BALARAJA_TIMUR_RAMP_A_ON_R027,BALARAJA TIMUR,RAMP,A,ON,0.00,-6.20277260,106.48701050
12_BALARAJA_TIMUR_RAMP_A_ON_R027,BALARAJA TIMUR,RAMP,A,ON,5.00,-6.20272765,106.48700919
12_BALARAJA_TIMUR_RAMP_A_ON_R027,BALARAJA TIMUR,RAMP,A,ON,10.00,-6.20268271,106.48700789
12_BALARAJA_TIMUR_RAMP_A_ON_R027,BALARAJA TIMUR,RAMP,A,ON,15.00,-6.20263776,106.48700658
12_BALARAJA_TIMUR_RAMP_A_ON_R027,BALARAJA TIMUR,RAMP,A,ON,20.00,-6.20259285,106.48700435
12_BALARAJA_TIMUR_RAMP_A_ON_R027,BALARAJA TIMUR,RAMP,A,ON,25.00,-6.20254798,106.48700138
12_BALARAJA_TIMUR_RAMP_A_ON_R027,BALARAJA TIMUR,RAMP,A,ON,30.00,-6.20250309,106.48699885
12_BALARAJA_TIMUR_RAMP_A_ON_R027,BALARAJA TIMUR,RAMP,A,ON,35.00,-6.20245818,106.48699653
12_BALARAJA_TIMUR_RAMP_A_ON_R027,BALARAJA TIMUR,RAMP,A,ON,40.00,-6.20241480,106.48698761
12_BALARAJA_TIMUR_RAMP_A_ON_R027,BALARAJA TIMUR,RAMP,A,ON,45.00,-6.20237347,106.48696980
12_BALARAJA_TIMUR_RAMP_A_ON_R027,BALARAJA TIMUR,RAMP,A,ON,50.00,-6.20233214,106.48695198
12_BALARAJA_TIMUR_RAMP_A_ON_R027,BALARAJA TIMUR,RAMP,A,ON,55.00,-6.20229080,106.48693417
12_BALARAJA_TIMUR_RAMP_A_ON_R027,BALARAJA TIMUR,RAMP,A,ON,60.00,-6.20224698,106.48692444
12_BALARAJA_TIMUR_RAMP_A_ON_R027,BALARAJA TIMUR,RAMP,A,ON,65.00,-6.20220288,106.48691560
12_BALARAJA_TIMUR_RAMP_A_ON_R027,BALARAJA TIMUR,RAMP,A,ON,70.00,-6.20215878,106.48690676
12_BALARAJA_TIMUR_RAMP_A_ON_R027,BALARAJA TIMUR,RAMP,A,ON,75.00,-6.20211473,106.48689767
12_BALARAJA_TIMUR_RAMP_A_ON_R027,BALARAJA TIMUR,RAMP,A,ON,80.00,-6.20207072,106.48688844
12_BALARAJA_TIMUR_RAMP_A_ON_R027,BALARAJA TIMUR,RAMP,A,ON,85.00,-6.20202670,106.48687920
12_BALARAJA_TIMUR_RAMP_A_ON_R027,BALARAJA TIMUR,RAMP,A,ON,90.00,-6.20198268,106.48686996
12_BALARAJA_TIMUR_RAMP_A_ON_R027,BALARAJA TIMUR,RAMP,A,ON,95.00,-6.20193878,106.48686018
12_BALARAJA_TIMUR_RAMP_A_ON_R027,BALARAJA TIMUR,RAMP,A,ON,100.00,-6.20189488,106.48685037
12_BALARAJA_TIMUR_RAMP_A_ON_R027,BALARAJA TIMUR,RAMP,A,ON,105.00,-6.20185099,106.48684056
12_BALARAJA_TIMUR_RAMP_A_ON_R027,BALARAJA TIMUR,RAMP,A,ON,110.00,-6.20180709,106.48683075
12_BALARAJA_TIMUR_RAMP_A_ON_R027,BALARAJA TIMUR,RAMP,A,ON,115.00,-6.20176320,106.48682093
12_BALARAJA_TIMUR_RAMP_A_ON_R027,BALARAJA TIMUR,RAMP,A,ON,120.00,-6.20171930,106.48681112
12_BALARAJA_TIMUR_RAMP_A_ON_R027,BALARAJA TIMUR,RAMP,A,ON,125.00,-6.20167537,106.48680147
12_BALARAJA_TIMUR_RAMP_A_ON_R027,BALARAJA TIMUR,RAMP,A,ON,130.00,-6.20163143,106.48679185
12_BALARAJA_TIMUR_RAMP_A_ON_R027,BALARAJA TIMUR,RAMP,A,ON,135.00,-6.20158749,106.48678225
12_BALARAJA_TIMUR_RAMP_A_ON_R027,BALARAJA TIMUR,RAMP,A,ON,140.00,-6.20154355,106.48677267
12_BALARAJA_TIMUR_RAMP_A_ON_R027,BALARAJA TIMUR,RAMP,A,ON,145.00,-6.20150000,106.48676139
12_BALARAJA_TIMUR_RAMP_A_ON_R027,BALARAJA TIMUR,RAMP,A,ON,150.00,-6.20145652,106.48674988
12_BALARAJA_TIMUR_RAMP_A_ON_R027,BALARAJA TIMUR,RAMP,A,ON,155.00,-6.20141303,106.48673837
12_BALARAJA_TIMUR_RAMP_A_ON_R027,BALARAJA TIMUR,RAMP,A,ON,160.00,-6.20136976,106.48672620
12_BALARAJA_TIMUR_RAMP_A_ON_R027,BALARAJA TIMUR,RAMP,A,ON,165.00,-6.20132762,106.48671042
12_BALARAJA_TIMUR_RAMP_A_ON_R027,BALARAJA TIMUR,RAMP,A,ON,170.00,-6.20128547,106.48669465
12_BALARAJA_TIMUR_RAMP_A_ON_R027,BALARAJA TIMUR,RAMP,A,ON,175.00,-6.20124406,106.48667727
12_BALARAJA_TIMUR_RAMP_A_ON_R027,BALARAJA TIMUR,RAMP,A,ON,180.00,-6.20120478,106.48665526
12_BALARAJA_TIMUR_RAMP_A_ON_R027,BALARAJA TIMUR,RAMP,A,ON,185.00,-6.20116550,106.48663324
12_BALARAJA_TIMUR_RAMP_A_ON_R027,BALARAJA TIMUR,RAMP,A,ON,190.00,-6.20112683,106.48661030
12_BALARAJA_TIMUR_RAMP_A_ON_R027,BALARAJA TIMUR,RAMP,A,ON,195.00,-6.20109130,106.48658258
12_BALARAJA_TIMUR_RAMP_A_ON_R027,BALARAJA TIMUR,RAMP,A,ON,200.00,-6.20105616,106.48655437
12_BALARAJA_TIMUR_RAMP_A_ON_R027,BALARAJA TIMUR,RAMP,A,ON,205.00,-6.20102135,106.48652573
12_BALARAJA_TIMUR_RAMP_A_ON_R027,BALARAJA TIMUR,RAMP,A,ON,210.00,-6.20098654,106.48649710
12_BALARAJA_TIMUR_RAMP_A_ON_R027,BALARAJA TIMUR,RAMP,A,ON,215.00,-6.20095173,106.48646847
12_BALARAJA_TIMUR_RAMP_A_ON_R027,BALARAJA TIMUR,RAMP,A,ON,220.00,-6.20092271,106.48643417
12_BALARAJA_TIMUR_RAMP_A_ON_R027,BALARAJA TIMUR,RAMP,A,ON,225.00,-6.20089517,106.48639841
12_BALARAJA_TIMUR_RAMP_A_ON_R027,BALARAJA TIMUR,RAMP,A,ON,230.00,-6.20086764,106.48636265
12_BALARAJA_TIMUR_RAMP_A_ON_R027,BALARAJA TIMUR,RAMP,A,ON,235.00,-6.20084756,106.48632218
12_BALARAJA_TIMUR_RAMP_A_ON_R027,BALARAJA TIMUR,RAMP,A,ON,240.00,-6.20082750,106.48628170
12_BALARAJA_TIMUR_RAMP_A_ON_R027,BALARAJA TIMUR,RAMP,A,ON,245.00,-6.20080903,106.48624051
12_BALARAJA_TIMUR_RAMP_A_ON_R027,BALARAJA TIMUR,RAMP,A,ON,250.00,-6.20079262,106.48619840
12_BALARAJA_TIMUR_RAMP_A_ON_R027,BALARAJA TIMUR,RAMP,A,ON,255.00,-6.20077620,106.48615629
12_BALARAJA_TIMUR_RAMP_A_ON_R027,BALARAJA TIMUR,RAMP,A,ON,260.00,-6.20076537,106.48611257
12_BALARAJA_TIMUR_RAMP_A_ON_R027,BALARAJA TIMUR,RAMP,A,ON,265.00,-6.20075707,106.48606811
12_BALARAJA_TIMUR_RAMP_A_ON_R027,BALARAJA TIMUR,RAMP,A,ON,270.00,-6.20074876,106.48602366
12_BALARAJA_TIMUR_RAMP_A_ON_R027,BALARAJA TIMUR,RAMP,A,ON,275.00,-6.20074064,106.48597919
12_BALARAJA_TIMUR_RAMP_A_ON_R027,BALARAJA TIMUR,RAMP,A,ON,280.00,-6.20073732,106.48593408
12_BALARAJA_TIMUR_RAMP_A_ON_R027,BALARAJA TIMUR,RAMP,A,ON,285.00,-6.20073400,106.48588897
12_BALARAJA_TIMUR_RAMP_A_ON_R027,BALARAJA TIMUR,RAMP,A,ON,290.00,-6.20073067,106.48584387
12_BALARAJA_TIMUR_RAMP_A_ON_R027,BALARAJA TIMUR,RAMP,A,ON,295.00,-6.20072735,106.48579876
12_BALARAJA_TIMUR_RAMP_A_ON_R027,BALARAJA TIMUR,RAMP,A,ON,300.00,-6.20072660,106.48575355
12_BALARAJA_TIMUR_RAMP_A_ON_R027,BALARAJA TIMUR,RAMP,A,ON,305.00,-6.20072626,106.48570832
12_BALARAJA_TIMUR_RAMP_A_ON_R027,BALARAJA TIMUR,RAMP,A,ON,310.00,-6.20072825,106.48566318
12_BALARAJA_TIMUR_RAMP_A_ON_R027,BALARAJA TIMUR,RAMP,A,ON,315.00,-6.20073221,106.48561813
12_BALARAJA_TIMUR_RAMP_A_ON_R027,BALARAJA TIMUR,RAMP,A,ON,320.00,-6.20073624,106.48557308
12_BALARAJA_TIMUR_RAMP_A_ON_R027,BALARAJA TIMUR,RAMP,A,ON,325.00,-6.20074016,106.48552803
12_BALARAJA_TIMUR_RAMP_A_ON_R027,BALARAJA TIMUR,RAMP,A,ON,330.00,-6.20073866,106.48548282
12_BALARAJA_TIMUR_RAMP_A_ON_R027,BALARAJA TIMUR,RAMP,A,ON,335.00,-6.20073552,106.48543778
12_BALARAJA_TIMUR_RAMP_A_ON_R027,BALARAJA TIMUR,RAMP,A,ON,340.00,-6.20072844,106.48539311
12_BALARAJA_TIMUR_RAMP_A_ON_R027,BALARAJA TIMUR,RAMP,A,ON,341.73,-6.20072600,106.48537770
13_BALARAJA_BARAT_RAMP_A_OFF_R028,BALARAJA BARAT,RAMP,A,OFF,0.00,-6.20453150,106.46167460
13_BALARAJA_BARAT_RAMP_A_OFF_R028,BALARAJA BARAT,RAMP,A,OFF,5.00,-6.20451359,106.46163311
13_BALARAJA_BARAT_RAMP_A_OFF_R028,BALARAJA BARAT,RAMP,A,OFF,10.00,-6.20449568,106.46159162
13_BALARAJA_BARAT_RAMP_A_OFF_R028,BALARAJA BARAT,RAMP,A,OFF,15.00,-6.20447778,106.46155013
13_BALARAJA_BARAT_RAMP_A_OFF_R028,BALARAJA BARAT,RAMP,A,OFF,20.00,-6.20445987,106.46150864
13_BALARAJA_BARAT_RAMP_A_OFF_R028,BALARAJA BARAT,RAMP,A,OFF,25.00,-6.20447028,106.46146667
13_BALARAJA_BARAT_RAMP_A_OFF_R028,BALARAJA BARAT,RAMP,A,OFF,30.00,-6.20448678,106.46142459
13_BALARAJA_BARAT_RAMP_A_OFF_R028,BALARAJA BARAT,RAMP,A,OFF,35.00,-6.20450328,106.46138252
13_BALARAJA_BARAT_RAMP_A_OFF_R028,BALARAJA BARAT,RAMP,A,OFF,40.00,-6.20449699,106.46134070
13_BALARAJA_BARAT_RAMP_A_OFF_R028,BALARAJA BARAT,RAMP,A,OFF,45.00,-6.20447954,106.46129901
13_BALARAJA_BARAT_RAMP_A_OFF_R028,BALARAJA BARAT,RAMP,A,OFF,50.00,-6.20446210,106.46125732
13_BALARAJA_BARAT_RAMP_A_OFF_R028,BALARAJA BARAT,RAMP,A,OFF,55.00,-6.20444466,106.46121564
13_BALARAJA_BARAT_RAMP_A_OFF_R028,BALARAJA BARAT,RAMP,A,OFF,60.00,-6.20442721,106.46117395
13_BALARAJA_BARAT_RAMP_A_OFF_R028,BALARAJA BARAT,RAMP,A,OFF,65.00,-6.20440977,106.46113226
13_BALARAJA_BARAT_RAMP_A_OFF_R028,BALARAJA BARAT,RAMP,A,OFF,70.00,-6.20439233,106.46109057
13_BALARAJA_BARAT_RAMP_A_OFF_R028,BALARAJA BARAT,RAMP,A,OFF,75.00,-6.20437488,106.46104888
13_BALARAJA_BARAT_RAMP_A_OFF_R028,BALARAJA BARAT,RAMP,A,OFF,80.00,-6.20435744,106.46100719
13_BALARAJA_BARAT_RAMP_A_OFF_R028,BALARAJA BARAT,RAMP,A,OFF,85.00,-6.20434000,106.46096550
13_BALARAJA_BARAT_RAMP_A_OFF_R028,BALARAJA BARAT,RAMP,A,OFF,90.00,-6.20432255,106.46092381
13_BALARAJA_BARAT_RAMP_A_OFF_R028,BALARAJA BARAT,RAMP,A,OFF,95.00,-6.20430511,106.46088212
13_BALARAJA_BARAT_RAMP_A_OFF_R028,BALARAJA BARAT,RAMP,A,OFF,100.00,-6.20428767,106.46084043
13_BALARAJA_BARAT_RAMP_A_OFF_R028,BALARAJA BARAT,RAMP,A,OFF,105.00,-6.20427023,106.46079874
13_BALARAJA_BARAT_RAMP_A_OFF_R028,BALARAJA BARAT,RAMP,A,OFF,110.00,-6.20425278,106.46075705
13_BALARAJA_BARAT_RAMP_A_OFF_R028,BALARAJA BARAT,RAMP,A,OFF,115.00,-6.20423534,106.46071537
13_BALARAJA_BARAT_RAMP_A_OFF_R028,BALARAJA BARAT,RAMP,A,OFF,120.00,-6.20421790,106.46067368
13_BALARAJA_BARAT_RAMP_A_OFF_R028,BALARAJA BARAT,RAMP,A,OFF,125.00,-6.20420045,106.46063199
13_BALARAJA_BARAT_RAMP_A_OFF_R028,BALARAJA BARAT,RAMP,A,OFF,130.00,-6.20418301,106.46059030
13_BALARAJA_BARAT_RAMP_A_OFF_R028,BALARAJA BARAT,RAMP,A,OFF,135.00,-6.20416557,106.46054861
13_BALARAJA_BARAT_RAMP_A_OFF_R028,BALARAJA BARAT,RAMP,A,OFF,140.00,-6.20414812,106.46050692
13_BALARAJA_BARAT_RAMP_A_OFF_R028,BALARAJA BARAT,RAMP,A,OFF,145.00,-6.20413068,106.46046523
13_BALARAJA_BARAT_RAMP_A_OFF_R028,BALARAJA BARAT,RAMP,A,OFF,150.00,-6.20411401,106.46042324
13_BALARAJA_BARAT_RAMP_A_OFF_R028,BALARAJA BARAT,RAMP,A,OFF,155.00,-6.20409841,106.46038081
13_BALARAJA_BARAT_RAMP_A_OFF_R028,BALARAJA BARAT,RAMP,A,OFF,160.00,-6.20408282,106.46033839
13_BALARAJA_BARAT_RAMP_A_OFF_R028,BALARAJA BARAT,RAMP,A,OFF,165.00,-6.20406723,106.46029596
13_BALARAJA_BARAT_RAMP_A_OFF_R028,BALARAJA BARAT,RAMP,A,OFF,170.00,-6.20405356,106.46025304
13_BALARAJA_BARAT_RAMP_A_OFF_R028,BALARAJA BARAT,RAMP,A,OFF,175.00,-6.20404689,106.46020831
13_BALARAJA_BARAT_RAMP_A_OFF_R028,BALARAJA BARAT,RAMP,A,OFF,180.00,-6.20404023,106.46016358
13_BALARAJA_BARAT_RAMP_A_OFF_R028,BALARAJA BARAT,RAMP,A,OFF,185.00,-6.20403357,106.46011885
13_BALARAJA_BARAT_RAMP_A_OFF_R028,BALARAJA BARAT,RAMP,A,OFF,190.00,-6.20402692,106.46007411
13_BALARAJA_BARAT_RAMP_A_OFF_R028,BALARAJA BARAT,RAMP,A,OFF,195.00,-6.20402259,106.46002912
13_BALARAJA_BARAT_RAMP_A_OFF_R028,BALARAJA BARAT,RAMP,A,OFF,200.00,-6.20401943,106.45998400
13_BALARAJA_BARAT_RAMP_A_OFF_R028,BALARAJA BARAT,RAMP,A,OFF,205.00,-6.20401628,106.45993888
13_BALARAJA_BARAT_RAMP_A_OFF_R028,BALARAJA BARAT,RAMP,A,OFF,210.00,-6.20401361,106.45989376
13_BALARAJA_BARAT_RAMP_A_OFF_R028,BALARAJA BARAT,RAMP,A,OFF,215.00,-6.20401610,106.45984860
13_BALARAJA_BARAT_RAMP_A_OFF_R028,BALARAJA BARAT,RAMP,A,OFF,220.00,-6.20401859,106.45980344
13_BALARAJA_BARAT_RAMP_A_OFF_R028,BALARAJA BARAT,RAMP,A,OFF,225.00,-6.20402274,106.45975847
13_BALARAJA_BARAT_RAMP_A_OFF_R028,BALARAJA BARAT,RAMP,A,OFF,230.00,-6.20403049,106.45971391
13_BALARAJA_BARAT_RAMP_A_OFF_R028,BALARAJA BARAT,RAMP,A,OFF,235.00,-6.20403823,106.45966936
13_BALARAJA_BARAT_RAMP_A_OFF_R028,BALARAJA BARAT,RAMP,A,OFF,240.00,-6.20404836,106.45962532
13_BALARAJA_BARAT_RAMP_A_OFF_R028,BALARAJA BARAT,RAMP,A,OFF,245.00,-6.20405966,106.45958154
13_BALARAJA_BARAT_RAMP_A_OFF_R028,BALARAJA BARAT,RAMP,A,OFF,250.00,-6.20407096,106.45953776
13_BALARAJA_BARAT_RAMP_A_OFF_R028,BALARAJA BARAT,RAMP,A,OFF,255.00,-6.20408375,106.45949447
13_BALARAJA_BARAT_RAMP_A_OFF_R028,BALARAJA BARAT,RAMP,A,OFF,260.00,-6.20410022,106.45945238
13_BALARAJA_BARAT_RAMP_A_OFF_R028,BALARAJA BARAT,RAMP,A,OFF,265.00,-6.20411674,106.45941031
13_BALARAJA_BARAT_RAMP_A_OFF_R028,BALARAJA BARAT,RAMP,A,OFF,270.00,-6.20413328,106.45936825
13_BALARAJA_BARAT_RAMP_A_OFF_R028,BALARAJA BARAT,RAMP,A,OFF,275.00,-6.20414982,106.45932620
13_BALARAJA_BARAT_RAMP_A_OFF_R028,BALARAJA BARAT,RAMP,A,OFF,280.00,-6.20416634,106.45928413
13_BALARAJA_BARAT_RAMP_A_OFF_R028,BALARAJA BARAT,RAMP,A,OFF,285.00,-6.20418287,106.45924206
13_BALARAJA_BARAT_RAMP_A_OFF_R028,BALARAJA BARAT,RAMP,A,OFF,290.00,-6.20419820,106.45919955
13_BALARAJA_BARAT_RAMP_A_OFF_R028,BALARAJA BARAT,RAMP,A,OFF,295.00,-6.20421276,106.45915676
13_BALARAJA_BARAT_RAMP_A_OFF_R028,BALARAJA BARAT,RAMP,A,OFF,300.00,-6.20422730,106.45911396
13_BALARAJA_BARAT_RAMP_A_OFF_R028,BALARAJA BARAT,RAMP,A,OFF,305.00,-6.20424185,106.45907116
13_BALARAJA_BARAT_RAMP_A_OFF_R028,BALARAJA BARAT,RAMP,A,OFF,310.00,-6.20425643,106.45902837
13_BALARAJA_BARAT_RAMP_A_OFF_R028,BALARAJA BARAT,RAMP,A,OFF,315.00,-6.20427018,106.45898534
13_BALARAJA_BARAT_RAMP_A_OFF_R028,BALARAJA BARAT,RAMP,A,OFF,320.00,-6.20428089,106.45894141
13_BALARAJA_BARAT_RAMP_A_OFF_R028,BALARAJA BARAT,RAMP,A,OFF,325.00,-6.20429162,106.45889749
13_BALARAJA_BARAT_RAMP_A_OFF_R028,BALARAJA BARAT,RAMP,A,OFF,330.00,-6.20430019,106.45885320
13_BALARAJA_BARAT_RAMP_A_OFF_R028,BALARAJA BARAT,RAMP,A,OFF,335.00,-6.20430344,106.45880810
13_BALARAJA_BARAT_RAMP_A_OFF_R028,BALARAJA BARAT,RAMP,A,OFF,340.00,-6.20430482,106.45876290
13_BALARAJA_BARAT_RAMP_A_OFF_R028,BALARAJA BARAT,RAMP,A,OFF,345.00,-6.20429918,106.45871803
13_BALARAJA_BARAT_RAMP_A_OFF_R028,BALARAJA BARAT,RAMP,A,OFF,350.00,-6.20429001,106.45867385
13_BALARAJA_BARAT_RAMP_A_OFF_R028,BALARAJA BARAT,RAMP,A,OFF,355.00,-6.20427853,106.45863011
13_BALARAJA_BARAT_RAMP_A_OFF_R028,BALARAJA BARAT,RAMP,A,OFF,360.00,-6.20426706,106.45858638
13_BALARAJA_BARAT_RAMP_A_OFF_R028,BALARAJA BARAT,RAMP,A,OFF,365.00,-6.20425251,106.45854368
13_BALARAJA_BARAT_RAMP_A_OFF_R028,BALARAJA BARAT,RAMP,A,OFF,370.00,-6.20423554,106.45850179
13_BALARAJA_BARAT_RAMP_A_OFF_R028,BALARAJA BARAT,RAMP,A,OFF,375.00,-6.20421620,106.45846102
13_BALARAJA_BARAT_RAMP_A_OFF_R028,BALARAJA BARAT,RAMP,A,OFF,380.00,-6.20419532,106.45842096
13_BALARAJA_BARAT_RAMP_A_OFF_R028,BALARAJA BARAT,RAMP,A,OFF,385.00,-6.20417315,106.45838164
13_BALARAJA_BARAT_RAMP_A_OFF_R028,BALARAJA BARAT,RAMP,A,OFF,390.00,-6.20414954,106.45834315
13_BALARAJA_BARAT_RAMP_A_OFF_R028,BALARAJA BARAT,RAMP,A,OFF,395.00,-6.20411977,106.45830937
13_BALARAJA_BARAT_RAMP_A_OFF_R028,BALARAJA BARAT,RAMP,A,OFF,400.00,-6.20408910,106.45827630
13_BALARAJA_BARAT_RAMP_A_OFF_R028,BALARAJA BARAT,RAMP,A,OFF,405.00,-6.20405660,106.45824506
13_BALARAJA_BARAT_RAMP_A_OFF_R028,BALARAJA BARAT,RAMP,A,OFF,410.00,-6.20402382,106.45821410
13_BALARAJA_BARAT_RAMP_A_OFF_R028,BALARAJA BARAT,RAMP,A,OFF,415.00,-6.20398771,106.45818720
13_BALARAJA_BARAT_RAMP_A_OFF_R028,BALARAJA BARAT,RAMP,A,OFF,420.00,-6.20395154,106.45816038
13_BALARAJA_BARAT_RAMP_A_OFF_R028,BALARAJA BARAT,RAMP,A,OFF,425.00,-6.20391175,106.45813991
13_BALARAJA_BARAT_RAMP_A_OFF_R028,BALARAJA BARAT,RAMP,A,OFF,430.00,-6.20387041,106.45812212
13_BALARAJA_BARAT_RAMP_A_OFF_R028,BALARAJA BARAT,RAMP,A,OFF,435.00,-6.20382907,106.45810437
13_BALARAJA_BARAT_RAMP_A_OFF_R028,BALARAJA BARAT,RAMP,A,OFF,440.00,-6.20378626,106.45809142
13_BALARAJA_BARAT_RAMP_A_OFF_R028,BALARAJA BARAT,RAMP,A,OFF,445.00,-6.20374220,106.45808244
13_BALARAJA_BARAT_RAMP_A_OFF_R028,BALARAJA BARAT,RAMP,A,OFF,450.00,-6.20369783,106.45807512
13_BALARAJA_BARAT_RAMP_A_OFF_R028,BALARAJA BARAT,RAMP,A,OFF,455.00,-6.20365345,106.45806797
13_BALARAJA_BARAT_RAMP_A_OFF_R028,BALARAJA BARAT,RAMP,A,OFF,460.00,-6.20360850,106.45806692
13_BALARAJA_BARAT_RAMP_A_OFF_R028,BALARAJA BARAT,RAMP,A,OFF,465.00,-6.20356356,106.45806740
13_BALARAJA_BARAT_RAMP_A_OFF_R028,BALARAJA BARAT,RAMP,A,OFF,470.00,-6.20351864,106.45806894
13_BALARAJA_BARAT_RAMP_A_OFF_R028,BALARAJA BARAT,RAMP,A,OFF,475.00,-6.20347383,106.45807091
13_BALARAJA_BARAT_RAMP_A_OFF_R028,BALARAJA BARAT,RAMP,A,OFF,480.00,-6.20342900,106.45807445
13_BALARAJA_BARAT_RAMP_A_OFF_R028,BALARAJA BARAT,RAMP,A,OFF,485.00,-6.20338443,106.45807956
13_BALARAJA_BARAT_RAMP_A_OFF_R028,BALARAJA BARAT,RAMP,A,OFF,490.00,-6.20334055,106.45808943
13_BALARAJA_BARAT_RAMP_A_OFF_R028,BALARAJA BARAT,RAMP,A,OFF,495.00,-6.20329682,106.45809998
13_BALARAJA_BARAT_RAMP_A_OFF_R028,BALARAJA BARAT,RAMP,A,OFF,500.00,-6.20325441,106.45811486
13_BALARAJA_BARAT_RAMP_A_OFF_R028,BALARAJA BARAT,RAMP,A,OFF,505.00,-6.20321262,106.45813149
13_BALARAJA_BARAT_RAMP_A_OFF_R028,BALARAJA BARAT,RAMP,A,OFF,510.00,-6.20317172,106.45815028
13_BALARAJA_BARAT_RAMP_A_OFF_R028,BALARAJA BARAT,RAMP,A,OFF,515.00,-6.20313091,106.45816926
13_BALARAJA_BARAT_RAMP_A_OFF_R028,BALARAJA BARAT,RAMP,A,OFF,520.00,-6.20308963,106.45818721
13_BALARAJA_BARAT_RAMP_A_OFF_R028,BALARAJA BARAT,RAMP,A,OFF,525.00,-6.20304837,106.45820519
13_BALARAJA_BARAT_RAMP_A_OFF_R028,BALARAJA BARAT,RAMP,A,OFF,530.00,-6.20300727,106.45822354
13_BALARAJA_BARAT_RAMP_A_OFF_R028,BALARAJA BARAT,RAMP,A,OFF,535.00,-6.20296690,106.45824343
13_BALARAJA_BARAT_RAMP_A_OFF_R028,BALARAJA BARAT,RAMP,A,OFF,540.00,-6.20292670,106.45826370
13_BALARAJA_BARAT_RAMP_A_OFF_R028,BALARAJA BARAT,RAMP,A,OFF,545.00,-6.20288647,106.45828391
13_BALARAJA_BARAT_RAMP_A_OFF_R028,BALARAJA BARAT,RAMP,A,OFF,550.00,-6.20284599,106.45830359
13_BALARAJA_BARAT_RAMP_A_OFF_R028,BALARAJA BARAT,RAMP,A,OFF,555.00,-6.20280550,106.45832327
13_BALARAJA_BARAT_RAMP_A_OFF_R028,BALARAJA BARAT,RAMP,A,OFF,560.00,-6.20276510,106.45834313
13_BALARAJA_BARAT_RAMP_A_OFF_R028,BALARAJA BARAT,RAMP,A,OFF,565.00,-6.20272593,106.45836534
13_BALARAJA_BARAT_RAMP_A_OFF_R028,BALARAJA BARAT,RAMP,A,OFF,570.00,-6.20268676,106.45838755
13_BALARAJA_BARAT_RAMP_A_OFF_R028,BALARAJA BARAT,RAMP,A,OFF,575.00,-6.20264759,106.45840976
13_BALARAJA_BARAT_RAMP_A_OFF_R028,BALARAJA BARAT,RAMP,A,OFF,580.00,-6.20260842,106.45843198
13_BALARAJA_BARAT_RAMP_A_OFF_R028,BALARAJA BARAT,RAMP,A,OFF,585.00,-6.20256886,106.45845335
13_BALARAJA_BARAT_RAMP_A_OFF_R028,BALARAJA BARAT,RAMP,A,OFF,590.00,-6.20252686,106.45846950
13_BALARAJA_BARAT_RAMP_A_OFF_R028,BALARAJA BARAT,RAMP,A,OFF,595.00,-6.20248486,106.45848566
13_BALARAJA_BARAT_RAMP_A_OFF_R028,BALARAJA BARAT,RAMP,A,OFF,600.00,-6.20244274,106.45850149
13_BALARAJA_BARAT_RAMP_A_OFF_R028,BALARAJA BARAT,RAMP,A,OFF,605.00,-6.20240061,106.45851731
13_BALARAJA_BARAT_RAMP_A_OFF_R028,BALARAJA BARAT,RAMP,A,OFF,610.00,-6.20235862,106.45853348
13_BALARAJA_BARAT_RAMP_A_OFF_R028,BALARAJA BARAT,RAMP,A,OFF,615.00,-6.20231661,106.45854961
13_BALARAJA_BARAT_RAMP_A_OFF_R028,BALARAJA BARAT,RAMP,A,OFF,620.00,-6.20227459,106.45856572
13_BALARAJA_BARAT_RAMP_A_OFF_R028,BALARAJA BARAT,RAMP,A,OFF,625.00,-6.20223258,106.45858184
13_BALARAJA_BARAT_RAMP_A_OFF_R028,BALARAJA BARAT,RAMP,A,OFF,630.00,-6.20219056,106.45859796
13_BALARAJA_BARAT_RAMP_A_OFF_R028,BALARAJA BARAT,RAMP,A,OFF,635.00,-6.20214832,106.45861342
13_BALARAJA_BARAT_RAMP_A_OFF_R028,BALARAJA BARAT,RAMP,A,OFF,640.00,-6.20210518,106.45862616
13_BALARAJA_BARAT_RAMP_A_OFF_R028,BALARAJA BARAT,RAMP,A,OFF,645.00,-6.20206203,106.45863890
13_BALARAJA_BARAT_RAMP_A_OFF_R028,BALARAJA BARAT,RAMP,A,OFF,650.00,-6.20201889,106.45865164
13_BALARAJA_BARAT_RAMP_A_OFF_R028,BALARAJA BARAT,RAMP,A,OFF,655.00,-6.20197574,106.45866438
13_BALARAJA_BARAT_RAMP_A_OFF_R028,BALARAJA BARAT,RAMP,A,OFF,660.00,-6.20193252,106.45867682
13_BALARAJA_BARAT_RAMP_A_OFF_R028,BALARAJA BARAT,RAMP,A,OFF,665.00,-6.20188867,106.45868685
13_BALARAJA_BARAT_RAMP_A_OFF_R028,BALARAJA BARAT,RAMP,A,OFF,670.00,-6.20184483,106.45869688
13_BALARAJA_BARAT_RAMP_A_OFF_R028,BALARAJA BARAT,RAMP,A,OFF,675.00,-6.20180100,106.45870700
13_BALARAJA_BARAT_RAMP_A_OFF_R028,BALARAJA BARAT,RAMP,A,OFF,680.00,-6.20175718,106.45871713
13_BALARAJA_BARAT_RAMP_A_OFF_R028,BALARAJA BARAT,RAMP,A,OFF,685.00,-6.20171335,106.45872726
13_BALARAJA_BARAT_RAMP_A_OFF_R028,BALARAJA BARAT,RAMP,A,OFF,690.00,-6.20166953,106.45873739
13_BALARAJA_BARAT_RAMP_A_OFF_R028,BALARAJA BARAT,RAMP,A,OFF,695.00,-6.20162536,106.45874584
13_BALARAJA_BARAT_RAMP_A_OFF_R028,BALARAJA BARAT,RAMP,A,OFF,700.00,-6.20158117,106.45875426
13_BALARAJA_BARAT_RAMP_A_OFF_R028,BALARAJA BARAT,RAMP,A,OFF,705.00,-6.20153699,106.45876267
13_BALARAJA_BARAT_RAMP_A_OFF_R028,BALARAJA BARAT,RAMP,A,OFF,710.00,-6.20149281,106.45877108
13_BALARAJA_BARAT_RAMP_A_OFF_R028,BALARAJA BARAT,RAMP,A,OFF,715.00,-6.20144863,106.45877949
13_BALARAJA_BARAT_RAMP_A_OFF_R028,BALARAJA BARAT,RAMP,A,OFF,720.00,-6.20140445,106.45878791
13_BALARAJA_BARAT_RAMP_A_OFF_R028,BALARAJA BARAT,RAMP,A,OFF,725.00,-6.20136020,106.45879597
13_BALARAJA_BARAT_RAMP_A_OFF_R028,BALARAJA BARAT,RAMP,A,OFF,730.00,-6.20131593,106.45880388
13_BALARAJA_BARAT_RAMP_A_OFF_R028,BALARAJA BARAT,RAMP,A,OFF,735.00,-6.20127166,106.45881178
13_BALARAJA_BARAT_RAMP_A_OFF_R028,BALARAJA BARAT,RAMP,A,OFF,740.00,-6.20122738,106.45881968
13_BALARAJA_BARAT_RAMP_A_OFF_R028,BALARAJA BARAT,RAMP,A,OFF,745.00,-6.20118311,106.45882759
13_BALARAJA_BARAT_RAMP_A_OFF_R028,BALARAJA BARAT,RAMP,A,OFF,750.00,-6.20113883,106.45883549
13_BALARAJA_BARAT_RAMP_A_OFF_R028,BALARAJA BARAT,RAMP,A,OFF,755.00,-6.20109456,106.45884340
13_BALARAJA_BARAT_RAMP_A_OFF_R028,BALARAJA BARAT,RAMP,A,OFF,760.00,-6.20105072,106.45885343
13_BALARAJA_BARAT_RAMP_A_OFF_R028,BALARAJA BARAT,RAMP,A,OFF,765.00,-6.20100694,106.45886374
13_BALARAJA_BARAT_RAMP_A_OFF_R028,BALARAJA BARAT,RAMP,A,OFF,770.00,-6.20096287,106.45887258
13_BALARAJA_BARAT_RAMP_A_OFF_R028,BALARAJA BARAT,RAMP,A,OFF,775.00,-6.20091848,106.45887981
13_BALARAJA_BARAT_RAMP_A_OFF_R028,BALARAJA BARAT,RAMP,A,OFF,780.00,-6.20087409,106.45888705
13_BALARAJA_BARAT_RAMP_A_OFF_R028,BALARAJA BARAT,RAMP,A,OFF,785.00,-6.20082970,106.45889428
13_BALARAJA_BARAT_RAMP_A_OFF_R028,BALARAJA BARAT,RAMP,A,OFF,790.00,-6.20078532,106.45890152
13_BALARAJA_BARAT_RAMP_A_OFF_R028,BALARAJA BARAT,RAMP,A,OFF,791.23,-6.20077440,106.45890330
13_BALARAJA_BARAT_RAMP_B_OFF_R029,BALARAJA BARAT,RAMP,B,OFF,0.00,-6.20165910,106.45611010
13_BALARAJA_BARAT_RAMP_B_OFF_R029,BALARAJA BARAT,RAMP,B,OFF,5.00,-6.20167462,106.45615255
13_BALARAJA_BARAT_RAMP_B_OFF_R029,BALARAJA BARAT,RAMP,B,OFF,10.00,-6.20169015,106.45619500
13_BALARAJA_BARAT_RAMP_B_OFF_R029,BALARAJA BARAT,RAMP,B,OFF,15.00,-6.20170567,106.45623745
13_BALARAJA_BARAT_RAMP_B_OFF_R029,BALARAJA BARAT,RAMP,B,OFF,20.00,-6.20172120,106.45627990
13_BALARAJA_BARAT_RAMP_B_OFF_R029,BALARAJA BARAT,RAMP,B,OFF,25.00,-6.20173676,106.45632233
13_BALARAJA_BARAT_RAMP_B_OFF_R029,BALARAJA BARAT,RAMP,B,OFF,30.00,-6.20175366,106.45636425
13_BALARAJA_BARAT_RAMP_B_OFF_R029,BALARAJA BARAT,RAMP,B,OFF,35.00,-6.20177055,106.45640617
13_BALARAJA_BARAT_RAMP_B_OFF_R029,BALARAJA BARAT,RAMP,B,OFF,40.00,-6.20178745,106.45644808
13_BALARAJA_BARAT_RAMP_B_OFF_R029,BALARAJA BARAT,RAMP,B,OFF,45.00,-6.20180446,106.45648995
13_BALARAJA_BARAT_RAMP_B_OFF_R029,BALARAJA BARAT,RAMP,B,OFF,50.00,-6.20182157,106.45653178
13_BALARAJA_BARAT_RAMP_B_OFF_R029,BALARAJA BARAT,RAMP,B,OFF,55.00,-6.20183867,106.45657361
13_BALARAJA_BARAT_RAMP_B_OFF_R029,BALARAJA BARAT,RAMP,B,OFF,60.00,-6.20185512,106.45661570
13_BALARAJA_BARAT_RAMP_B_OFF_R029,BALARAJA BARAT,RAMP,B,OFF,65.00,-6.20187046,106.45665821
13_BALARAJA_BARAT_RAMP_B_OFF_R029,BALARAJA BARAT,RAMP,B,OFF,70.00,-6.20188579,106.45670073
13_BALARAJA_BARAT_RAMP_B_OFF_R029,BALARAJA BARAT,RAMP,B,OFF,75.00,-6.20190113,106.45674325
13_BALARAJA_BARAT_RAMP_B_OFF_R029,BALARAJA BARAT,RAMP,B,OFF,80.00,-6.20191646,106.45678577
13_BALARAJA_BARAT_RAMP_B_OFF_R029,BALARAJA BARAT,RAMP,B,OFF,85.00,-6.20193180,106.45682829
13_BALARAJA_BARAT_RAMP_B_OFF_R029,BALARAJA BARAT,RAMP,B,OFF,90.00,-6.20194713,106.45687081
13_BALARAJA_BARAT_RAMP_B_OFF_R029,BALARAJA BARAT,RAMP,B,OFF,95.00,-6.20196247,106.45691333
13_BALARAJA_BARAT_RAMP_B_OFF_R029,BALARAJA BARAT,RAMP,B,OFF,100.00,-6.20197780,106.45695585
13_BALARAJA_BARAT_RAMP_B_OFF_R029,BALARAJA BARAT,RAMP,B,OFF,105.00,-6.20199325,106.45699833
13_BALARAJA_BARAT_RAMP_B_OFF_R029,BALARAJA BARAT,RAMP,B,OFF,110.00,-6.20200880,106.45704077
13_BALARAJA_BARAT_RAMP_B_OFF_R029,BALARAJA BARAT,RAMP,B,OFF,115.00,-6.20202434,106.45708321
13_BALARAJA_BARAT_RAMP_B_OFF_R029,BALARAJA BARAT,RAMP,B,OFF,120.00,-6.20203878,106.45712603
13_BALARAJA_BARAT_RAMP_B_OFF_R029,BALARAJA BARAT,RAMP,B,OFF,125.00,-6.20205174,106.45716934
13_BALARAJA_BARAT_RAMP_B_OFF_R029,BALARAJA BARAT,RAMP,B,OFF,130.00,-6.20206470,106.45721265
13_BALARAJA_BARAT_RAMP_B_OFF_R029,BALARAJA BARAT,RAMP,B,OFF,135.00,-6.20207767,106.45725596
13_BALARAJA_BARAT_RAMP_B_OFF_R029,BALARAJA BARAT,RAMP,B,OFF,140.00,-6.20208974,106.45729953
13_BALARAJA_BARAT_RAMP_B_OFF_R029,BALARAJA BARAT,RAMP,B,OFF,145.00,-6.20210182,106.45734310
13_BALARAJA_BARAT_RAMP_B_OFF_R029,BALARAJA BARAT,RAMP,B,OFF,150.00,-6.20211105,106.45738731
13_BALARAJA_BARAT_RAMP_B_OFF_R029,BALARAJA BARAT,RAMP,B,OFF,155.00,-6.20211882,106.45743186
13_BALARAJA_BARAT_RAMP_B_OFF_R029,BALARAJA BARAT,RAMP,B,OFF,160.00,-6.20212558,106.45747657
13_BALARAJA_BARAT_RAMP_B_OFF_R029,BALARAJA BARAT,RAMP,B,OFF,165.00,-6.20213172,106.45752138
13_BALARAJA_BARAT_RAMP_B_OFF_R029,BALARAJA BARAT,RAMP,B,OFF,170.00,-6.20213316,106.45756652
13_BALARAJA_BARAT_RAMP_B_OFF_R029,BALARAJA BARAT,RAMP,B,OFF,175.00,-6.20213337,106.45761175
13_BALARAJA_BARAT_RAMP_B_OFF_R029,BALARAJA BARAT,RAMP,B,OFF,180.00,-6.20213145,106.45765693
13_BALARAJA_BARAT_RAMP_B_OFF_R029,BALARAJA BARAT,RAMP,B,OFF,185.00,-6.20212917,106.45770210
13_BALARAJA_BARAT_RAMP_B_OFF_R029,BALARAJA BARAT,RAMP,B,OFF,190.00,-6.20212686,106.45774728
13_BALARAJA_BARAT_RAMP_B_OFF_R029,BALARAJA BARAT,RAMP,B,OFF,195.00,-6.20212232,106.45779213
13_BALARAJA_BARAT_RAMP_B_OFF_R029,BALARAJA BARAT,RAMP,B,OFF,200.00,-6.20211203,106.45783616
13_BALARAJA_BARAT_RAMP_B_OFF_R029,BALARAJA BARAT,RAMP,B,OFF,205.00,-6.20210175,106.45788019
13_BALARAJA_BARAT_RAMP_B_OFF_R029,BALARAJA BARAT,RAMP,B,OFF,210.00,-6.20209034,106.45792392
13_BALARAJA_BARAT_RAMP_B_OFF_R029,BALARAJA BARAT,RAMP,B,OFF,215.00,-6.20207705,106.45796713
13_BALARAJA_BARAT_RAMP_B_OFF_R029,BALARAJA BARAT,RAMP,B,OFF,220.00,-6.20206354,106.45801025
13_BALARAJA_BARAT_RAMP_B_OFF_R029,BALARAJA BARAT,RAMP,B,OFF,225.00,-6.20204473,106.45805133
13_BALARAJA_BARAT_RAMP_B_OFF_R029,BALARAJA BARAT,RAMP,B,OFF,230.00,-6.20202592,106.45809242
13_BALARAJA_BARAT_RAMP_B_OFF_R029,BALARAJA BARAT,RAMP,B,OFF,235.00,-6.20200706,106.45813348
13_BALARAJA_BARAT_RAMP_B_OFF_R029,BALARAJA BARAT,RAMP,B,OFF,240.00,-6.20198776,106.45817433
13_BALARAJA_BARAT_RAMP_B_OFF_R029,BALARAJA BARAT,RAMP,B,OFF,245.00,-6.20196845,106.45821518
13_BALARAJA_BARAT_RAMP_B_OFF_R029,BALARAJA BARAT,RAMP,B,OFF,250.00,-6.20194589,106.45825408
13_BALARAJA_BARAT_RAMP_B_OFF_R029,BALARAJA BARAT,RAMP,B,OFF,255.00,-6.20191940,106.45829063
13_BALARAJA_BARAT_RAMP_B_OFF_R029,BALARAJA BARAT,RAMP,B,OFF,260.00,-6.20189291,106.45832718
13_BALARAJA_BARAT_RAMP_B_OFF_R029,BALARAJA BARAT,RAMP,B,OFF,265.00,-6.20186643,106.45836373
13_BALARAJA_BARAT_RAMP_B_OFF_R029,BALARAJA BARAT,RAMP,B,OFF,270.00,-6.20183426,106.45839516
13_BALARAJA_BARAT_RAMP_B_OFF_R029,BALARAJA BARAT,RAMP,B,OFF,275.00,-6.20180099,106.45842558
13_BALARAJA_BARAT_RAMP_B_OFF_R029,BALARAJA BARAT,RAMP,B,OFF,280.00,-6.20176677,106.45845491
13_BALARAJA_BARAT_RAMP_B_OFF_R029,BALARAJA BARAT,RAMP,B,OFF,285.00,-6.20173214,106.45848376
13_BALARAJA_BARAT_RAMP_B_OFF_R029,BALARAJA BARAT,RAMP,B,OFF,290.00,-6.20169750,106.45851260
13_BALARAJA_BARAT_RAMP_B_OFF_R029,BALARAJA BARAT,RAMP,B,OFF,295.00,-6.20166072,106.45853846
13_BALARAJA_BARAT_RAMP_B_OFF_R029,BALARAJA BARAT,RAMP,B,OFF,300.00,-6.20162270,106.45856261
13_BALARAJA_BARAT_RAMP_B_OFF_R029,BALARAJA BARAT,RAMP,B,OFF,305.00,-6.20158468,106.45858676
13_BALARAJA_BARAT_RAMP_B_OFF_R029,BALARAJA BARAT,RAMP,B,OFF,310.00,-6.20154582,106.45860947
13_BALARAJA_BARAT_RAMP_B_OFF_R029,BALARAJA BARAT,RAMP,B,OFF,315.00,-6.20150617,106.45863081
13_BALARAJA_BARAT_RAMP_B_OFF_R029,BALARAJA BARAT,RAMP,B,OFF,320.00,-6.20146595,106.45865082
13_BALARAJA_BARAT_RAMP_B_OFF_R029,BALARAJA BARAT,RAMP,B,OFF,325.00,-6.20142352,106.45866580
13_BALARAJA_BARAT_RAMP_B_OFF_R029,BALARAJA BARAT,RAMP,B,OFF,330.00,-6.20138109,106.45868080
13_BALARAJA_BARAT_RAMP_B_OFF_R029,BALARAJA BARAT,RAMP,B,OFF,335.00,-6.20133844,106.45869503
13_BALARAJA_BARAT_RAMP_B_OFF_R029,BALARAJA BARAT,RAMP,B,OFF,340.00,-6.20129493,106.45870645
13_BALARAJA_BARAT_RAMP_B_OFF_R029,BALARAJA BARAT,RAMP,B,OFF,345.00,-6.20125142,106.45871786
13_BALARAJA_BARAT_RAMP_B_OFF_R029,BALARAJA BARAT,RAMP,B,OFF,350.00,-6.20120791,106.45872928
13_BALARAJA_BARAT_RAMP_B_OFF_R029,BALARAJA BARAT,RAMP,B,OFF,355.00,-6.20116440,106.45874070
13_BALARAJA_BARAT_RAMP_B_OFF_R029,BALARAJA BARAT,RAMP,B,OFF,360.00,-6.20112089,106.45875211
13_BALARAJA_BARAT_RAMP_B_OFF_R029,BALARAJA BARAT,RAMP,B,OFF,365.00,-6.20107738,106.45876353
13_BALARAJA_BARAT_RAMP_B_OFF_R029,BALARAJA BARAT,RAMP,B,OFF,370.00,-6.20103419,106.45877590
13_BALARAJA_BARAT_RAMP_B_OFF_R029,BALARAJA BARAT,RAMP,B,OFF,375.00,-6.20099265,106.45879323
13_BALARAJA_BARAT_RAMP_B_OFF_R029,BALARAJA BARAT,RAMP,B,OFF,380.00,-6.20095112,106.45881056
13_BALARAJA_BARAT_RAMP_B_OFF_R029,BALARAJA BARAT,RAMP,B,OFF,385.00,-6.20090959,106.45882790
13_BALARAJA_BARAT_RAMP_B_OFF_R029,BALARAJA BARAT,RAMP,B,OFF,390.00,-6.20086805,106.45884523
13_BALARAJA_BARAT_RAMP_B_OFF_R029,BALARAJA BARAT,RAMP,B,OFF,395.00,-6.20082964,106.45886867
13_BALARAJA_BARAT_RAMP_B_OFF_R029,BALARAJA BARAT,RAMP,B,OFF,400.00,-6.20079148,106.45889259
13_BALARAJA_BARAT_RAMP_B_OFF_R029,BALARAJA BARAT,RAMP,B,OFF,402.24,-6.20077440,106.45890330
13_BALARAJA_BARAT_GATE_PLAZA_EXIT_R030,BALARAJA BARAT,GATE,PLAZA,EXIT,0.00,-6.20077440,106.45890330
13_BALARAJA_BARAT_GATE_PLAZA_EXIT_R030,BALARAJA BARAT,GATE,PLAZA,EXIT,5.00,-6.20073218,106.45891887
13_BALARAJA_BARAT_GATE_PLAZA_EXIT_R030,BALARAJA BARAT,GATE,PLAZA,EXIT,10.00,-6.20068997,106.45893445
13_BALARAJA_BARAT_GATE_PLAZA_EXIT_R030,BALARAJA BARAT,GATE,PLAZA,EXIT,15.00,-6.20064775,106.45895002
13_BALARAJA_BARAT_GATE_PLAZA_EXIT_R030,BALARAJA BARAT,GATE,PLAZA,EXIT,20.00,-6.20060554,106.45896560
13_BALARAJA_BARAT_GATE_PLAZA_EXIT_R030,BALARAJA BARAT,GATE,PLAZA,EXIT,25.00,-6.20056257,106.45897840
13_BALARAJA_BARAT_GATE_PLAZA_EXIT_R030,BALARAJA BARAT,GATE,PLAZA,EXIT,30.00,-6.20051831,106.45898635
13_BALARAJA_BARAT_GATE_PLAZA_EXIT_R030,BALARAJA BARAT,GATE,PLAZA,EXIT,35.00,-6.20047404,106.45899430
13_BALARAJA_BARAT_GATE_PLAZA_EXIT_R030,BALARAJA BARAT,GATE,PLAZA,EXIT,40.00,-6.20042977,106.45900225
13_BALARAJA_BARAT_GATE_PLAZA_EXIT_R030,BALARAJA BARAT,GATE,PLAZA,EXIT,45.00,-6.20038551,106.45901020
13_BALARAJA_BARAT_GATE_PLAZA_EXIT_R030,BALARAJA BARAT,GATE,PLAZA,EXIT,50.00,-6.20034124,106.45901815
13_BALARAJA_BARAT_GATE_PLAZA_EXIT_R030,BALARAJA BARAT,GATE,PLAZA,EXIT,55.00,-6.20029698,106.45902610
13_BALARAJA_BARAT_GATE_PLAZA_EXIT_R030,BALARAJA BARAT,GATE,PLAZA,EXIT,60.00,-6.20025271,106.45903403
13_BALARAJA_BARAT_GATE_PLAZA_EXIT_R030,BALARAJA BARAT,GATE,PLAZA,EXIT,65.00,-6.20020844,106.45904196
13_BALARAJA_BARAT_GATE_PLAZA_EXIT_R030,BALARAJA BARAT,GATE,PLAZA,EXIT,70.00,-6.20016419,106.45905001
13_BALARAJA_BARAT_GATE_PLAZA_EXIT_R030,BALARAJA BARAT,GATE,PLAZA,EXIT,75.00,-6.20012003,106.45905854
13_BALARAJA_BARAT_GATE_PLAZA_EXIT_R030,BALARAJA BARAT,GATE,PLAZA,EXIT,80.00,-6.20007587,106.45906707
13_BALARAJA_BARAT_GATE_PLAZA_EXIT_R030,BALARAJA BARAT,GATE,PLAZA,EXIT,85.00,-6.20003171,106.45907561
13_BALARAJA_BARAT_GATE_PLAZA_EXIT_R030,BALARAJA BARAT,GATE,PLAZA,EXIT,90.00,-6.19998756,106.45908414
13_BALARAJA_BARAT_GATE_PLAZA_EXIT_R030,BALARAJA BARAT,GATE,PLAZA,EXIT,95.00,-6.19994340,106.45909268
13_BALARAJA_BARAT_GATE_PLAZA_EXIT_R030,BALARAJA BARAT,GATE,PLAZA,EXIT,100.00,-6.19989924,106.45910122
13_BALARAJA_BARAT_GATE_PLAZA_EXIT_R030,BALARAJA BARAT,GATE,PLAZA,EXIT,105.00,-6.19985508,106.45910976
13_BALARAJA_BARAT_GATE_PLAZA_EXIT_R030,BALARAJA BARAT,GATE,PLAZA,EXIT,110.00,-6.19981092,106.45911829
13_BALARAJA_BARAT_GATE_PLAZA_EXIT_R030,BALARAJA BARAT,GATE,PLAZA,EXIT,115.00,-6.19976677,106.45912683
13_BALARAJA_BARAT_GATE_PLAZA_EXIT_R030,BALARAJA BARAT,GATE,PLAZA,EXIT,120.00,-6.19972261,106.45913537
13_BALARAJA_BARAT_GATE_PLAZA_EXIT_R030,BALARAJA BARAT,GATE,PLAZA,EXIT,125.00,-6.19967885,106.45914568
13_BALARAJA_BARAT_GATE_PLAZA_EXIT_R030,BALARAJA BARAT,GATE,PLAZA,EXIT,130.00,-6.19963530,106.45915693
13_BALARAJA_BARAT_GATE_PLAZA_EXIT_R030,BALARAJA BARAT,GATE,PLAZA,EXIT,132.96,-6.19960950,106.45916360
13_BALARAJA_BARAT_ACCESS_EXIT_R031,BALARAJA BARAT,ACCESS,-,EXIT,0.00,-6.19960950,106.45916360
13_BALARAJA_BARAT_ACCESS_EXIT_R031,BALARAJA BARAT,ACCESS,-,EXIT,5.00,-6.19956540,106.45917241
13_BALARAJA_BARAT_ACCESS_EXIT_R031,BALARAJA BARAT,ACCESS,-,EXIT,10.00,-6.19952129,106.45918123
13_BALARAJA_BARAT_ACCESS_EXIT_R031,BALARAJA BARAT,ACCESS,-,EXIT,15.00,-6.19947719,106.45919004
13_BALARAJA_BARAT_ACCESS_EXIT_R031,BALARAJA BARAT,ACCESS,-,EXIT,20.00,-6.19943308,106.45919885
13_BALARAJA_BARAT_ACCESS_EXIT_R031,BALARAJA BARAT,ACCESS,-,EXIT,25.00,-6.19938898,106.45920767
13_BALARAJA_BARAT_ACCESS_EXIT_R031,BALARAJA BARAT,ACCESS,-,EXIT,30.00,-6.19934735,106.45922353
13_BALARAJA_BARAT_ACCESS_EXIT_R031,BALARAJA BARAT,ACCESS,-,EXIT,35.00,-6.19930755,106.45924457
13_BALARAJA_BARAT_ACCESS_EXIT_R031,BALARAJA BARAT,ACCESS,-,EXIT,40.00,-6.19926643,106.45926164
13_BALARAJA_BARAT_ACCESS_EXIT_R031,BALARAJA BARAT,ACCESS,-,EXIT,45.00,-6.19922203,106.45926881
13_BALARAJA_BARAT_ACCESS_EXIT_R031,BALARAJA BARAT,ACCESS,-,EXIT,50.00,-6.19917889,106.45928149
13_BALARAJA_BARAT_ACCESS_EXIT_R031,BALARAJA BARAT,ACCESS,-,EXIT,55.00,-6.19913513,106.45929181
13_BALARAJA_BARAT_ACCESS_EXIT_R031,BALARAJA BARAT,ACCESS,-,EXIT,60.00,-6.19909120,106.45930143
13_BALARAJA_BARAT_ACCESS_EXIT_R031,BALARAJA BARAT,ACCESS,-,EXIT,65.00,-6.19904726,106.45931105
13_BALARAJA_BARAT_ACCESS_EXIT_R031,BALARAJA BARAT,ACCESS,-,EXIT,70.00,-6.19900332,106.45932067
13_BALARAJA_BARAT_ACCESS_EXIT_R031,BALARAJA BARAT,ACCESS,-,EXIT,75.00,-6.19895938,106.45933029
13_BALARAJA_BARAT_ACCESS_EXIT_R031,BALARAJA BARAT,ACCESS,-,EXIT,80.00,-6.19891545,106.45933991
13_BALARAJA_BARAT_ACCESS_EXIT_R031,BALARAJA BARAT,ACCESS,-,EXIT,85.00,-6.19887151,106.45934952
13_BALARAJA_BARAT_ACCESS_EXIT_R031,BALARAJA BARAT,ACCESS,-,EXIT,90.00,-6.19882757,106.45935914
13_BALARAJA_BARAT_ACCESS_EXIT_R031,BALARAJA BARAT,ACCESS,-,EXIT,95.00,-6.19878363,106.45936876
13_BALARAJA_BARAT_ACCESS_EXIT_R031,BALARAJA BARAT,ACCESS,-,EXIT,100.00,-6.19873970,106.45937838
13_BALARAJA_BARAT_ACCESS_EXIT_R031,BALARAJA BARAT,ACCESS,-,EXIT,105.00,-6.19869576,106.45938800
13_BALARAJA_BARAT_ACCESS_EXIT_R031,BALARAJA BARAT,ACCESS,-,EXIT,110.00,-6.19865182,106.45939762
13_BALARAJA_BARAT_ACCESS_EXIT_R031,BALARAJA BARAT,ACCESS,-,EXIT,115.00,-6.19860788,106.45940724
13_BALARAJA_BARAT_ACCESS_EXIT_R031,BALARAJA BARAT,ACCESS,-,EXIT,120.00,-6.19856395,106.45941686
13_BALARAJA_BARAT_ACCESS_EXIT_R031,BALARAJA BARAT,ACCESS,-,EXIT,125.00,-6.19852001,106.45942647
13_BALARAJA_BARAT_ACCESS_EXIT_R031,BALARAJA BARAT,ACCESS,-,EXIT,130.00,-6.19847559,106.45943323
13_BALARAJA_BARAT_ACCESS_EXIT_R031,BALARAJA BARAT,ACCESS,-,EXIT,135.00,-6.19843096,106.45943880
13_BALARAJA_BARAT_ACCESS_EXIT_R031,BALARAJA BARAT,ACCESS,-,EXIT,140.00,-6.19838634,106.45944437
13_BALARAJA_BARAT_ACCESS_EXIT_R031,BALARAJA BARAT,ACCESS,-,EXIT,145.00,-6.19834171,106.45944993
13_BALARAJA_BARAT_ACCESS_EXIT_R031,BALARAJA BARAT,ACCESS,-,EXIT,150.00,-6.19829709,106.45945550
13_BALARAJA_BARAT_ACCESS_EXIT_R031,BALARAJA BARAT,ACCESS,-,EXIT,155.00,-6.19825222,106.45945841
13_BALARAJA_BARAT_ACCESS_EXIT_R031,BALARAJA BARAT,ACCESS,-,EXIT,160.00,-6.19820734,106.45946122
13_BALARAJA_BARAT_ACCESS_EXIT_R031,BALARAJA BARAT,ACCESS,-,EXIT,165.00,-6.19816258,106.45946007
13_BALARAJA_BARAT_ACCESS_EXIT_R031,BALARAJA BARAT,ACCESS,-,EXIT,170.00,-6.19811795,106.45945454
13_BALARAJA_BARAT_ACCESS_EXIT_R031,BALARAJA BARAT,ACCESS,-,EXIT,175.00,-6.19807332,106.45944901
13_BALARAJA_BARAT_ACCESS_EXIT_R031,BALARAJA BARAT,ACCESS,-,EXIT,180.00,-6.19802913,106.45944077
13_BALARAJA_BARAT_ACCESS_EXIT_R031,BALARAJA BARAT,ACCESS,-,EXIT,185.00,-6.19798505,106.45943185
13_BALARAJA_BARAT_ACCESS_EXIT_R031,BALARAJA BARAT,ACCESS,-,EXIT,190.00,-6.19794096,106.45942294
13_BALARAJA_BARAT_ACCESS_EXIT_R031,BALARAJA BARAT,ACCESS,-,EXIT,195.00,-6.19789688,106.45941402
13_BALARAJA_BARAT_ACCESS_EXIT_R031,BALARAJA BARAT,ACCESS,-,EXIT,200.00,-6.19785324,106.45940325
13_BALARAJA_BARAT_ACCESS_EXIT_R031,BALARAJA BARAT,ACCESS,-,EXIT,205.00,-6.19780996,106.45939097
13_BALARAJA_BARAT_ACCESS_EXIT_R031,BALARAJA BARAT,ACCESS,-,EXIT,210.00,-6.19776792,106.45937499
13_BALARAJA_BARAT_ACCESS_EXIT_R031,BALARAJA BARAT,ACCESS,-,EXIT,215.00,-6.19772601,106.45935858
13_BALARAJA_BARAT_ACCESS_EXIT_R031,BALARAJA BARAT,ACCESS,-,EXIT,220.00,-6.19768411,106.45934218
13_BALARAJA_BARAT_ACCESS_EXIT_R031,BALARAJA BARAT,ACCESS,-,EXIT,225.00,-6.19764341,106.45932314
13_BALARAJA_BARAT_ACCESS_EXIT_R031,BALARAJA BARAT,ACCESS,-,EXIT,230.00,-6.19760377,106.45930179
13_BALARAJA_BARAT_ACCESS_EXIT_R031,BALARAJA BARAT,ACCESS,-,EXIT,235.00,-6.19756413,106.45928044
13_BALARAJA_BARAT_ACCESS_EXIT_R031,BALARAJA BARAT,ACCESS,-,EXIT,240.00,-6.19752449,106.45925909
13_BALARAJA_BARAT_ACCESS_EXIT_R031,BALARAJA BARAT,ACCESS,-,EXIT,245.00,-6.19748822,106.45923255
13_BALARAJA_BARAT_ACCESS_EXIT_R031,BALARAJA BARAT,ACCESS,-,EXIT,250.00,-6.19745293,106.45920452
13_BALARAJA_BARAT_ACCESS_EXIT_R031,BALARAJA BARAT,ACCESS,-,EXIT,255.00,-6.19741765,106.45917649
13_BALARAJA_BARAT_ACCESS_EXIT_R031,BALARAJA BARAT,ACCESS,-,EXIT,260.00,-6.19738236,106.45914846
13_BALARAJA_BARAT_ACCESS_EXIT_R031,BALARAJA BARAT,ACCESS,-,EXIT,265.00,-6.19734768,106.45911971
13_BALARAJA_BARAT_ACCESS_EXIT_R031,BALARAJA BARAT,ACCESS,-,EXIT,270.00,-6.19731494,106.45908871
13_BALARAJA_BARAT_ACCESS_EXIT_R031,BALARAJA BARAT,ACCESS,-,EXIT,275.00,-6.19728219,106.45905771
13_BALARAJA_BARAT_ACCESS_EXIT_R031,BALARAJA BARAT,ACCESS,-,EXIT,280.00,-6.19724944,106.45902671
13_BALARAJA_BARAT_ACCESS_EXIT_R031,BALARAJA BARAT,ACCESS,-,EXIT,285.00,-6.19721714,106.45899525
13_BALARAJA_BARAT_ACCESS_EXIT_R031,BALARAJA BARAT,ACCESS,-,EXIT,290.00,-6.19718485,106.45896378
13_BALARAJA_BARAT_ACCESS_EXIT_R031,BALARAJA BARAT,ACCESS,-,EXIT,295.00,-6.19715255,106.45893230
13_BALARAJA_BARAT_ACCESS_EXIT_R031,BALARAJA BARAT,ACCESS,-,EXIT,300.00,-6.19712026,106.45890083
13_BALARAJA_BARAT_ACCESS_EXIT_R031,BALARAJA BARAT,ACCESS,-,EXIT,305.00,-6.19708796,106.45886936
13_BALARAJA_BARAT_ACCESS_EXIT_R031,BALARAJA BARAT,ACCESS,-,EXIT,310.00,-6.19705567,106.45883788
13_BALARAJA_BARAT_ACCESS_EXIT_R031,BALARAJA BARAT,ACCESS,-,EXIT,315.00,-6.19702338,106.45880641
13_BALARAJA_BARAT_ACCESS_EXIT_R031,BALARAJA BARAT,ACCESS,-,EXIT,320.00,-6.19699108,106.45877494
13_BALARAJA_BARAT_ACCESS_EXIT_R031,BALARAJA BARAT,ACCESS,-,EXIT,325.00,-6.19695879,106.45874346
13_BALARAJA_BARAT_ACCESS_EXIT_R031,BALARAJA BARAT,ACCESS,-,EXIT,330.00,-6.19692649,106.45871199
13_BALARAJA_BARAT_ACCESS_EXIT_R031,BALARAJA BARAT,ACCESS,-,EXIT,335.00,-6.19689420,106.45868052
13_BALARAJA_BARAT_ACCESS_EXIT_R031,BALARAJA BARAT,ACCESS,-,EXIT,340.00,-6.19686190,106.45864904
13_BALARAJA_BARAT_ACCESS_EXIT_R031,BALARAJA BARAT,ACCESS,-,EXIT,345.00,-6.19682950,106.45861768
13_BALARAJA_BARAT_ACCESS_EXIT_R031,BALARAJA BARAT,ACCESS,-,EXIT,350.00,-6.19679668,106.45858677
13_BALARAJA_BARAT_ACCESS_EXIT_R031,BALARAJA BARAT,ACCESS,-,EXIT,355.00,-6.19676386,106.45855585
13_BALARAJA_BARAT_ACCESS_EXIT_R031,BALARAJA BARAT,ACCESS,-,EXIT,360.00,-6.19673510,106.45852274
13_BALARAJA_BARAT_ACCESS_EXIT_R031,BALARAJA BARAT,ACCESS,-,EXIT,365.00,-6.19672766,106.45847814
13_BALARAJA_BARAT_ACCESS_EXIT_R031,BALARAJA BARAT,ACCESS,-,EXIT,370.00,-6.19671553,106.45843462
13_BALARAJA_BARAT_ACCESS_EXIT_R031,BALARAJA BARAT,ACCESS,-,EXIT,375.00,-6.19670279,106.45839124
13_BALARAJA_BARAT_ACCESS_EXIT_R031,BALARAJA BARAT,ACCESS,-,EXIT,380.00,-6.19669007,106.45834786
13_BALARAJA_BARAT_ACCESS_EXIT_R031,BALARAJA BARAT,ACCESS,-,EXIT,385.00,-6.19668339,106.45830353
13_BALARAJA_BARAT_ACCESS_EXIT_R031,BALARAJA BARAT,ACCESS,-,EXIT,390.00,-6.19668528,106.45825855
13_BALARAJA_BARAT_ACCESS_EXIT_R031,BALARAJA BARAT,ACCESS,-,EXIT,395.00,-6.19669369,106.45821412
13_BALARAJA_BARAT_ACCESS_EXIT_R031,BALARAJA BARAT,ACCESS,-,EXIT,400.00,-6.19670083,106.45816958
13_BALARAJA_BARAT_ACCESS_EXIT_R031,BALARAJA BARAT,ACCESS,-,EXIT,405.00,-6.19669949,106.45812437
13_BALARAJA_BARAT_ACCESS_EXIT_R031,BALARAJA BARAT,ACCESS,-,EXIT,408.34,-6.19669860,106.45809420
13_BALARAJA_BARAT_ACCESS_ENTRANCE_R032,BALARAJA BARAT,ACCESS,-,ENTRANCE,0.00,-6.19634020,106.45842640
13_BALARAJA_BARAT_ACCESS_ENTRANCE_R032,BALARAJA BARAT,ACCESS,-,ENTRANCE,5.00,-6.19638482,106.45842146
13_BALARAJA_BARAT_ACCESS_ENTRANCE_R032,BALARAJA BARAT,ACCESS,-,ENTRANCE,10.00,-6.19642963,106.45842191
13_BALARAJA_BARAT_ACCESS_ENTRANCE_R032,BALARAJA BARAT,ACCESS,-,ENTRANCE,15.00,-6.19647440,106.45842618
13_BALARAJA_BARAT_ACCESS_ENTRANCE_R032,BALARAJA BARAT,ACCESS,-,ENTRANCE,20.00,-6.19651793,106.45843742
13_BALARAJA_BARAT_ACCESS_ENTRANCE_R032,BALARAJA BARAT,ACCESS,-,ENTRANCE,25.00,-6.19656143,106.45844887
13_BALARAJA_BARAT_ACCESS_ENTRANCE_R032,BALARAJA BARAT,ACCESS,-,ENTRANCE,30.00,-6.19660493,106.45846033
13_BALARAJA_BARAT_ACCESS_ENTRANCE_R032,BALARAJA BARAT,ACCESS,-,ENTRANCE,35.00,-6.19664843,106.45847178
13_BALARAJA_BARAT_ACCESS_ENTRANCE_R032,BALARAJA BARAT,ACCESS,-,ENTRANCE,40.00,-6.19668968,106.45848742
13_BALARAJA_BARAT_ACCESS_ENTRANCE_R032,BALARAJA BARAT,ACCESS,-,ENTRANCE,45.00,-6.19672301,106.45851779
13_BALARAJA_BARAT_ACCESS_ENTRANCE_R032,BALARAJA BARAT,ACCESS,-,ENTRANCE,50.00,-6.19675603,106.45854848
13_BALARAJA_BARAT_ACCESS_ENTRANCE_R032,BALARAJA BARAT,ACCESS,-,ENTRANCE,55.00,-6.19678886,106.45857940
13_BALARAJA_BARAT_ACCESS_ENTRANCE_R032,BALARAJA BARAT,ACCESS,-,ENTRANCE,60.00,-6.19682168,106.45861031
13_BALARAJA_BARAT_ACCESS_ENTRANCE_R032,BALARAJA BARAT,ACCESS,-,ENTRANCE,65.00,-6.19685421,106.45864154
13_BALARAJA_BARAT_ACCESS_ENTRANCE_R032,BALARAJA BARAT,ACCESS,-,ENTRANCE,70.00,-6.19688650,106.45867302
13_BALARAJA_BARAT_ACCESS_ENTRANCE_R032,BALARAJA BARAT,ACCESS,-,ENTRANCE,75.00,-6.19691879,106.45870449
13_BALARAJA_BARAT_ACCESS_ENTRANCE_R032,BALARAJA BARAT,ACCESS,-,ENTRANCE,80.00,-6.19695109,106.45873596
13_BALARAJA_BARAT_ACCESS_ENTRANCE_R032,BALARAJA BARAT,ACCESS,-,ENTRANCE,85.00,-6.19698338,106.45876743
13_BALARAJA_BARAT_ACCESS_ENTRANCE_R032,BALARAJA BARAT,ACCESS,-,ENTRANCE,90.00,-6.19701568,106.45879891
13_BALARAJA_BARAT_ACCESS_ENTRANCE_R032,BALARAJA BARAT,ACCESS,-,ENTRANCE,95.00,-6.19704797,106.45883038
13_BALARAJA_BARAT_ACCESS_ENTRANCE_R032,BALARAJA BARAT,ACCESS,-,ENTRANCE,100.00,-6.19708027,106.45886185
13_BALARAJA_BARAT_ACCESS_ENTRANCE_R032,BALARAJA BARAT,ACCESS,-,ENTRANCE,105.00,-6.19711256,106.45889333
13_BALARAJA_BARAT_ACCESS_ENTRANCE_R032,BALARAJA BARAT,ACCESS,-,ENTRANCE,110.00,-6.19714485,106.45892480
13_BALARAJA_BARAT_ACCESS_ENTRANCE_R032,BALARAJA BARAT,ACCESS,-,ENTRANCE,115.00,-6.19717715,106.45895627
13_BALARAJA_BARAT_ACCESS_ENTRANCE_R032,BALARAJA BARAT,ACCESS,-,ENTRANCE,120.00,-6.19720944,106.45898775
13_BALARAJA_BARAT_ACCESS_ENTRANCE_R032,BALARAJA BARAT,ACCESS,-,ENTRANCE,125.00,-6.19724174,106.45901922
13_BALARAJA_BARAT_ACCESS_ENTRANCE_R032,BALARAJA BARAT,ACCESS,-,ENTRANCE,130.00,-6.19727438,106.45905032
13_BALARAJA_BARAT_ACCESS_ENTRANCE_R032,BALARAJA BARAT,ACCESS,-,ENTRANCE,135.00,-6.19730713,106.45908132
13_BALARAJA_BARAT_ACCESS_ENTRANCE_R032,BALARAJA BARAT,ACCESS,-,ENTRANCE,140.00,-6.19733988,106.45911232
13_BALARAJA_BARAT_ACCESS_ENTRANCE_R032,BALARAJA BARAT,ACCESS,-,ENTRANCE,145.00,-6.19737395,106.45914177
13_BALARAJA_BARAT_ACCESS_ENTRANCE_R032,BALARAJA BARAT,ACCESS,-,ENTRANCE,150.00,-6.19740923,106.45916981
13_BALARAJA_BARAT_ACCESS_ENTRANCE_R032,BALARAJA BARAT,ACCESS,-,ENTRANCE,155.00,-6.19744452,106.45919784
13_BALARAJA_BARAT_ACCESS_ENTRANCE_R032,BALARAJA BARAT,ACCESS,-,ENTRANCE,160.00,-6.19747981,106.45922587
13_BALARAJA_BARAT_ACCESS_ENTRANCE_R032,BALARAJA BARAT,ACCESS,-,ENTRANCE,165.00,-6.19751510,106.45925390
13_BALARAJA_BARAT_ACCESS_ENTRANCE_R032,BALARAJA BARAT,ACCESS,-,ENTRANCE,170.00,-6.19755468,106.45927535
13_BALARAJA_BARAT_ACCESS_ENTRANCE_R032,BALARAJA BARAT,ACCESS,-,ENTRANCE,175.00,-6.19759432,106.45929670
13_BALARAJA_BARAT_ACCESS_ENTRANCE_R032,BALARAJA BARAT,ACCESS,-,ENTRANCE,180.00,-6.19763396,106.45931805
13_BALARAJA_BARAT_ACCESS_ENTRANCE_R032,BALARAJA BARAT,ACCESS,-,ENTRANCE,185.00,-6.19767412,106.45933827
13_BALARAJA_BARAT_ACCESS_ENTRANCE_R032,BALARAJA BARAT,ACCESS,-,ENTRANCE,190.00,-6.19771602,106.45935467
13_BALARAJA_BARAT_ACCESS_ENTRANCE_R032,BALARAJA BARAT,ACCESS,-,ENTRANCE,195.00,-6.19775793,106.45937108
13_BALARAJA_BARAT_ACCESS_ENTRANCE_R032,BALARAJA BARAT,ACCESS,-,ENTRANCE,200.00,-6.19779983,106.45938748
13_BALARAJA_BARAT_ACCESS_ENTRANCE_R032,BALARAJA BARAT,ACCESS,-,ENTRANCE,205.00,-6.19784292,106.45940033
13_BALARAJA_BARAT_ACCESS_ENTRANCE_R032,BALARAJA BARAT,ACCESS,-,ENTRANCE,210.00,-6.19788637,106.45941190
13_BALARAJA_BARAT_ACCESS_ENTRANCE_R032,BALARAJA BARAT,ACCESS,-,ENTRANCE,215.00,-6.19793045,106.45942081
13_BALARAJA_BARAT_ACCESS_ENTRANCE_R032,BALARAJA BARAT,ACCESS,-,ENTRANCE,220.00,-6.19797454,106.45942973
13_BALARAJA_BARAT_ACCESS_ENTRANCE_R032,BALARAJA BARAT,ACCESS,-,ENTRANCE,225.00,-6.19801862,106.45943864
13_BALARAJA_BARAT_ACCESS_ENTRANCE_R032,BALARAJA BARAT,ACCESS,-,ENTRANCE,230.00,-6.19806271,106.45944756
13_BALARAJA_BARAT_ACCESS_ENTRANCE_R032,BALARAJA BARAT,ACCESS,-,ENTRANCE,235.00,-6.19810731,106.45945322
13_BALARAJA_BARAT_ACCESS_ENTRANCE_R032,BALARAJA BARAT,ACCESS,-,ENTRANCE,240.00,-6.19815194,106.45945875
13_BALARAJA_BARAT_ACCESS_ENTRANCE_R032,BALARAJA BARAT,ACCESS,-,ENTRANCE,245.00,-6.19819664,106.45946190
13_BALARAJA_BARAT_ACCESS_ENTRANCE_R032,BALARAJA BARAT,ACCESS,-,ENTRANCE,250.00,-6.19824152,106.45945908
13_BALARAJA_BARAT_ACCESS_ENTRANCE_R032,BALARAJA BARAT,ACCESS,-,ENTRANCE,255.00,-6.19828640,106.45945627
13_BALARAJA_BARAT_ACCESS_ENTRANCE_R032,BALARAJA BARAT,ACCESS,-,ENTRANCE,260.00,-6.19833108,106.45945126
13_BALARAJA_BARAT_ACCESS_ENTRANCE_R032,BALARAJA BARAT,ACCESS,-,ENTRANCE,265.00,-6.19837570,106.45944569
13_BALARAJA_BARAT_ACCESS_ENTRANCE_R032,BALARAJA BARAT,ACCESS,-,ENTRANCE,270.00,-6.19842032,106.45944013
13_BALARAJA_BARAT_ACCESS_ENTRANCE_R032,BALARAJA BARAT,ACCESS,-,ENTRANCE,275.00,-6.19846495,106.45943456
13_BALARAJA_BARAT_ACCESS_ENTRANCE_R032,BALARAJA BARAT,ACCESS,-,ENTRANCE,280.00,-6.19850953,106.45942877
13_BALARAJA_BARAT_ACCESS_ENTRANCE_R032,BALARAJA BARAT,ACCESS,-,ENTRANCE,285.00,-6.19855347,106.45941915
13_BALARAJA_BARAT_ACCESS_ENTRANCE_R032,BALARAJA BARAT,ACCESS,-,ENTRANCE,290.00,-6.19859741,106.45940953
13_BALARAJA_BARAT_ACCESS_ENTRANCE_R032,BALARAJA BARAT,ACCESS,-,ENTRANCE,295.00,-6.19864135,106.45939991
13_BALARAJA_BARAT_ACCESS_ENTRANCE_R032,BALARAJA BARAT,ACCESS,-,ENTRANCE,300.00,-6.19868528,106.45939029
13_BALARAJA_BARAT_ACCESS_ENTRANCE_R032,BALARAJA BARAT,ACCESS,-,ENTRANCE,305.00,-6.19872922,106.45938067
13_BALARAJA_BARAT_ACCESS_ENTRANCE_R032,BALARAJA BARAT,ACCESS,-,ENTRANCE,310.00,-6.19877316,106.45937105
13_BALARAJA_BARAT_ACCESS_ENTRANCE_R032,BALARAJA BARAT,ACCESS,-,ENTRANCE,315.00,-6.19881710,106.45936144
13_BALARAJA_BARAT_ACCESS_ENTRANCE_R032,BALARAJA BARAT,ACCESS,-,ENTRANCE,320.00,-6.19886103,106.45935182
13_BALARAJA_BARAT_ACCESS_ENTRANCE_R032,BALARAJA BARAT,ACCESS,-,ENTRANCE,325.00,-6.19890497,106.45934220
13_BALARAJA_BARAT_ACCESS_ENTRANCE_R032,BALARAJA BARAT,ACCESS,-,ENTRANCE,330.00,-6.19894891,106.45933258
13_BALARAJA_BARAT_ACCESS_ENTRANCE_R032,BALARAJA BARAT,ACCESS,-,ENTRANCE,335.00,-6.19899285,106.45932296
13_BALARAJA_BARAT_ACCESS_ENTRANCE_R032,BALARAJA BARAT,ACCESS,-,ENTRANCE,340.00,-6.19903678,106.45931334
13_BALARAJA_BARAT_ACCESS_ENTRANCE_R032,BALARAJA BARAT,ACCESS,-,ENTRANCE,345.00,-6.19908072,106.45930372
13_BALARAJA_BARAT_ACCESS_ENTRANCE_R032,BALARAJA BARAT,ACCESS,-,ENTRANCE,350.00,-6.19912466,106.45929410
13_BALARAJA_BARAT_ACCESS_ENTRANCE_R032,BALARAJA BARAT,ACCESS,-,ENTRANCE,355.00,-6.19916860,106.45928449
13_BALARAJA_BARAT_ACCESS_ENTRANCE_R032,BALARAJA BARAT,ACCESS,-,ENTRANCE,360.00,-6.19921169,106.45927159
13_BALARAJA_BARAT_ACCESS_ENTRANCE_R032,BALARAJA BARAT,ACCESS,-,ENTRANCE,365.00,-6.19925585,106.45926335
13_BALARAJA_BARAT_ACCESS_ENTRANCE_R032,BALARAJA BARAT,ACCESS,-,ENTRANCE,370.00,-6.19930045,106.45926132
13_BALARAJA_BARAT_ACCESS_ENTRANCE_R032,BALARAJA BARAT,ACCESS,-,ENTRANCE,375.00,-6.19934527,106.45926493
13_BALARAJA_BARAT_ACCESS_ENTRANCE_R032,BALARAJA BARAT,ACCESS,-,ENTRANCE,380.00,-6.19939009,106.45926688
13_BALARAJA_BARAT_ACCESS_ENTRANCE_R032,BALARAJA BARAT,ACCESS,-,ENTRANCE,385.00,-6.19943492,106.45926334
13_BALARAJA_BARAT_ACCESS_ENTRANCE_R032,BALARAJA BARAT,ACCESS,-,ENTRANCE,390.00,-6.19947975,106.45925980
13_BALARAJA_BARAT_ACCESS_ENTRANCE_R032,BALARAJA BARAT,ACCESS,-,ENTRANCE,395.00,-6.19952458,106.45925626
13_BALARAJA_BARAT_ACCESS_ENTRANCE_R032,BALARAJA BARAT,ACCESS,-,ENTRANCE,400.00,-6.19956941,106.45925272
13_BALARAJA_BARAT_ACCESS_ENTRANCE_R032,BALARAJA BARAT,ACCESS,-,ENTRANCE,405.00,-6.19961423,106.45924918
13_BALARAJA_BARAT_ACCESS_ENTRANCE_R032,BALARAJA BARAT,ACCESS,-,ENTRANCE,410.00,-6.19965906,106.45924563
13_BALARAJA_BARAT_ACCESS_ENTRANCE_R032,BALARAJA BARAT,ACCESS,-,ENTRANCE,410.05,-6.19965950,106.45924560
13_BALARAJA_BARAT_GATE_PLAZA_ENTRANCE_R033,BALARAJA BARAT,GATE,PLAZA,ENTRANCE,0.00,-6.19965950,106.45924560
13_BALARAJA_BARAT_GATE_PLAZA_ENTRANCE_R033,BALARAJA BARAT,GATE,PLAZA,ENTRANCE,5.00,-6.19970433,106.45924205
13_BALARAJA_BARAT_GATE_PLAZA_ENTRANCE_R033,BALARAJA BARAT,GATE,PLAZA,ENTRANCE,10.00,-6.19974904,106.45923747
13_BALARAJA_BARAT_GATE_PLAZA_ENTRANCE_R033,BALARAJA BARAT,GATE,PLAZA,ENTRANCE,15.00,-6.19979357,106.45923114
13_BALARAJA_BARAT_GATE_PLAZA_ENTRANCE_R033,BALARAJA BARAT,GATE,PLAZA,ENTRANCE,20.00,-6.19983809,106.45922480
13_BALARAJA_BARAT_GATE_PLAZA_ENTRANCE_R033,BALARAJA BARAT,GATE,PLAZA,ENTRANCE,25.00,-6.19988261,106.45921846
13_BALARAJA_BARAT_GATE_PLAZA_ENTRANCE_R033,BALARAJA BARAT,GATE,PLAZA,ENTRANCE,30.00,-6.19992713,106.45921208
13_BALARAJA_BARAT_GATE_PLAZA_ENTRANCE_R033,BALARAJA BARAT,GATE,PLAZA,ENTRANCE,35.00,-6.19997164,106.45920569
13_BALARAJA_BARAT_GATE_PLAZA_ENTRANCE_R033,BALARAJA BARAT,GATE,PLAZA,ENTRANCE,40.00,-6.20001615,106.45919928
13_BALARAJA_BARAT_GATE_PLAZA_ENTRANCE_R033,BALARAJA BARAT,GATE,PLAZA,ENTRANCE,45.00,-6.20006067,106.45919288
13_BALARAJA_BARAT_GATE_PLAZA_ENTRANCE_R033,BALARAJA BARAT,GATE,PLAZA,ENTRANCE,50.00,-6.20010518,106.45918647
13_BALARAJA_BARAT_GATE_PLAZA_ENTRANCE_R033,BALARAJA BARAT,GATE,PLAZA,ENTRANCE,55.00,-6.20014969,106.45918006
13_BALARAJA_BARAT_GATE_PLAZA_ENTRANCE_R033,BALARAJA BARAT,GATE,PLAZA,ENTRANCE,60.00,-6.20019421,106.45917366
13_BALARAJA_BARAT_GATE_PLAZA_ENTRANCE_R033,BALARAJA BARAT,GATE,PLAZA,ENTRANCE,65.00,-6.20023884,106.45916818
13_BALARAJA_BARAT_GATE_PLAZA_ENTRANCE_R033,BALARAJA BARAT,GATE,PLAZA,ENTRANCE,70.00,-6.20028347,106.45916269
13_BALARAJA_BARAT_GATE_PLAZA_ENTRANCE_R033,BALARAJA BARAT,GATE,PLAZA,ENTRANCE,75.00,-6.20032811,106.45915720
13_BALARAJA_BARAT_GATE_PLAZA_ENTRANCE_R033,BALARAJA BARAT,GATE,PLAZA,ENTRANCE,80.00,-6.20037274,106.45915172
13_BALARAJA_BARAT_GATE_PLAZA_ENTRANCE_R033,BALARAJA BARAT,GATE,PLAZA,ENTRANCE,85.00,-6.20041704,106.45914402
13_BALARAJA_BARAT_GATE_PLAZA_ENTRANCE_R033,BALARAJA BARAT,GATE,PLAZA,ENTRANCE,90.00,-6.20046127,106.45913588
13_BALARAJA_BARAT_GATE_PLAZA_ENTRANCE_R033,BALARAJA BARAT,GATE,PLAZA,ENTRANCE,95.00,-6.20050550,106.45912774
13_BALARAJA_BARAT_GATE_PLAZA_ENTRANCE_R033,BALARAJA BARAT,GATE,PLAZA,ENTRANCE,100.00,-6.20054974,106.45911960
13_BALARAJA_BARAT_GATE_PLAZA_ENTRANCE_R033,BALARAJA BARAT,GATE,PLAZA,ENTRANCE,105.00,-6.20059346,106.45910919
13_BALARAJA_BARAT_GATE_PLAZA_ENTRANCE_R033,BALARAJA BARAT,GATE,PLAZA,ENTRANCE,110.00,-6.20063694,106.45909765
13_BALARAJA_BARAT_GATE_PLAZA_ENTRANCE_R033,BALARAJA BARAT,GATE,PLAZA,ENTRANCE,115.00,-6.20068042,106.45908611
13_BALARAJA_BARAT_GATE_PLAZA_ENTRANCE_R033,BALARAJA BARAT,GATE,PLAZA,ENTRANCE,120.00,-6.20072390,106.45907457
13_BALARAJA_BARAT_GATE_PLAZA_ENTRANCE_R033,BALARAJA BARAT,GATE,PLAZA,ENTRANCE,125.00,-6.20076770,106.45906439
13_BALARAJA_BARAT_GATE_PLAZA_ENTRANCE_R033,BALARAJA BARAT,GATE,PLAZA,ENTRANCE,130.00,-6.20081171,106.45905513
13_BALARAJA_BARAT_GATE_PLAZA_ENTRANCE_R033,BALARAJA BARAT,GATE,PLAZA,ENTRANCE,130.83,-6.20081900,106.45905360
13_BALARAJA_BARAT_RAMP_B_ON_R034,BALARAJA BARAT,RAMP,B,ON,0.00,-6.20081890,106.45905360
13_BALARAJA_BARAT_RAMP_B_ON_R034,BALARAJA BARAT,RAMP,B,ON,5.00,-6.20086292,106.45904436
13_BALARAJA_BARAT_RAMP_B_ON_R034,BALARAJA BARAT,RAMP,B,ON,10.00,-6.20090694,106.45903513
13_BALARAJA_BARAT_RAMP_B_ON_R034,BALARAJA BARAT,RAMP,B,ON,15.00,-6.20095095,106.45902586
13_BALARAJA_BARAT_RAMP_B_ON_R034,BALARAJA BARAT,RAMP,B,ON,20.00,-6.20099494,106.45901649
13_BALARAJA_BARAT_RAMP_B_ON_R034,BALARAJA BARAT,RAMP,B,ON,25.00,-6.20103893,106.45900712
13_BALARAJA_BARAT_RAMP_B_ON_R034,BALARAJA BARAT,RAMP,B,ON,30.00,-6.20108292,106.45899776
13_BALARAJA_BARAT_RAMP_B_ON_R034,BALARAJA BARAT,RAMP,B,ON,35.00,-6.20112691,106.45898839
13_BALARAJA_BARAT_RAMP_B_ON_R034,BALARAJA BARAT,RAMP,B,ON,40.00,-6.20117112,106.45898023
13_BALARAJA_BARAT_RAMP_B_ON_R034,BALARAJA BARAT,RAMP,B,ON,45.00,-6.20121560,106.45897357
13_BALARAJA_BARAT_RAMP_B_ON_R034,BALARAJA BARAT,RAMP,B,ON,50.00,-6.20126007,106.45896690
13_BALARAJA_BARAT_RAMP_B_ON_R034,BALARAJA BARAT,RAMP,B,ON,55.00,-6.20130455,106.45896024
13_BALARAJA_BARAT_RAMP_B_ON_R034,BALARAJA BARAT,RAMP,B,ON,60.00,-6.20134902,106.45895357
13_BALARAJA_BARAT_RAMP_B_ON_R034,BALARAJA BARAT,RAMP,B,ON,65.00,-6.20139350,106.45894691
13_BALARAJA_BARAT_RAMP_B_ON_R034,BALARAJA BARAT,RAMP,B,ON,70.00,-6.20143797,106.45894024
13_BALARAJA_BARAT_RAMP_B_ON_R034,BALARAJA BARAT,RAMP,B,ON,75.00,-6.20148249,106.45893394
13_BALARAJA_BARAT_RAMP_B_ON_R034,BALARAJA BARAT,RAMP,B,ON,80.00,-6.20152738,106.45893139
13_BALARAJA_BARAT_RAMP_B_ON_R034,BALARAJA BARAT,RAMP,B,ON,85.00,-6.20157228,106.45892897
13_BALARAJA_BARAT_RAMP_B_ON_R034,BALARAJA BARAT,RAMP,B,ON,90.00,-6.20161718,106.45892651
13_BALARAJA_BARAT_RAMP_B_ON_R034,BALARAJA BARAT,RAMP,B,ON,95.00,-6.20166207,106.45892388
13_BALARAJA_BARAT_RAMP_B_ON_R034,BALARAJA BARAT,RAMP,B,ON,100.00,-6.20170696,106.45892129
13_BALARAJA_BARAT_RAMP_B_ON_R034,BALARAJA BARAT,RAMP,B,ON,105.00,-6.20175193,106.45892087
13_BALARAJA_BARAT_RAMP_B_ON_R034,BALARAJA BARAT,RAMP,B,ON,110.00,-6.20179686,106.45892157
13_BALARAJA_BARAT_RAMP_B_ON_R034,BALARAJA BARAT,RAMP,B,ON,115.00,-6.20184176,106.45892418
13_BALARAJA_BARAT_RAMP_B_ON_R034,BALARAJA BARAT,RAMP,B,ON,120.00,-6.20188656,106.45892777
13_BALARAJA_BARAT_RAMP_B_ON_R034,BALARAJA BARAT,RAMP,B,ON,125.00,-6.20193126,106.45893274
13_BALARAJA_BARAT_RAMP_B_ON_R034,BALARAJA BARAT,RAMP,B,ON,130.00,-6.20197594,106.45893778
13_BALARAJA_BARAT_RAMP_B_ON_R034,BALARAJA BARAT,RAMP,B,ON,135.00,-6.20202061,106.45894302
13_BALARAJA_BARAT_RAMP_B_ON_R034,BALARAJA BARAT,RAMP,B,ON,140.00,-6.20206527,106.45894826
13_BALARAJA_BARAT_RAMP_B_ON_R034,BALARAJA BARAT,RAMP,B,ON,145.00,-6.20210923,106.45895751
13_BALARAJA_BARAT_RAMP_B_ON_R034,BALARAJA BARAT,RAMP,B,ON,150.00,-6.20215300,106.45896789
13_BALARAJA_BARAT_RAMP_B_ON_R034,BALARAJA BARAT,RAMP,B,ON,155.00,-6.20219677,106.45897826
13_BALARAJA_BARAT_RAMP_B_ON_R034,BALARAJA BARAT,RAMP,B,ON,160.00,-6.20224029,106.45898961
13_BALARAJA_BARAT_RAMP_B_ON_R034,BALARAJA BARAT,RAMP,B,ON,165.00,-6.20228365,106.45900158
13_BALARAJA_BARAT_RAMP_B_ON_R034,BALARAJA BARAT,RAMP,B,ON,170.00,-6.20232702,106.45901354
13_BALARAJA_BARAT_RAMP_B_ON_R034,BALARAJA BARAT,RAMP,B,ON,175.00,-6.20236995,106.45902691
13_BALARAJA_BARAT_RAMP_B_ON_R034,BALARAJA BARAT,RAMP,B,ON,180.00,-6.20241253,106.45904145
13_BALARAJA_BARAT_RAMP_B_ON_R034,BALARAJA BARAT,RAMP,B,ON,185.00,-6.20245511,106.45905600
13_BALARAJA_BARAT_RAMP_B_ON_R034,BALARAJA BARAT,RAMP,B,ON,190.00,-6.20249665,106.45907324
13_BALARAJA_BARAT_RAMP_B_ON_R034,BALARAJA BARAT,RAMP,B,ON,195.00,-6.20253791,106.45909122
13_BALARAJA_BARAT_RAMP_B_ON_R034,BALARAJA BARAT,RAMP,B,ON,200.00,-6.20257918,106.45910920
13_BALARAJA_BARAT_RAMP_B_ON_R034,BALARAJA BARAT,RAMP,B,ON,205.00,-6.20261867,106.45913078
13_BALARAJA_BARAT_RAMP_B_ON_R034,BALARAJA BARAT,RAMP,B,ON,210.00,-6.20265802,106.45915268
13_BALARAJA_BARAT_RAMP_B_ON_R034,BALARAJA BARAT,RAMP,B,ON,215.00,-6.20269595,106.45917698
13_BALARAJA_BARAT_RAMP_B_ON_R034,BALARAJA BARAT,RAMP,B,ON,220.00,-6.20273385,106.45920131
13_BALARAJA_BARAT_RAMP_B_ON_R034,BALARAJA BARAT,RAMP,B,ON,225.00,-6.20277103,106.45922670
13_BALARAJA_BARAT_RAMP_B_ON_R034,BALARAJA BARAT,RAMP,B,ON,230.00,-6.20280703,106.45925379
13_BALARAJA_BARAT_RAMP_B_ON_R034,BALARAJA BARAT,RAMP,B,ON,235.00,-6.20284304,106.45928089
13_BALARAJA_BARAT_RAMP_B_ON_R034,BALARAJA BARAT,RAMP,B,ON,240.00,-6.20287918,106.45930780
13_BALARAJA_BARAT_RAMP_B_ON_R034,BALARAJA BARAT,RAMP,B,ON,245.00,-6.20291577,106.45933408
13_BALARAJA_BARAT_RAMP_B_ON_R034,BALARAJA BARAT,RAMP,B,ON,250.00,-6.20295163,106.45936135
13_BALARAJA_BARAT_RAMP_B_ON_R034,BALARAJA BARAT,RAMP,B,ON,255.00,-6.20298676,106.45938958
13_BALARAJA_BARAT_RAMP_B_ON_R034,BALARAJA BARAT,RAMP,B,ON,260.00,-6.20302101,106.45941878
13_BALARAJA_BARAT_RAMP_B_ON_R034,BALARAJA BARAT,RAMP,B,ON,265.00,-6.20305168,106.45945185
13_BALARAJA_BARAT_RAMP_B_ON_R034,BALARAJA BARAT,RAMP,B,ON,270.00,-6.20308234,106.45948493
13_BALARAJA_BARAT_RAMP_B_ON_R034,BALARAJA BARAT,RAMP,B,ON,275.00,-6.20311244,106.45951852
13_BALARAJA_BARAT_RAMP_B_ON_R034,BALARAJA BARAT,RAMP,B,ON,280.00,-6.20314168,106.45955289
13_BALARAJA_BARAT_RAMP_B_ON_R034,BALARAJA BARAT,RAMP,B,ON,285.00,-6.20317091,106.45958725
13_BALARAJA_BARAT_RAMP_B_ON_R034,BALARAJA BARAT,RAMP,B,ON,290.00,-6.20320015,106.45962162
13_BALARAJA_BARAT_RAMP_B_ON_R034,BALARAJA BARAT,RAMP,B,ON,295.00,-6.20322938,106.45965599
13_BALARAJA_BARAT_RAMP_B_ON_R034,BALARAJA BARAT,RAMP,B,ON,300.00,-6.20325862,106.45969035
13_BALARAJA_BARAT_RAMP_B_ON_R034,BALARAJA BARAT,RAMP,B,ON,305.00,-6.20328625,106.45972603
13_BALARAJA_BARAT_RAMP_B_ON_R034,BALARAJA BARAT,RAMP,B,ON,310.00,-6.20331387,106.45976173
13_BALARAJA_BARAT_RAMP_B_ON_R034,BALARAJA BARAT,RAMP,B,ON,315.00,-6.20334132,106.45979754
13_BALARAJA_BARAT_RAMP_B_ON_R034,BALARAJA BARAT,RAMP,B,ON,320.00,-6.20336665,106.45983492
13_BALARAJA_BARAT_RAMP_B_ON_R034,BALARAJA BARAT,RAMP,B,ON,325.00,-6.20339210,106.45987220
13_BALARAJA_BARAT_RAMP_B_ON_R034,BALARAJA BARAT,RAMP,B,ON,330.00,-6.20341840,106.45990889
13_BALARAJA_BARAT_RAMP_B_ON_R034,BALARAJA BARAT,RAMP,B,ON,335.00,-6.20344470,106.45994558
13_BALARAJA_BARAT_RAMP_B_ON_R034,BALARAJA BARAT,RAMP,B,ON,340.00,-6.20347100,106.45998227
13_BALARAJA_BARAT_RAMP_B_ON_R034,BALARAJA BARAT,RAMP,B,ON,345.00,-6.20349305,106.46002165
13_BALARAJA_BARAT_RAMP_B_ON_R034,BALARAJA BARAT,RAMP,B,ON,350.00,-6.20351464,106.46006133
13_BALARAJA_BARAT_RAMP_B_ON_R034,BALARAJA BARAT,RAMP,B,ON,355.00,-6.20353565,106.46010132
13_BALARAJA_BARAT_RAMP_B_ON_R034,BALARAJA BARAT,RAMP,B,ON,360.00,-6.20355662,106.46014133
13_BALARAJA_BARAT_RAMP_B_ON_R034,BALARAJA BARAT,RAMP,B,ON,365.00,-6.20357759,106.46018134
13_BALARAJA_BARAT_RAMP_B_ON_R034,BALARAJA BARAT,RAMP,B,ON,370.00,-6.20359856,106.46022135
13_BALARAJA_BARAT_RAMP_B_ON_R034,BALARAJA BARAT,RAMP,B,ON,375.00,-6.20361952,106.46026137
13_BALARAJA_BARAT_RAMP_B_ON_R034,BALARAJA BARAT,RAMP,B,ON,380.00,-6.20364049,106.46030138
13_BALARAJA_BARAT_RAMP_B_ON_R034,BALARAJA BARAT,RAMP,B,ON,385.00,-6.20366092,106.46034167
13_BALARAJA_BARAT_RAMP_B_ON_R034,BALARAJA BARAT,RAMP,B,ON,390.00,-6.20368089,106.46038219
13_BALARAJA_BARAT_RAMP_B_ON_R034,BALARAJA BARAT,RAMP,B,ON,395.00,-6.20370085,106.46042272
13_BALARAJA_BARAT_RAMP_B_ON_R034,BALARAJA BARAT,RAMP,B,ON,400.00,-6.20372082,106.46046325
13_BALARAJA_BARAT_RAMP_B_ON_R034,BALARAJA BARAT,RAMP,B,ON,405.00,-6.20374078,106.46050378
13_BALARAJA_BARAT_RAMP_B_ON_R034,BALARAJA BARAT,RAMP,B,ON,410.00,-6.20376074,106.46054431
13_BALARAJA_BARAT_RAMP_B_ON_R034,BALARAJA BARAT,RAMP,B,ON,415.00,-6.20380069,106.46056135
13_BALARAJA_BARAT_RAMP_B_ON_R034,BALARAJA BARAT,RAMP,B,ON,420.00,-6.20384358,106.46057495
13_BALARAJA_BARAT_RAMP_B_ON_R034,BALARAJA BARAT,RAMP,B,ON,425.00,-6.20387792,106.46059832
13_BALARAJA_BARAT_RAMP_B_ON_R034,BALARAJA BARAT,RAMP,B,ON,430.00,-6.20389679,106.46063937
13_BALARAJA_BARAT_RAMP_B_ON_R034,BALARAJA BARAT,RAMP,B,ON,435.00,-6.20391566,106.46068043
13_BALARAJA_BARAT_RAMP_B_ON_R034,BALARAJA BARAT,RAMP,B,ON,440.00,-6.20393453,106.46072148
13_BALARAJA_BARAT_RAMP_B_ON_R034,BALARAJA BARAT,RAMP,B,ON,445.00,-6.20395340,106.46076254
13_BALARAJA_BARAT_RAMP_B_ON_R034,BALARAJA BARAT,RAMP,B,ON,450.00,-6.20397227,106.46080360
13_BALARAJA_BARAT_RAMP_B_ON_R034,BALARAJA BARAT,RAMP,B,ON,455.00,-6.20399113,106.46084465
13_BALARAJA_BARAT_RAMP_B_ON_R034,BALARAJA BARAT,RAMP,B,ON,460.00,-6.20401000,106.46088571
13_BALARAJA_BARAT_RAMP_B_ON_R034,BALARAJA BARAT,RAMP,B,ON,465.00,-6.20402887,106.46092676
13_BALARAJA_BARAT_RAMP_B_ON_R034,BALARAJA BARAT,RAMP,B,ON,470.00,-6.20404774,106.46096782
13_BALARAJA_BARAT_RAMP_B_ON_R034,BALARAJA BARAT,RAMP,B,ON,475.00,-6.20406661,106.46100887
13_BALARAJA_BARAT_RAMP_B_ON_R034,BALARAJA BARAT,RAMP,B,ON,480.00,-6.20408548,106.46104993
13_BALARAJA_BARAT_RAMP_B_ON_R034,BALARAJA BARAT,RAMP,B,ON,485.00,-6.20410435,106.46109099
13_BALARAJA_BARAT_RAMP_B_ON_R034,BALARAJA BARAT,RAMP,B,ON,490.00,-6.20412322,106.46113204
13_BALARAJA_BARAT_RAMP_B_ON_R034,BALARAJA BARAT,RAMP,B,ON,495.00,-6.20414209,106.46117310
13_BALARAJA_BARAT_RAMP_B_ON_R034,BALARAJA BARAT,RAMP,B,ON,500.00,-6.20416095,106.46121416
13_BALARAJA_BARAT_RAMP_B_ON_R034,BALARAJA BARAT,RAMP,B,ON,505.00,-6.20417945,106.46125538
13_BALARAJA_BARAT_RAMP_B_ON_R034,BALARAJA BARAT,RAMP,B,ON,510.00,-6.20419795,106.46129661
13_BALARAJA_BARAT_RAMP_B_ON_R034,BALARAJA BARAT,RAMP,B,ON,515.00,-6.20421646,106.46133783
13_BALARAJA_BARAT_RAMP_B_ON_R034,BALARAJA BARAT,RAMP,B,ON,520.00,-6.20423496,106.46137906
13_BALARAJA_BARAT_RAMP_B_ON_R034,BALARAJA BARAT,RAMP,B,ON,525.00,-6.20425346,106.46142028
13_BALARAJA_BARAT_RAMP_B_ON_R034,BALARAJA BARAT,RAMP,B,ON,530.00,-6.20427197,106.46146150
13_BALARAJA_BARAT_RAMP_B_ON_R034,BALARAJA BARAT,RAMP,B,ON,535.00,-6.20429047,106.46150273
13_BALARAJA_BARAT_RAMP_B_ON_R034,BALARAJA BARAT,RAMP,B,ON,540.00,-6.20430897,106.46154395
13_BALARAJA_BARAT_RAMP_B_ON_R034,BALARAJA BARAT,RAMP,B,ON,545.00,-6.20432748,106.46158518
13_BALARAJA_BARAT_RAMP_B_ON_R034,BALARAJA BARAT,RAMP,B,ON,550.00,-6.20434598,106.46162640
13_BALARAJA_BARAT_RAMP_B_ON_R034,BALARAJA BARAT,RAMP,B,ON,555.00,-6.20436449,106.46166762
13_BALARAJA_BARAT_RAMP_B_ON_R034,BALARAJA BARAT,RAMP,B,ON,560.00,-6.20438299,106.46170885
13_BALARAJA_BARAT_RAMP_B_ON_R034,BALARAJA BARAT,RAMP,B,ON,565.00,-6.20440149,106.46175007
13_BALARAJA_BARAT_RAMP_B_ON_R034,BALARAJA BARAT,RAMP,B,ON,570.00,-6.20442000,106.46179130
13_BALARAJA_BARAT_RAMP_B_ON_R034,BALARAJA BARAT,RAMP,B,ON,575.00,-6.20443850,106.46183252
13_BALARAJA_BARAT_RAMP_B_ON_R034,BALARAJA BARAT,RAMP,B,ON,580.00,-6.20445667,106.46187389
13_BALARAJA_BARAT_RAMP_B_ON_R034,BALARAJA BARAT,RAMP,B,ON,584.38,-6.20447250,106.46191020
13_BALARAJA_BARAT_RAMP_A_ON_R035,BALARAJA BARAT,RAMP,A,ON,0.00,-6.20063110,106.45905270
13_BALARAJA_BARAT_RAMP_A_ON_R035,BALARAJA BARAT,RAMP,A,ON,5.00,-6.20067059,106.45903136
13_BALARAJA_BARAT_RAMP_A_ON_R035,BALARAJA BARAT,RAMP,A,ON,10.00,-6.20071185,106.45901392
13_BALARAJA_BARAT_RAMP_A_ON_R035,BALARAJA BARAT,RAMP,A,ON,15.00,-6.20075523,106.45900200
13_BALARAJA_BARAT_RAMP_A_ON_R035,BALARAJA BARAT,RAMP,A,ON,20.00,-6.20079877,106.45899079
13_BALARAJA_BARAT_RAMP_A_ON_R035,BALARAJA BARAT,RAMP,A,ON,25.00,-6.20084287,106.45898197
13_BALARAJA_BARAT_RAMP_A_ON_R035,BALARAJA BARAT,RAMP,A,ON,30.00,-6.20088698,106.45897315
13_BALARAJA_BARAT_RAMP_A_ON_R035,BALARAJA BARAT,RAMP,A,ON,35.00,-6.20093108,106.45896434
13_BALARAJA_BARAT_RAMP_A_ON_R035,BALARAJA BARAT,RAMP,A,ON,40.00,-6.20097518,106.45895552
13_BALARAJA_BARAT_RAMP_A_ON_R035,BALARAJA BARAT,RAMP,A,ON,45.00,-6.20101929,106.45894671
13_BALARAJA_BARAT_RAMP_A_ON_R035,BALARAJA BARAT,RAMP,A,ON,50.00,-6.20106339,106.45893789
13_BALARAJA_BARAT_RAMP_A_ON_R035,BALARAJA BARAT,RAMP,A,ON,55.00,-6.20110749,106.45892907
13_BALARAJA_BARAT_RAMP_A_ON_R035,BALARAJA BARAT,RAMP,A,ON,60.00,-6.20115160,106.45892026
13_BALARAJA_BARAT_RAMP_A_ON_R035,BALARAJA BARAT,RAMP,A,ON,65.00,-6.20119570,106.45891144
13_BALARAJA_BARAT_RAMP_A_ON_R035,BALARAJA BARAT,RAMP,A,ON,70.00,-6.20123981,106.45890262
13_BALARAJA_BARAT_RAMP_A_ON_R035,BALARAJA BARAT,RAMP,A,ON,75.00,-6.20128391,106.45889381
13_BALARAJA_BARAT_RAMP_A_ON_R035,BALARAJA BARAT,RAMP,A,ON,80.00,-6.20132801,106.45888499
13_BALARAJA_BARAT_RAMP_A_ON_R035,BALARAJA BARAT,RAMP,A,ON,85.00,-6.20137212,106.45887618
13_BALARAJA_BARAT_RAMP_A_ON_R035,BALARAJA BARAT,RAMP,A,ON,90.00,-6.20141635,106.45886809
13_BALARAJA_BARAT_RAMP_A_ON_R035,BALARAJA BARAT,RAMP,A,ON,95.00,-6.20146064,106.45886033
13_BALARAJA_BARAT_RAMP_A_ON_R035,BALARAJA BARAT,RAMP,A,ON,100.00,-6.20150438,106.45884984
13_BALARAJA_BARAT_RAMP_A_ON_R035,BALARAJA BARAT,RAMP,A,ON,105.00,-6.20154813,106.45883935
13_BALARAJA_BARAT_RAMP_A_ON_R035,BALARAJA BARAT,RAMP,A,ON,110.00,-6.20159187,106.45882888
13_BALARAJA_BARAT_RAMP_A_ON_R035,BALARAJA BARAT,RAMP,A,ON,115.00,-6.20163562,106.45881844
13_BALARAJA_BARAT_RAMP_A_ON_R035,BALARAJA BARAT,RAMP,A,ON,120.00,-6.20167955,106.45880877
13_BALARAJA_BARAT_RAMP_A_ON_R035,BALARAJA BARAT,RAMP,A,ON,125.00,-6.20172348,106.45879914
13_BALARAJA_BARAT_RAMP_A_ON_R035,BALARAJA BARAT,RAMP,A,ON,130.00,-6.20176742,106.45878951
13_BALARAJA_BARAT_RAMP_A_ON_R035,BALARAJA BARAT,RAMP,A,ON,135.00,-6.20181135,106.45877989
13_BALARAJA_BARAT_RAMP_A_ON_R035,BALARAJA BARAT,RAMP,A,ON,140.00,-6.20185529,106.45877026
13_BALARAJA_BARAT_RAMP_A_ON_R035,BALARAJA BARAT,RAMP,A,ON,145.00,-6.20189858,106.45875821
13_BALARAJA_BARAT_RAMP_A_ON_R035,BALARAJA BARAT,RAMP,A,ON,150.00,-6.20194140,106.45874439
13_BALARAJA_BARAT_RAMP_A_ON_R035,BALARAJA BARAT,RAMP,A,ON,155.00,-6.20198421,106.45873058
13_BALARAJA_BARAT_RAMP_A_ON_R035,BALARAJA BARAT,RAMP,A,ON,160.00,-6.20202703,106.45871677
13_BALARAJA_BARAT_RAMP_A_ON_R035,BALARAJA BARAT,RAMP,A,ON,165.00,-6.20206986,106.45870299
13_BALARAJA_BARAT_RAMP_A_ON_R035,BALARAJA BARAT,RAMP,A,ON,170.00,-6.20211271,106.45868926
13_BALARAJA_BARAT_RAMP_A_ON_R035,BALARAJA BARAT,RAMP,A,ON,175.00,-6.20215555,106.45867554
13_BALARAJA_BARAT_RAMP_A_ON_R035,BALARAJA BARAT,RAMP,A,ON,180.00,-6.20219877,106.45866311
13_BALARAJA_BARAT_RAMP_A_ON_R035,BALARAJA BARAT,RAMP,A,ON,185.00,-6.20224233,106.45865187
13_BALARAJA_BARAT_RAMP_A_ON_R035,BALARAJA BARAT,RAMP,A,ON,190.00,-6.20228588,106.45864063
13_BALARAJA_BARAT_RAMP_A_ON_R035,BALARAJA BARAT,RAMP,A,ON,195.00,-6.20232948,106.45862954
13_BALARAJA_BARAT_RAMP_A_ON_R035,BALARAJA BARAT,RAMP,A,ON,200.00,-6.20237131,106.45861319
13_BALARAJA_BARAT_RAMP_A_ON_R035,BALARAJA BARAT,RAMP,A,ON,205.00,-6.20241273,106.45859558
13_BALARAJA_BARAT_RAMP_A_ON_R035,BALARAJA BARAT,RAMP,A,ON,210.00,-6.20245433,106.45857844
13_BALARAJA_BARAT_RAMP_A_ON_R035,BALARAJA BARAT,RAMP,A,ON,215.00,-6.20249684,106.45856371
13_BALARAJA_BARAT_RAMP_A_ON_R035,BALARAJA BARAT,RAMP,A,ON,220.00,-6.20253936,106.45854898
13_BALARAJA_BARAT_RAMP_A_ON_R035,BALARAJA BARAT,RAMP,A,ON,225.00,-6.20258187,106.45853425
13_BALARAJA_BARAT_RAMP_A_ON_R035,BALARAJA BARAT,RAMP,A,ON,230.00,-6.20262346,106.45851731
13_BALARAJA_BARAT_RAMP_A_ON_R035,BALARAJA BARAT,RAMP,A,ON,235.00,-6.20266356,106.45849685
13_BALARAJA_BARAT_RAMP_A_ON_R035,BALARAJA BARAT,RAMP,A,ON,240.00,-6.20270366,106.45847638
13_BALARAJA_BARAT_RAMP_A_ON_R035,BALARAJA BARAT,RAMP,A,ON,245.00,-6.20274370,106.45845580
13_BALARAJA_BARAT_RAMP_A_ON_R035,BALARAJA BARAT,RAMP,A,ON,250.00,-6.20278374,106.45843522
13_BALARAJA_BARAT_RAMP_A_ON_R035,BALARAJA BARAT,RAMP,A,ON,255.00,-6.20282383,106.45841474
13_BALARAJA_BARAT_RAMP_A_ON_R035,BALARAJA BARAT,RAMP,A,ON,260.00,-6.20286429,106.45839500
13_BALARAJA_BARAT_RAMP_A_ON_R035,BALARAJA BARAT,RAMP,A,ON,265.00,-6.20290475,106.45837525
13_BALARAJA_BARAT_RAMP_A_ON_R035,BALARAJA BARAT,RAMP,A,ON,270.00,-6.20294504,106.45835519
13_BALARAJA_BARAT_RAMP_A_ON_R035,BALARAJA BARAT,RAMP,A,ON,275.00,-6.20298523,106.45833490
13_BALARAJA_BARAT_RAMP_A_ON_R035,BALARAJA BARAT,RAMP,A,ON,280.00,-6.20302541,106.45831460
13_BALARAJA_BARAT_RAMP_A_ON_R035,BALARAJA BARAT,RAMP,A,ON,285.00,-6.20306501,106.45829321
13_BALARAJA_BARAT_RAMP_A_ON_R035,BALARAJA BARAT,RAMP,A,ON,290.00,-6.20310523,106.45827299
13_BALARAJA_BARAT_RAMP_A_ON_R035,BALARAJA BARAT,RAMP,A,ON,295.00,-6.20314546,106.45825277
13_BALARAJA_BARAT_RAMP_A_ON_R035,BALARAJA BARAT,RAMP,A,ON,300.00,-6.20318565,106.45823250
13_BALARAJA_BARAT_RAMP_A_ON_R035,BALARAJA BARAT,RAMP,A,ON,305.00,-6.20322602,106.45821258
13_BALARAJA_BARAT_RAMP_A_ON_R035,BALARAJA BARAT,RAMP,A,ON,310.00,-6.20326656,106.45819301
13_BALARAJA_BARAT_RAMP_A_ON_R035,BALARAJA BARAT,RAMP,A,ON,315.00,-6.20330817,106.45817598
13_BALARAJA_BARAT_RAMP_A_ON_R035,BALARAJA BARAT,RAMP,A,ON,320.00,-6.20335039,106.45816042
13_BALARAJA_BARAT_RAMP_A_ON_R035,BALARAJA BARAT,RAMP,A,ON,325.00,-6.20339399,106.45814950
13_BALARAJA_BARAT_RAMP_A_ON_R035,BALARAJA BARAT,RAMP,A,ON,330.00,-6.20343776,106.45813912
13_BALARAJA_BARAT_RAMP_A_ON_R035,BALARAJA BARAT,RAMP,A,ON,335.00,-6.20348234,106.45813323
13_BALARAJA_BARAT_RAMP_A_ON_R035,BALARAJA BARAT,RAMP,A,ON,340.00,-6.20352693,106.45812743
13_BALARAJA_BARAT_RAMP_A_ON_R035,BALARAJA BARAT,RAMP,A,ON,345.00,-6.20357185,106.45812672
13_BALARAJA_BARAT_RAMP_A_ON_R035,BALARAJA BARAT,RAMP,A,ON,350.00,-6.20361679,106.45812777
13_BALARAJA_BARAT_RAMP_A_ON_R035,BALARAJA BARAT,RAMP,A,ON,355.00,-6.20366166,106.45813026
13_BALARAJA_BARAT_RAMP_A_ON_R035,BALARAJA BARAT,RAMP,A,ON,360.00,-6.20370535,106.45814096
13_BALARAJA_BARAT_RAMP_A_ON_R035,BALARAJA BARAT,RAMP,A,ON,365.00,-6.20374904,106.45815166
13_BALARAJA_BARAT_RAMP_A_ON_R035,BALARAJA BARAT,RAMP,A,ON,370.00,-6.20379091,106.45816802
13_BALARAJA_BARAT_RAMP_A_ON_R035,BALARAJA BARAT,RAMP,A,ON,375.00,-6.20383257,106.45818505
13_BALARAJA_BARAT_RAMP_A_ON_R035,BALARAJA BARAT,RAMP,A,ON,380.00,-6.20387398,106.45820261
13_BALARAJA_BARAT_RAMP_A_ON_R035,BALARAJA BARAT,RAMP,A,ON,385.00,-6.20391269,106.45822560
13_BALARAJA_BARAT_RAMP_A_ON_R035,BALARAJA BARAT,RAMP,A,ON,390.00,-6.20395004,106.45825061
13_BALARAJA_BARAT_RAMP_A_ON_R035,BALARAJA BARAT,RAMP,A,ON,395.00,-6.20398494,106.45827913
13_BALARAJA_BARAT_RAMP_A_ON_R035,BALARAJA BARAT,RAMP,A,ON,400.00,-6.20401685,106.45831094
13_BALARAJA_BARAT_RAMP_A_ON_R035,BALARAJA BARAT,RAMP,A,ON,405.00,-6.20404811,106.45834344
13_BALARAJA_BARAT_RAMP_A_ON_R035,BALARAJA BARAT,RAMP,A,ON,410.00,-6.20407528,106.45837948
13_BALARAJA_BARAT_RAMP_A_ON_R035,BALARAJA BARAT,RAMP,A,ON,415.00,-6.20410231,106.45841562
13_BALARAJA_BARAT_RAMP_A_ON_R035,BALARAJA BARAT,RAMP,A,ON,420.00,-6.20412681,106.45845355
13_BALARAJA_BARAT_RAMP_A_ON_R035,BALARAJA BARAT,RAMP,A,ON,425.00,-6.20414714,106.45849377
13_BALARAJA_BARAT_RAMP_A_ON_R035,BALARAJA BARAT,RAMP,A,ON,430.00,-6.20416567,106.45853498
13_BALARAJA_BARAT_RAMP_A_ON_R035,BALARAJA BARAT,RAMP,A,ON,435.00,-6.20417951,106.45857799
13_BALARAJA_BARAT_RAMP_A_ON_R035,BALARAJA BARAT,RAMP,A,ON,440.00,-6.20419227,106.45862133
13_BALARAJA_BARAT_RAMP_A_ON_R035,BALARAJA BARAT,RAMP,A,ON,445.00,-6.20420142,106.45866562
13_BALARAJA_BARAT_RAMP_A_ON_R035,BALARAJA BARAT,RAMP,A,ON,450.00,-6.20420942,106.45870996
13_BALARAJA_BARAT_RAMP_A_ON_R035,BALARAJA BARAT,RAMP,A,ON,455.00,-6.20420482,106.45875496
13_BALARAJA_BARAT_RAMP_A_ON_R035,BALARAJA BARAT,RAMP,A,ON,460.00,-6.20419959,106.45879986
13_BALARAJA_BARAT_RAMP_A_ON_R035,BALARAJA BARAT,RAMP,A,ON,465.00,-6.20419127,106.45884431
13_BALARAJA_BARAT_RAMP_A_ON_R035,BALARAJA BARAT,RAMP,A,ON,470.00,-6.20417635,106.45888682
13_BALARAJA_BARAT_RAMP_A_ON_R035,BALARAJA BARAT,RAMP,A,ON,475.00,-6.20415962,106.45892881
13_BALARAJA_BARAT_RAMP_A_ON_R035,BALARAJA BARAT,RAMP,A,ON,480.00,-6.20414115,106.45896981
13_BALARAJA_BARAT_RAMP_A_ON_R035,BALARAJA BARAT,RAMP,A,ON,485.00,-6.20411440,106.45900617
13_BALARAJA_BARAT_RAMP_A_ON_R035,BALARAJA BARAT,RAMP,A,ON,490.00,-6.20408572,106.45904080
13_BALARAJA_BARAT_RAMP_A_ON_R035,BALARAJA BARAT,RAMP,A,ON,495.00,-6.20405295,106.45907177
13_BALARAJA_BARAT_RAMP_A_ON_R035,BALARAJA BARAT,RAMP,A,ON,500.00,-6.20401601,106.45909705
13_BALARAJA_BARAT_RAMP_A_ON_R035,BALARAJA BARAT,RAMP,A,ON,505.00,-6.20397615,106.45911776
13_BALARAJA_BARAT_RAMP_A_ON_R035,BALARAJA BARAT,RAMP,A,ON,510.00,-6.20393395,106.45913337
13_BALARAJA_BARAT_RAMP_A_ON_R035,BALARAJA BARAT,RAMP,A,ON,515.00,-6.20389067,106.45914556
13_BALARAJA_BARAT_RAMP_A_ON_R035,BALARAJA BARAT,RAMP,A,ON,520.00,-6.20384725,106.45915721
13_BALARAJA_BARAT_RAMP_A_ON_R035,BALARAJA BARAT,RAMP,A,ON,525.00,-6.20380229,106.45915782
13_BALARAJA_BARAT_RAMP_A_ON_R035,BALARAJA BARAT,RAMP,A,ON,530.00,-6.20375753,106.45915479
13_BALARAJA_BARAT_RAMP_A_ON_R035,BALARAJA BARAT,RAMP,A,ON,535.00,-6.20371323,106.45914755
13_BALARAJA_BARAT_RAMP_A_ON_R035,BALARAJA BARAT,RAMP,A,ON,540.00,-6.20366986,106.45913562
13_BALARAJA_BARAT_RAMP_A_ON_R035,BALARAJA BARAT,RAMP,A,ON,545.00,-6.20362753,106.45912076
13_BALARAJA_BARAT_RAMP_A_ON_R035,BALARAJA BARAT,RAMP,A,ON,550.00,-6.20358691,106.45910141
13_BALARAJA_BARAT_RAMP_A_ON_R035,BALARAJA BARAT,RAMP,A,ON,555.00,-6.20354750,106.45907965
13_BALARAJA_BARAT_RAMP_A_ON_R035,BALARAJA BARAT,RAMP,A,ON,560.00,-6.20351177,106.45905301
13_BALARAJA_BARAT_RAMP_A_ON_R035,BALARAJA BARAT,RAMP,A,ON,565.00,-6.20348155,106.45901953
13_BALARAJA_BARAT_RAMP_A_ON_R035,BALARAJA BARAT,RAMP,A,ON,570.00,-6.20345412,106.45898369
13_BALARAJA_BARAT_RAMP_A_ON_R035,BALARAJA BARAT,RAMP,A,ON,575.00,-6.20343049,106.45894541
13_BALARAJA_BARAT_RAMP_A_ON_R035,BALARAJA BARAT,RAMP,A,ON,580.00,-6.20340963,106.45890534
13_BALARAJA_BARAT_RAMP_A_ON_R035,BALARAJA BARAT,RAMP,A,ON,585.00,-6.20338878,106.45886526
13_BALARAJA_BARAT_RAMP_A_ON_R035,BALARAJA BARAT,RAMP,A,ON,590.00,-6.20336798,106.45882516
13_BALARAJA_BARAT_RAMP_A_ON_R035,BALARAJA BARAT,RAMP,A,ON,595.00,-6.20334732,106.45878499
13_BALARAJA_BARAT_RAMP_A_ON_R035,BALARAJA BARAT,RAMP,A,ON,600.00,-6.20332686,106.45874471
13_BALARAJA_BARAT_RAMP_A_ON_R035,BALARAJA BARAT,RAMP,A,ON,605.00,-6.20330640,106.45870444
13_BALARAJA_BARAT_RAMP_A_ON_R035,BALARAJA BARAT,RAMP,A,ON,610.00,-6.20328594,106.45866416
13_BALARAJA_BARAT_RAMP_A_ON_R035,BALARAJA BARAT,RAMP,A,ON,615.00,-6.20326548,106.45862388
13_BALARAJA_BARAT_RAMP_A_ON_R035,BALARAJA BARAT,RAMP,A,ON,620.00,-6.20324502,106.45858360
13_BALARAJA_BARAT_RAMP_A_ON_R035,BALARAJA BARAT,RAMP,A,ON,625.00,-6.20322456,106.45854333
13_BALARAJA_BARAT_RAMP_A_ON_R035,BALARAJA BARAT,RAMP,A,ON,630.00,-6.20320410,106.45850305
13_BALARAJA_BARAT_RAMP_A_ON_R035,BALARAJA BARAT,RAMP,A,ON,635.00,-6.20318364,106.45846277
13_BALARAJA_BARAT_RAMP_A_ON_R035,BALARAJA BARAT,RAMP,A,ON,640.00,-6.20316318,106.45842249
13_BALARAJA_BARAT_RAMP_A_ON_R035,BALARAJA BARAT,RAMP,A,ON,645.00,-6.20314272,106.45838222
13_BALARAJA_BARAT_RAMP_A_ON_R035,BALARAJA BARAT,RAMP,A,ON,650.00,-6.20312226,106.45834194
13_BALARAJA_BARAT_RAMP_A_ON_R035,BALARAJA BARAT,RAMP,A,ON,655.00,-6.20310150,106.45830182
13_BALARAJA_BARAT_RAMP_A_ON_R035,BALARAJA BARAT,RAMP,A,ON,660.00,-6.20308070,106.45826171
13_BALARAJA_BARAT_RAMP_A_ON_R035,BALARAJA BARAT,RAMP,A,ON,665.00,-6.20305990,106.45822161
13_BALARAJA_BARAT_RAMP_A_ON_R035,BALARAJA BARAT,RAMP,A,ON,670.00,-6.20303911,106.45818150
13_BALARAJA_BARAT_RAMP_A_ON_R035,BALARAJA BARAT,RAMP,A,ON,675.00,-6.20301833,106.45814140
13_BALARAJA_BARAT_RAMP_A_ON_R035,BALARAJA BARAT,RAMP,A,ON,680.00,-6.20299675,106.45810176
13_BALARAJA_BARAT_RAMP_A_ON_R035,BALARAJA BARAT,RAMP,A,ON,685.00,-6.20297209,106.45806394
13_BALARAJA_BARAT_RAMP_A_ON_R035,BALARAJA BARAT,RAMP,A,ON,690.00,-6.20294742,106.45802612
13_BALARAJA_BARAT_RAMP_A_ON_R035,BALARAJA BARAT,RAMP,A,ON,695.00,-6.20292276,106.45798830
13_BALARAJA_BARAT_RAMP_A_ON_R035,BALARAJA BARAT,RAMP,A,ON,700.00,-6.20289809,106.45795048
13_BALARAJA_BARAT_RAMP_A_ON_R035,BALARAJA BARAT,RAMP,A,ON,705.00,-6.20287343,106.45791266
13_BALARAJA_BARAT_RAMP_A_ON_R035,BALARAJA BARAT,RAMP,A,ON,710.00,-6.20284897,106.45787471
13_BALARAJA_BARAT_RAMP_A_ON_R035,BALARAJA BARAT,RAMP,A,ON,715.00,-6.20282577,106.45783596
13_BALARAJA_BARAT_RAMP_A_ON_R035,BALARAJA BARAT,RAMP,A,ON,720.00,-6.20280258,106.45779721
13_BALARAJA_BARAT_RAMP_A_ON_R035,BALARAJA BARAT,RAMP,A,ON,725.00,-6.20277938,106.45775846
13_BALARAJA_BARAT_RAMP_A_ON_R035,BALARAJA BARAT,RAMP,A,ON,730.00,-6.20275673,106.45771941
13_BALARAJA_BARAT_RAMP_A_ON_R035,BALARAJA BARAT,RAMP,A,ON,735.00,-6.20273567,106.45767944
13_BALARAJA_BARAT_RAMP_A_ON_R035,BALARAJA BARAT,RAMP,A,ON,740.00,-6.20271461,106.45763948
13_BALARAJA_BARAT_RAMP_A_ON_R035,BALARAJA BARAT,RAMP,A,ON,745.00,-6.20269354,106.45759952
13_BALARAJA_BARAT_RAMP_A_ON_R035,BALARAJA BARAT,RAMP,A,ON,750.00,-6.20267249,106.45755955
13_BALARAJA_BARAT_RAMP_A_ON_R035,BALARAJA BARAT,RAMP,A,ON,755.00,-6.20265143,106.45751959
13_BALARAJA_BARAT_RAMP_A_ON_R035,BALARAJA BARAT,RAMP,A,ON,760.00,-6.20263037,106.45747963
13_BALARAJA_BARAT_RAMP_A_ON_R035,BALARAJA BARAT,RAMP,A,ON,765.00,-6.20260931,106.45743966
13_BALARAJA_BARAT_RAMP_A_ON_R035,BALARAJA BARAT,RAMP,A,ON,770.00,-6.20258825,106.45739970
13_BALARAJA_BARAT_RAMP_A_ON_R035,BALARAJA BARAT,RAMP,A,ON,775.00,-6.20256720,106.45735973
13_BALARAJA_BARAT_RAMP_A_ON_R035,BALARAJA BARAT,RAMP,A,ON,780.00,-6.20254614,106.45731977
13_BALARAJA_BARAT_RAMP_A_ON_R035,BALARAJA BARAT,RAMP,A,ON,785.00,-6.20252599,106.45727934
13_BALARAJA_BARAT_RAMP_A_ON_R035,BALARAJA BARAT,RAMP,A,ON,790.00,-6.20248642,106.45726096
13_BALARAJA_BARAT_RAMP_A_ON_R035,BALARAJA BARAT,RAMP,A,ON,795.00,-6.20244409,106.45724572
13_BALARAJA_BARAT_RAMP_A_ON_R035,BALARAJA BARAT,RAMP,A,ON,800.00,-6.20240860,106.45722288
13_BALARAJA_BARAT_RAMP_A_ON_R035,BALARAJA BARAT,RAMP,A,ON,805.00,-6.20238937,106.45718199
13_BALARAJA_BARAT_RAMP_A_ON_R035,BALARAJA BARAT,RAMP,A,ON,808.58,-6.20237560,106.45715270
131_CIKANDE_RAMP_A_OFF_R036,CIKANDE,RAMP,A,OFF,0.00,-6.17346340,106.34827230
131_CIKANDE_RAMP_A_OFF_R036,CIKANDE,RAMP,A,OFF,5.00,-6.17345938,106.34823010
131_CIKANDE_RAMP_A_OFF_R036,CIKANDE,RAMP,A,OFF,10.00,-6.17343625,106.34819131
131_CIKANDE_RAMP_A_OFF_R036,CIKANDE,RAMP,A,OFF,15.00,-6.17341368,106.34815219
131_CIKANDE_RAMP_A_OFF_R036,CIKANDE,RAMP,A,OFF,20.00,-6.17339123,106.34811300
131_CIKANDE_RAMP_A_OFF_R036,CIKANDE,RAMP,A,OFF,25.00,-6.17336879,106.34807381
131_CIKANDE_RAMP_A_OFF_R036,CIKANDE,RAMP,A,OFF,30.00,-6.17334634,106.34803462
131_CIKANDE_RAMP_A_OFF_R036,CIKANDE,RAMP,A,OFF,35.00,-6.17332389,106.34799543
131_CIKANDE_RAMP_A_OFF_R036,CIKANDE,RAMP,A,OFF,40.00,-6.17330144,106.34795624
131_CIKANDE_RAMP_A_OFF_R036,CIKANDE,RAMP,A,OFF,45.00,-6.17327899,106.34791705
131_CIKANDE_RAMP_A_OFF_R036,CIKANDE,RAMP,A,OFF,50.00,-6.17325707,106.34787757
131_CIKANDE_RAMP_A_OFF_R036,CIKANDE,RAMP,A,OFF,55.00,-6.17323614,106.34783754
131_CIKANDE_RAMP_A_OFF_R036,CIKANDE,RAMP,A,OFF,60.00,-6.17321521,106.34779751
131_CIKANDE_RAMP_A_OFF_R036,CIKANDE,RAMP,A,OFF,65.00,-6.17319428,106.34775748
131_CIKANDE_RAMP_A_OFF_R036,CIKANDE,RAMP,A,OFF,70.00,-6.17317335,106.34771745
131_CIKANDE_RAMP_A_OFF_R036,CIKANDE,RAMP,A,OFF,75.00,-6.17315242,106.34767742
131_CIKANDE_RAMP_A_OFF_R036,CIKANDE,RAMP,A,OFF,80.00,-6.17313149,106.34763739
131_CIKANDE_RAMP_A_OFF_R036,CIKANDE,RAMP,A,OFF,85.00,-6.17311056,106.34759736
131_CIKANDE_RAMP_A_OFF_R036,CIKANDE,RAMP,A,OFF,90.00,-6.17308963,106.34755733
131_CIKANDE_RAMP_A_OFF_R036,CIKANDE,RAMP,A,OFF,95.00,-6.17306870,106.34751730
131_CIKANDE_RAMP_A_OFF_R036,CIKANDE,RAMP,A,OFF,100.00,-6.17304777,106.34747727
131_CIKANDE_RAMP_A_OFF_R036,CIKANDE,RAMP,A,OFF,105.00,-6.17302684,106.34743724
131_CIKANDE_RAMP_A_OFF_R036,CIKANDE,RAMP,A,OFF,110.00,-6.17300567,106.34739734
131_CIKANDE_RAMP_A_OFF_R036,CIKANDE,RAMP,A,OFF,115.00,-6.17298411,106.34735765
131_CIKANDE_RAMP_A_OFF_R036,CIKANDE,RAMP,A,OFF,120.00,-6.17296255,106.34731796
131_CIKANDE_RAMP_A_OFF_R036,CIKANDE,RAMP,A,OFF,125.00,-6.17294099,106.34727827
131_CIKANDE_RAMP_A_OFF_R036,CIKANDE,RAMP,A,OFF,130.00,-6.17291942,106.34723858
131_CIKANDE_RAMP_A_OFF_R036,CIKANDE,RAMP,A,OFF,135.00,-6.17289786,106.34719890
131_CIKANDE_RAMP_A_OFF_R036,CIKANDE,RAMP,A,OFF,140.00,-6.17287630,106.34715921
131_CIKANDE_RAMP_A_OFF_R036,CIKANDE,RAMP,A,OFF,145.00,-6.17285473,106.34711952
131_CIKANDE_RAMP_A_OFF_R036,CIKANDE,RAMP,A,OFF,150.00,-6.17283316,106.34707984
131_CIKANDE_RAMP_A_OFF_R036,CIKANDE,RAMP,A,OFF,155.00,-6.17281159,106.34704015
131_CIKANDE_RAMP_A_OFF_R036,CIKANDE,RAMP,A,OFF,160.00,-6.17279002,106.34700047
131_CIKANDE_RAMP_A_OFF_R036,CIKANDE,RAMP,A,OFF,165.00,-6.17277150,106.34695928
131_CIKANDE_RAMP_A_OFF_R036,CIKANDE,RAMP,A,OFF,170.00,-6.17275357,106.34691780
131_CIKANDE_RAMP_A_OFF_R036,CIKANDE,RAMP,A,OFF,175.00,-6.17273562,106.34687633
131_CIKANDE_RAMP_A_OFF_R036,CIKANDE,RAMP,A,OFF,180.00,-6.17271768,106.34683486
131_CIKANDE_RAMP_A_OFF_R036,CIKANDE,RAMP,A,OFF,185.00,-6.17269974,106.34679339
131_CIKANDE_RAMP_A_OFF_R036,CIKANDE,RAMP,A,OFF,190.00,-6.17268180,106.34675192
131_CIKANDE_RAMP_A_OFF_R036,CIKANDE,RAMP,A,OFF,195.00,-6.17266385,106.34671045
131_CIKANDE_RAMP_A_OFF_R036,CIKANDE,RAMP,A,OFF,200.00,-6.17264621,106.34666887
131_CIKANDE_RAMP_A_OFF_R036,CIKANDE,RAMP,A,OFF,205.00,-6.17263510,106.34662505
131_CIKANDE_RAMP_A_OFF_R036,CIKANDE,RAMP,A,OFF,210.00,-6.17262398,106.34658122
131_CIKANDE_RAMP_A_OFF_R036,CIKANDE,RAMP,A,OFF,215.00,-6.17261287,106.34653740
131_CIKANDE_RAMP_A_OFF_R036,CIKANDE,RAMP,A,OFF,220.00,-6.17260647,106.34649267
131_CIKANDE_RAMP_A_OFF_R036,CIKANDE,RAMP,A,OFF,225.00,-6.17260073,106.34644781
131_CIKANDE_RAMP_A_OFF_R036,CIKANDE,RAMP,A,OFF,230.00,-6.17259661,106.34640298
131_CIKANDE_RAMP_A_OFF_R036,CIKANDE,RAMP,A,OFF,235.00,-6.17260394,106.34635835
131_CIKANDE_RAMP_A_OFF_R036,CIKANDE,RAMP,A,OFF,240.00,-6.17261126,106.34631373
131_CIKANDE_RAMP_A_OFF_R036,CIKANDE,RAMP,A,OFF,245.00,-6.17262060,106.34626958
131_CIKANDE_RAMP_A_OFF_R036,CIKANDE,RAMP,A,OFF,250.00,-6.17263361,106.34622628
131_CIKANDE_RAMP_A_OFF_R036,CIKANDE,RAMP,A,OFF,255.00,-6.17264662,106.34618299
131_CIKANDE_RAMP_A_OFF_R036,CIKANDE,RAMP,A,OFF,260.00,-6.17266497,106.34614187
131_CIKANDE_RAMP_A_OFF_R036,CIKANDE,RAMP,A,OFF,265.00,-6.17268552,106.34610164
131_CIKANDE_RAMP_A_OFF_R036,CIKANDE,RAMP,A,OFF,270.00,-6.17270607,106.34606141
131_CIKANDE_RAMP_A_OFF_R036,CIKANDE,RAMP,A,OFF,275.00,-6.17273215,106.34602480
131_CIKANDE_RAMP_A_OFF_R036,CIKANDE,RAMP,A,OFF,280.00,-6.17276046,106.34598967
131_CIKANDE_RAMP_A_OFF_R036,CIKANDE,RAMP,A,OFF,285.00,-6.17278878,106.34595454
131_CIKANDE_RAMP_A_OFF_R036,CIKANDE,RAMP,A,OFF,290.00,-6.17282003,106.34592221
131_CIKANDE_RAMP_A_OFF_R036,CIKANDE,RAMP,A,OFF,295.00,-6.17285348,106.34589198
131_CIKANDE_RAMP_A_OFF_R036,CIKANDE,RAMP,A,OFF,300.00,-6.17288693,106.34586175
131_CIKANDE_RAMP_A_OFF_R036,CIKANDE,RAMP,A,OFF,305.00,-6.17292037,106.34583152
131_CIKANDE_RAMP_A_OFF_R036,CIKANDE,RAMP,A,OFF,310.00,-6.17295382,106.34580129
131_CIKANDE_RAMP_A_OFF_R036,CIKANDE,RAMP,A,OFF,315.00,-6.17298727,106.34577106
131_CIKANDE_RAMP_A_OFF_R036,CIKANDE,RAMP,A,OFF,320.00,-6.17302071,106.34574083
131_CIKANDE_RAMP_A_OFF_R036,CIKANDE,RAMP,A,OFF,325.00,-6.17305416,106.34571061
131_CIKANDE_RAMP_A_OFF_R036,CIKANDE,RAMP,A,OFF,330.00,-6.17308761,106.34568038
131_CIKANDE_RAMP_A_OFF_R036,CIKANDE,RAMP,A,OFF,335.00,-6.17312227,106.34565156
131_CIKANDE_RAMP_A_OFF_R036,CIKANDE,RAMP,A,OFF,340.00,-6.17315698,106.34562281
131_CIKANDE_RAMP_A_OFF_R036,CIKANDE,RAMP,A,OFF,345.00,-6.17319169,106.34559407
131_CIKANDE_RAMP_A_OFF_R036,CIKANDE,RAMP,A,OFF,350.00,-6.17322642,106.34556533
131_CIKANDE_RAMP_A_OFF_R036,CIKANDE,RAMP,A,OFF,355.00,-6.17326112,106.34553657
131_CIKANDE_RAMP_A_OFF_R036,CIKANDE,RAMP,A,OFF,360.00,-6.17329583,106.34550782
131_CIKANDE_RAMP_A_OFF_R036,CIKANDE,RAMP,A,OFF,365.00,-6.17333054,106.34547906
131_CIKANDE_RAMP_A_OFF_R036,CIKANDE,RAMP,A,OFF,370.00,-6.17336525,106.34545031
131_CIKANDE_RAMP_A_OFF_R036,CIKANDE,RAMP,A,OFF,375.00,-6.17339996,106.34542155
131_CIKANDE_RAMP_A_OFF_R036,CIKANDE,RAMP,A,OFF,380.00,-6.17343466,106.34539280
131_CIKANDE_RAMP_A_OFF_R036,CIKANDE,RAMP,A,OFF,385.00,-6.17346937,106.34536404
131_CIKANDE_RAMP_A_OFF_R036,CIKANDE,RAMP,A,OFF,390.00,-6.17350356,106.34533467
131_CIKANDE_RAMP_A_OFF_R036,CIKANDE,RAMP,A,OFF,395.00,-6.17353700,106.34530444
131_CIKANDE_RAMP_A_OFF_R036,CIKANDE,RAMP,A,OFF,400.00,-6.17357045,106.34527421
131_CIKANDE_RAMP_A_OFF_R036,CIKANDE,RAMP,A,OFF,405.00,-6.17360389,106.34524398
131_CIKANDE_RAMP_A_OFF_R036,CIKANDE,RAMP,A,OFF,410.00,-6.17363734,106.34521375
131_CIKANDE_RAMP_A_OFF_R036,CIKANDE,RAMP,A,OFF,415.00,-6.17367079,106.34518352
131_CIKANDE_RAMP_A_OFF_R036,CIKANDE,RAMP,A,OFF,420.00,-6.17370423,106.34515329
131_CIKANDE_RAMP_A_OFF_R036,CIKANDE,RAMP,A,OFF,425.00,-6.17373768,106.34512306
131_CIKANDE_RAMP_A_OFF_R036,CIKANDE,RAMP,A,OFF,430.00,-6.17377112,106.34509283
131_CIKANDE_RAMP_A_OFF_R036,CIKANDE,RAMP,A,OFF,435.00,-6.17380457,106.34506259
131_CIKANDE_RAMP_A_OFF_R036,CIKANDE,RAMP,A,OFF,437.08,-6.17381850,106.34505000
131_CIKANDE_RAMP_B_OFF_R037,CIKANDE,RAMP,B,OFF,0.00,-6.17166490,106.34586560
131_CIKANDE_RAMP_B_OFF_R037,CIKANDE,RAMP,B,OFF,5.00,-6.17167764,106.34590652
131_CIKANDE_RAMP_B_OFF_R037,CIKANDE,RAMP,B,OFF,10.00,-6.17169951,106.34594604
131_CIKANDE_RAMP_B_OFF_R037,CIKANDE,RAMP,B,OFF,15.00,-6.17172137,106.34598556
131_CIKANDE_RAMP_B_OFF_R037,CIKANDE,RAMP,B,OFF,20.00,-6.17174353,106.34602492
131_CIKANDE_RAMP_B_OFF_R037,CIKANDE,RAMP,B,OFF,25.00,-6.17176604,106.34606407
131_CIKANDE_RAMP_B_OFF_R037,CIKANDE,RAMP,B,OFF,30.00,-6.17178855,106.34610322
131_CIKANDE_RAMP_B_OFF_R037,CIKANDE,RAMP,B,OFF,35.00,-6.17181106,106.34614237
131_CIKANDE_RAMP_B_OFF_R037,CIKANDE,RAMP,B,OFF,40.00,-6.17183357,106.34618153
131_CIKANDE_RAMP_B_OFF_R037,CIKANDE,RAMP,B,OFF,45.00,-6.17185608,106.34622068
131_CIKANDE_RAMP_B_OFF_R037,CIKANDE,RAMP,B,OFF,50.00,-6.17187859,106.34625983
131_CIKANDE_RAMP_B_OFF_R037,CIKANDE,RAMP,B,OFF,55.00,-6.17190110,106.34629898
131_CIKANDE_RAMP_B_OFF_R037,CIKANDE,RAMP,B,OFF,60.00,-6.17192361,106.34633814
131_CIKANDE_RAMP_B_OFF_R037,CIKANDE,RAMP,B,OFF,65.00,-6.17194613,106.34637729
131_CIKANDE_RAMP_B_OFF_R037,CIKANDE,RAMP,B,OFF,70.00,-6.17196864,106.34641644
131_CIKANDE_RAMP_B_OFF_R037,CIKANDE,RAMP,B,OFF,75.00,-6.17199115,106.34645559
131_CIKANDE_RAMP_B_OFF_R037,CIKANDE,RAMP,B,OFF,80.00,-6.17201366,106.34649475
131_CIKANDE_RAMP_B_OFF_R037,CIKANDE,RAMP,B,OFF,85.00,-6.17203617,106.34653390
131_CIKANDE_RAMP_B_OFF_R037,CIKANDE,RAMP,B,OFF,90.00,-6.17205868,106.34657305
131_CIKANDE_RAMP_B_OFF_R037,CIKANDE,RAMP,B,OFF,95.00,-6.17208119,106.34661220
131_CIKANDE_RAMP_B_OFF_R037,CIKANDE,RAMP,B,OFF,100.00,-6.17210370,106.34665136
131_CIKANDE_RAMP_B_OFF_R037,CIKANDE,RAMP,B,OFF,105.00,-6.17212431,106.34669151
131_CIKANDE_RAMP_B_OFF_R037,CIKANDE,RAMP,B,OFF,110.00,-6.17214344,106.34673244
131_CIKANDE_RAMP_B_OFF_R037,CIKANDE,RAMP,B,OFF,115.00,-6.17216008,106.34677444
131_CIKANDE_RAMP_B_OFF_R037,CIKANDE,RAMP,B,OFF,120.00,-6.17217609,106.34681670
131_CIKANDE_RAMP_B_OFF_R037,CIKANDE,RAMP,B,OFF,125.00,-6.17219064,106.34685947
131_CIKANDE_RAMP_B_OFF_R037,CIKANDE,RAMP,B,OFF,130.00,-6.17220406,106.34690264
131_CIKANDE_RAMP_B_OFF_R037,CIKANDE,RAMP,B,OFF,135.00,-6.17221588,106.34694625
131_CIKANDE_RAMP_B_OFF_R037,CIKANDE,RAMP,B,OFF,140.00,-6.17222618,106.34699028
131_CIKANDE_RAMP_B_OFF_R037,CIKANDE,RAMP,B,OFF,145.00,-6.17223626,106.34703433
131_CIKANDE_RAMP_B_OFF_R037,CIKANDE,RAMP,B,OFF,150.00,-6.17223848,106.34707951
131_CIKANDE_RAMP_B_OFF_R037,CIKANDE,RAMP,B,OFF,155.00,-6.17223912,106.34712467
131_CIKANDE_RAMP_B_OFF_R037,CIKANDE,RAMP,B,OFF,160.00,-6.17223634,106.34716981
131_CIKANDE_RAMP_B_OFF_R037,CIKANDE,RAMP,B,OFF,165.00,-6.17222830,106.34721401
131_CIKANDE_RAMP_B_OFF_R037,CIKANDE,RAMP,B,OFF,170.00,-6.17221542,106.34725734
131_CIKANDE_RAMP_B_OFF_R037,CIKANDE,RAMP,B,OFF,175.00,-6.17220253,106.34730067
131_CIKANDE_RAMP_B_OFF_R037,CIKANDE,RAMP,B,OFF,180.00,-6.17218868,106.34734367
131_CIKANDE_RAMP_B_OFF_R037,CIKANDE,RAMP,B,OFF,185.00,-6.17217240,106.34738583
131_CIKANDE_RAMP_B_OFF_R037,CIKANDE,RAMP,B,OFF,190.00,-6.17215350,106.34742670
131_CIKANDE_RAMP_B_OFF_R037,CIKANDE,RAMP,B,OFF,195.00,-6.17213030,106.34746544
131_CIKANDE_RAMP_B_OFF_R037,CIKANDE,RAMP,B,OFF,200.00,-6.17210325,106.34750146
131_CIKANDE_RAMP_B_OFF_R037,CIKANDE,RAMP,B,OFF,205.00,-6.17207469,106.34753638
131_CIKANDE_RAMP_B_OFF_R037,CIKANDE,RAMP,B,OFF,210.00,-6.17204231,106.34756776
131_CIKANDE_RAMP_B_OFF_R037,CIKANDE,RAMP,B,OFF,215.00,-6.17200683,106.34759545
131_CIKANDE_RAMP_B_OFF_R037,CIKANDE,RAMP,B,OFF,220.00,-6.17197002,106.34762134
131_CIKANDE_RAMP_B_OFF_R037,CIKANDE,RAMP,B,OFF,225.00,-6.17193083,106.34764350
131_CIKANDE_RAMP_B_OFF_R037,CIKANDE,RAMP,B,OFF,230.00,-6.17189082,106.34766410
131_CIKANDE_RAMP_B_OFF_R037,CIKANDE,RAMP,B,OFF,235.00,-6.17185023,106.34768355
131_CIKANDE_RAMP_B_OFF_R037,CIKANDE,RAMP,B,OFF,240.00,-6.17180784,106.34769858
131_CIKANDE_RAMP_B_OFF_R037,CIKANDE,RAMP,B,OFF,245.00,-6.17176505,106.34771217
131_CIKANDE_RAMP_B_OFF_R037,CIKANDE,RAMP,B,OFF,250.00,-6.17172050,106.34771828
131_CIKANDE_RAMP_B_OFF_R037,CIKANDE,RAMP,B,OFF,255.00,-6.17167574,106.34772212
131_CIKANDE_RAMP_B_OFF_R037,CIKANDE,RAMP,B,OFF,260.00,-6.17163082,106.34772402
131_CIKANDE_RAMP_B_OFF_R037,CIKANDE,RAMP,B,OFF,265.00,-6.17158585,106.34772387
131_CIKANDE_RAMP_B_OFF_R037,CIKANDE,RAMP,B,OFF,270.00,-6.17154120,106.34772083
131_CIKANDE_RAMP_B_OFF_R037,CIKANDE,RAMP,B,OFF,275.00,-6.17149767,106.34770959
131_CIKANDE_RAMP_B_OFF_R037,CIKANDE,RAMP,B,OFF,280.00,-6.17145461,106.34769655
131_CIKANDE_RAMP_B_OFF_R037,CIKANDE,RAMP,B,OFF,285.00,-6.17141134,106.34768427
131_CIKANDE_RAMP_B_OFF_R037,CIKANDE,RAMP,B,OFF,290.00,-6.17136806,106.34767199
131_CIKANDE_RAMP_B_OFF_R037,CIKANDE,RAMP,B,OFF,295.00,-6.17132844,106.34765134
131_CIKANDE_RAMP_B_OFF_R037,CIKANDE,RAMP,B,OFF,300.00,-6.17129209,106.34762472
131_CIKANDE_RAMP_B_OFF_R037,CIKANDE,RAMP,B,OFF,305.00,-6.17125573,106.34759810
131_CIKANDE_RAMP_B_OFF_R037,CIKANDE,RAMP,B,OFF,310.00,-6.17122131,106.34756901
131_CIKANDE_RAMP_B_OFF_R037,CIKANDE,RAMP,B,OFF,315.00,-6.17118695,106.34753983
131_CIKANDE_RAMP_B_OFF_R037,CIKANDE,RAMP,B,OFF,320.00,-6.17116133,106.34750283
131_CIKANDE_RAMP_B_OFF_R037,CIKANDE,RAMP,B,OFF,325.00,-6.17113646,106.34746514
131_CIKANDE_RAMP_B_OFF_R037,CIKANDE,RAMP,B,OFF,330.00,-6.17111160,106.34742746
131_CIKANDE_RAMP_B_OFF_R037,CIKANDE,RAMP,B,OFF,335.00,-6.17109042,106.34738796
131_CIKANDE_RAMP_B_OFF_R037,CIKANDE,RAMP,B,OFF,340.00,-6.17107614,106.34734507
131_CIKANDE_RAMP_B_OFF_R037,CIKANDE,RAMP,B,OFF,345.00,-6.17106186,106.34730219
131_CIKANDE_RAMP_B_OFF_R037,CIKANDE,RAMP,B,OFF,350.00,-6.17104758,106.34725930
131_CIKANDE_RAMP_B_OFF_R037,CIKANDE,RAMP,B,OFF,355.00,-6.17103330,106.34721641
131_CIKANDE_RAMP_B_OFF_R037,CIKANDE,RAMP,B,OFF,360.00,-6.17102909,106.34717170
131_CIKANDE_RAMP_B_OFF_R037,CIKANDE,RAMP,B,OFF,365.00,-6.17102755,106.34712650
131_CIKANDE_RAMP_B_OFF_R037,CIKANDE,RAMP,B,OFF,370.00,-6.17102601,106.34708129
131_CIKANDE_RAMP_B_OFF_R037,CIKANDE,RAMP,B,OFF,375.00,-6.17102760,106.34703625
131_CIKANDE_RAMP_B_OFF_R037,CIKANDE,RAMP,B,OFF,380.00,-6.17104343,106.34699392
131_CIKANDE_RAMP_B_OFF_R037,CIKANDE,RAMP,B,OFF,385.00,-6.17105926,106.34695159
131_CIKANDE_RAMP_B_OFF_R037,CIKANDE,RAMP,B,OFF,390.00,-6.17107509,106.34690925
131_CIKANDE_RAMP_B_OFF_R037,CIKANDE,RAMP,B,OFF,395.00,-6.17109092,106.34686692
131_CIKANDE_RAMP_B_OFF_R037,CIKANDE,RAMP,B,OFF,400.00,-6.17110997,106.34682616
131_CIKANDE_RAMP_B_OFF_R037,CIKANDE,RAMP,B,OFF,405.00,-6.17113326,106.34678747
131_CIKANDE_RAMP_B_OFF_R037,CIKANDE,RAMP,B,OFF,410.00,-6.17115654,106.34674878
131_CIKANDE_RAMP_B_OFF_R037,CIKANDE,RAMP,B,OFF,415.00,-6.17118546,106.34671433
131_CIKANDE_RAMP_B_OFF_R037,CIKANDE,RAMP,B,OFF,420.00,-6.17121677,106.34668187
131_CIKANDE_RAMP_B_OFF_R037,CIKANDE,RAMP,B,OFF,425.00,-6.17124808,106.34664941
131_CIKANDE_RAMP_B_OFF_R037,CIKANDE,RAMP,B,OFF,430.00,-6.17128128,106.34661911
131_CIKANDE_RAMP_B_OFF_R037,CIKANDE,RAMP,B,OFF,435.00,-6.17131726,106.34659198
131_CIKANDE_RAMP_B_OFF_R037,CIKANDE,RAMP,B,OFF,440.00,-6.17135324,106.34656485
131_CIKANDE_RAMP_B_OFF_R037,CIKANDE,RAMP,B,OFF,445.00,-6.17138922,106.34653772
131_CIKANDE_RAMP_B_OFF_R037,CIKANDE,RAMP,B,OFF,450.00,-6.17142686,106.34651333
131_CIKANDE_RAMP_B_OFF_R037,CIKANDE,RAMP,B,OFF,455.00,-6.17146729,106.34649353
131_CIKANDE_RAMP_B_OFF_R037,CIKANDE,RAMP,B,OFF,460.00,-6.17150679,106.34647202
131_CIKANDE_RAMP_B_OFF_R037,CIKANDE,RAMP,B,OFF,465.00,-6.17154523,106.34644855
131_CIKANDE_RAMP_B_OFF_R037,CIKANDE,RAMP,B,OFF,470.00,-6.17158367,106.34642509
131_CIKANDE_RAMP_B_OFF_R037,CIKANDE,RAMP,B,OFF,475.00,-6.17162211,106.34640162
131_CIKANDE_RAMP_B_OFF_R037,CIKANDE,RAMP,B,OFF,480.00,-6.17166055,106.34637815
131_CIKANDE_RAMP_B_OFF_R037,CIKANDE,RAMP,B,OFF,485.00,-6.17169899,106.34635469
131_CIKANDE_RAMP_B_OFF_R037,CIKANDE,RAMP,B,OFF,490.00,-6.17173743,106.34633122
131_CIKANDE_RAMP_B_OFF_R037,CIKANDE,RAMP,B,OFF,495.00,-6.17177587,106.34630775
131_CIKANDE_RAMP_B_OFF_R037,CIKANDE,RAMP,B,OFF,500.00,-6.17181431,106.34628429
131_CIKANDE_RAMP_B_OFF_R037,CIKANDE,RAMP,B,OFF,505.00,-6.17185275,106.34626082
131_CIKANDE_RAMP_B_OFF_R037,CIKANDE,RAMP,B,OFF,510.00,-6.17189119,106.34623735
131_CIKANDE_RAMP_B_OFF_R037,CIKANDE,RAMP,B,OFF,515.00,-6.17192963,106.34621389
131_CIKANDE_RAMP_B_OFF_R037,CIKANDE,RAMP,B,OFF,520.00,-6.17196807,106.34619041
131_CIKANDE_RAMP_B_OFF_R037,CIKANDE,RAMP,B,OFF,525.00,-6.17200649,106.34616692
131_CIKANDE_RAMP_B_OFF_R037,CIKANDE,RAMP,B,OFF,530.00,-6.17204492,106.34614343
131_CIKANDE_RAMP_B_OFF_R037,CIKANDE,RAMP,B,OFF,535.00,-6.17208335,106.34611996
131_CIKANDE_RAMP_B_OFF_R037,CIKANDE,RAMP,B,OFF,540.00,-6.17212179,106.34609649
131_CIKANDE_RAMP_B_OFF_R037,CIKANDE,RAMP,B,OFF,545.00,-6.17216023,106.34607301
131_CIKANDE_RAMP_B_OFF_R037,CIKANDE,RAMP,B,OFF,550.00,-6.17219866,106.34604954
131_CIKANDE_RAMP_B_OFF_R037,CIKANDE,RAMP,B,OFF,555.00,-6.17223710,106.34602607
131_CIKANDE_RAMP_B_OFF_R037,CIKANDE,RAMP,B,OFF,560.00,-6.17227554,106.34600260
131_CIKANDE_RAMP_B_OFF_R037,CIKANDE,RAMP,B,OFF,565.00,-6.17231397,106.34597913
131_CIKANDE_RAMP_B_OFF_R037,CIKANDE,RAMP,B,OFF,570.00,-6.17235241,106.34595565
131_CIKANDE_RAMP_B_OFF_R037,CIKANDE,RAMP,B,OFF,575.00,-6.17239085,106.34593218
131_CIKANDE_RAMP_B_OFF_R037,CIKANDE,RAMP,B,OFF,580.00,-6.17242928,106.34590870
131_CIKANDE_RAMP_B_OFF_R037,CIKANDE,RAMP,B,OFF,585.00,-6.17246770,106.34588521
131_CIKANDE_RAMP_B_OFF_R037,CIKANDE,RAMP,B,OFF,590.00,-6.17250612,106.34586171
131_CIKANDE_RAMP_B_OFF_R037,CIKANDE,RAMP,B,OFF,595.00,-6.17254454,106.34583821
131_CIKANDE_RAMP_B_OFF_R037,CIKANDE,RAMP,B,OFF,600.00,-6.17258297,106.34581472
131_CIKANDE_RAMP_B_OFF_R037,CIKANDE,RAMP,B,OFF,605.00,-6.17262139,106.34579122
131_CIKANDE_RAMP_B_OFF_R037,CIKANDE,RAMP,B,OFF,610.00,-6.17265981,106.34576773
131_CIKANDE_RAMP_B_OFF_R037,CIKANDE,RAMP,B,OFF,615.00,-6.17269823,106.34574423
131_CIKANDE_RAMP_B_OFF_R037,CIKANDE,RAMP,B,OFF,620.00,-6.17273665,106.34572073
131_CIKANDE_RAMP_B_OFF_R037,CIKANDE,RAMP,B,OFF,625.00,-6.17277508,106.34569724
131_CIKANDE_RAMP_B_OFF_R037,CIKANDE,RAMP,B,OFF,630.00,-6.17281350,106.34567374
131_CIKANDE_RAMP_B_OFF_R037,CIKANDE,RAMP,B,OFF,635.00,-6.17285192,106.34565024
131_CIKANDE_RAMP_B_OFF_R037,CIKANDE,RAMP,B,OFF,640.00,-6.17289034,106.34562674
131_CIKANDE_RAMP_B_OFF_R037,CIKANDE,RAMP,B,OFF,645.00,-6.17292876,106.34560324
131_CIKANDE_RAMP_B_OFF_R037,CIKANDE,RAMP,B,OFF,650.00,-6.17296718,106.34557973
131_CIKANDE_RAMP_B_OFF_R037,CIKANDE,RAMP,B,OFF,655.00,-6.17300559,106.34555623
131_CIKANDE_RAMP_B_OFF_R037,CIKANDE,RAMP,B,OFF,660.00,-6.17304401,106.34553273
131_CIKANDE_RAMP_B_OFF_R037,CIKANDE,RAMP,B,OFF,665.00,-6.17308243,106.34550923
131_CIKANDE_RAMP_B_OFF_R037,CIKANDE,RAMP,B,OFF,670.00,-6.17312085,106.34548573
131_CIKANDE_RAMP_B_OFF_R037,CIKANDE,RAMP,B,OFF,675.00,-6.17315927,106.34546223
131_CIKANDE_RAMP_B_OFF_R037,CIKANDE,RAMP,B,OFF,680.00,-6.17319769,106.34543873
131_CIKANDE_RAMP_B_OFF_R037,CIKANDE,RAMP,B,OFF,685.00,-6.17323611,106.34541523
131_CIKANDE_RAMP_B_OFF_R037,CIKANDE,RAMP,B,OFF,690.00,-6.17327453,106.34539173
131_CIKANDE_RAMP_B_OFF_R037,CIKANDE,RAMP,B,OFF,695.00,-6.17331295,106.34536823
131_CIKANDE_RAMP_B_OFF_R037,CIKANDE,RAMP,B,OFF,700.00,-6.17335137,106.34534473
131_CIKANDE_RAMP_B_OFF_R037,CIKANDE,RAMP,B,OFF,705.00,-6.17338979,106.34532123
131_CIKANDE_RAMP_B_OFF_R037,CIKANDE,RAMP,B,OFF,710.00,-6.17342796,106.34529732
131_CIKANDE_RAMP_B_OFF_R037,CIKANDE,RAMP,B,OFF,715.00,-6.17346601,106.34527323
131_CIKANDE_RAMP_B_OFF_R037,CIKANDE,RAMP,B,OFF,720.00,-6.17350406,106.34524913
131_CIKANDE_RAMP_B_OFF_R037,CIKANDE,RAMP,B,OFF,725.00,-6.17354212,106.34522503
131_CIKANDE_RAMP_B_OFF_R037,CIKANDE,RAMP,B,OFF,730.00,-6.17358017,106.34520093
131_CIKANDE_RAMP_B_OFF_R037,CIKANDE,RAMP,B,OFF,735.00,-6.17361822,106.34517683
131_CIKANDE_RAMP_B_OFF_R037,CIKANDE,RAMP,B,OFF,740.00,-6.17365627,106.34515274
131_CIKANDE_RAMP_B_OFF_R037,CIKANDE,RAMP,B,OFF,745.00,-6.17369432,106.34512864
131_CIKANDE_RAMP_B_OFF_R037,CIKANDE,RAMP,B,OFF,750.00,-6.17373238,106.34510454
131_CIKANDE_RAMP_B_OFF_R037,CIKANDE,RAMP,B,OFF,755.00,-6.17377043,106.34508044
131_CIKANDE_RAMP_B_OFF_R037,CIKANDE,RAMP,B,OFF,760.00,-6.17380848,106.34505635
131_CIKANDE_RAMP_B_OFF_R037,CIKANDE,RAMP,B,OFF,761.32,-6.17381850,106.34505000
131_CIKANDE_GATE_INTERCHANGE_OFF_R038,CIKANDE,GATE,INTERCHANGE,OFF,0.00,-6.17384650,106.34503040
131_CIKANDE_GATE_INTERCHANGE_OFF_R038,CIKANDE,GATE,INTERCHANGE,OFF,5.00,-6.17388345,106.34500463
131_CIKANDE_GATE_INTERCHANGE_OFF_R038,CIKANDE,GATE,INTERCHANGE,OFF,10.00,-6.17392041,106.34497886
131_CIKANDE_GATE_INTERCHANGE_OFF_R038,CIKANDE,GATE,INTERCHANGE,OFF,15.00,-6.17395736,106.34495309
131_CIKANDE_GATE_INTERCHANGE_OFF_R038,CIKANDE,GATE,INTERCHANGE,OFF,20.00,-6.17399431,106.34492732
131_CIKANDE_GATE_INTERCHANGE_OFF_R038,CIKANDE,GATE,INTERCHANGE,OFF,25.00,-6.17403126,106.34490155
131_CIKANDE_GATE_INTERCHANGE_OFF_R038,CIKANDE,GATE,INTERCHANGE,OFF,30.00,-6.17406822,106.34487577
131_CIKANDE_GATE_INTERCHANGE_OFF_R038,CIKANDE,GATE,INTERCHANGE,OFF,35.00,-6.17410517,106.34485000
131_CIKANDE_GATE_INTERCHANGE_OFF_R038,CIKANDE,GATE,INTERCHANGE,OFF,40.00,-6.17414212,106.34482423
131_CIKANDE_GATE_INTERCHANGE_OFF_R038,CIKANDE,GATE,INTERCHANGE,OFF,45.00,-6.17417907,106.34479846
131_CIKANDE_GATE_INTERCHANGE_OFF_R038,CIKANDE,GATE,INTERCHANGE,OFF,50.00,-6.17421603,106.34477269
131_CIKANDE_GATE_INTERCHANGE_OFF_R038,CIKANDE,GATE,INTERCHANGE,OFF,55.00,-6.17425298,106.34474692
131_CIKANDE_GATE_INTERCHANGE_OFF_R038,CIKANDE,GATE,INTERCHANGE,OFF,60.00,-6.17428993,106.34472115
131_CIKANDE_GATE_INTERCHANGE_OFF_R038,CIKANDE,GATE,INTERCHANGE,OFF,65.00,-6.17432688,106.34469538
131_CIKANDE_GATE_INTERCHANGE_OFF_R038,CIKANDE,GATE,INTERCHANGE,OFF,70.00,-6.17436428,106.34467027
131_CIKANDE_GATE_INTERCHANGE_OFF_R038,CIKANDE,GATE,INTERCHANGE,OFF,75.00,-6.17440202,106.34464569
131_CIKANDE_GATE_INTERCHANGE_OFF_R038,CIKANDE,GATE,INTERCHANGE,OFF,80.00,-6.17443977,106.34462111
131_CIKANDE_GATE_INTERCHANGE_OFF_R038,CIKANDE,GATE,INTERCHANGE,OFF,85.00,-6.17447751,106.34459652
131_CIKANDE_GATE_INTERCHANGE_OFF_R038,CIKANDE,GATE,INTERCHANGE,OFF,90.00,-6.17451526,106.34457194
131_CIKANDE_GATE_INTERCHANGE_OFF_R038,CIKANDE,GATE,INTERCHANGE,OFF,95.00,-6.17455300,106.34454736
131_CIKANDE_GATE_INTERCHANGE_OFF_R038,CIKANDE,GATE,INTERCHANGE,OFF,100.00,-6.17459075,106.34452278
131_CIKANDE_GATE_INTERCHANGE_OFF_R038,CIKANDE,GATE,INTERCHANGE,OFF,105.00,-6.17462849,106.34449820
131_CIKANDE_GATE_INTERCHANGE_OFF_R038,CIKANDE,GATE,INTERCHANGE,OFF,105.96,-6.17463570,106.34449350
131_CIKANDE_GATE_PLAZA_EXIT_R039,CIKANDE,GATE,PLAZA,EXIT,0.00,-6.17463570,106.34449350
131_CIKANDE_GATE_PLAZA_EXIT_R039,CIKANDE,GATE,PLAZA,EXIT,5.00,-6.17467344,106.34446891
131_CIKANDE_GATE_PLAZA_EXIT_R039,CIKANDE,GATE,PLAZA,EXIT,10.00,-6.17471118,106.34444432
131_CIKANDE_GATE_PLAZA_EXIT_R039,CIKANDE,GATE,PLAZA,EXIT,15.00,-6.17474898,106.34441983
131_CIKANDE_GATE_PLAZA_EXIT_R039,CIKANDE,GATE,PLAZA,EXIT,20.00,-6.17478693,106.34439557
131_CIKANDE_GATE_PLAZA_EXIT_R039,CIKANDE,GATE,PLAZA,EXIT,25.00,-6.17482437,106.34437053
131_CIKANDE_GATE_PLAZA_EXIT_R039,CIKANDE,GATE,PLAZA,EXIT,30.00,-6.17486131,106.34434475
131_CIKANDE_GATE_PLAZA_EXIT_R039,CIKANDE,GATE,PLAZA,EXIT,35.00,-6.17489826,106.34431897
131_CIKANDE_GATE_PLAZA_EXIT_R039,CIKANDE,GATE,PLAZA,EXIT,40.00,-6.17493521,106.34429320
131_CIKANDE_GATE_PLAZA_EXIT_R039,CIKANDE,GATE,PLAZA,EXIT,45.00,-6.17497216,106.34426742
131_CIKANDE_GATE_PLAZA_EXIT_R039,CIKANDE,GATE,PLAZA,EXIT,50.00,-6.17500911,106.34424164
131_CIKANDE_GATE_PLAZA_EXIT_R039,CIKANDE,GATE,PLAZA,EXIT,55.00,-6.17504605,106.34421586
131_CIKANDE_GATE_PLAZA_EXIT_R039,CIKANDE,GATE,PLAZA,EXIT,60.00,-6.17508300,106.34419008
131_CIKANDE_GATE_PLAZA_EXIT_R039,CIKANDE,GATE,PLAZA,EXIT,65.00,-6.17511995,106.34416431
131_CIKANDE_GATE_PLAZA_EXIT_R039,CIKANDE,GATE,PLAZA,EXIT,70.00,-6.17515690,106.34413853
131_CIKANDE_GATE_PLAZA_EXIT_R039,CIKANDE,GATE,PLAZA,EXIT,75.00,-6.17519385,106.34411275
131_CIKANDE_GATE_PLAZA_EXIT_R039,CIKANDE,GATE,PLAZA,EXIT,80.00,-6.17523057,106.34408666
131_CIKANDE_GATE_PLAZA_EXIT_R039,CIKANDE,GATE,PLAZA,EXIT,85.00,-6.17526687,106.34405997
131_CIKANDE_GATE_PLAZA_EXIT_R039,CIKANDE,GATE,PLAZA,EXIT,90.00,-6.17530312,106.34403321
131_CIKANDE_GATE_PLAZA_EXIT_R039,CIKANDE,GATE,PLAZA,EXIT,95.00,-6.17533917,106.34400617
131_CIKANDE_GATE_PLAZA_EXIT_R039,CIKANDE,GATE,PLAZA,EXIT,100.00,-6.17537521,106.34397913
131_CIKANDE_GATE_PLAZA_EXIT_R039,CIKANDE,GATE,PLAZA,EXIT,105.00,-6.17541126,106.34395209
131_CIKANDE_GATE_PLAZA_EXIT_R039,CIKANDE,GATE,PLAZA,EXIT,110.00,-6.17544747,106.34392528
131_CIKANDE_GATE_PLAZA_EXIT_R039,CIKANDE,GATE,PLAZA,EXIT,115.00,-6.17548384,106.34389868
131_CIKANDE_GATE_PLAZA_EXIT_R039,CIKANDE,GATE,PLAZA,EXIT,120.00,-6.17551998,106.34387177
131_CIKANDE_GATE_PLAZA_EXIT_R039,CIKANDE,GATE,PLAZA,EXIT,125.00,-6.17555592,106.34384459
131_CIKANDE_GATE_PLAZA_EXIT_R039,CIKANDE,GATE,PLAZA,EXIT,130.00,-6.17559186,106.34381741
131_CIKANDE_GATE_PLAZA_EXIT_R039,CIKANDE,GATE,PLAZA,EXIT,135.00,-6.17562780,106.34379023
131_CIKANDE_GATE_PLAZA_EXIT_R039,CIKANDE,GATE,PLAZA,EXIT,140.00,-6.17566374,106.34376305
131_CIKANDE_GATE_PLAZA_EXIT_R039,CIKANDE,GATE,PLAZA,EXIT,145.00,-6.17569968,106.34373587
131_CIKANDE_GATE_PLAZA_EXIT_R039,CIKANDE,GATE,PLAZA,EXIT,150.00,-6.17573496,106.34370785
131_CIKANDE_GATE_PLAZA_EXIT_R039,CIKANDE,GATE,PLAZA,EXIT,155.00,-6.17576962,106.34367903
131_CIKANDE_GATE_PLAZA_EXIT_R039,CIKANDE,GATE,PLAZA,EXIT,160.00,-6.17580428,106.34365021
131_CIKANDE_GATE_PLAZA_EXIT_R039,CIKANDE,GATE,PLAZA,EXIT,165.00,-6.17583893,106.34362139
131_CIKANDE_GATE_PLAZA_EXIT_R039,CIKANDE,GATE,PLAZA,EXIT,170.00,-6.17587356,106.34359254
131_CIKANDE_GATE_PLAZA_EXIT_R039,CIKANDE,GATE,PLAZA,EXIT,175.00,-6.17590372,106.34355912
131_CIKANDE_GATE_PLAZA_EXIT_R039,CIKANDE,GATE,PLAZA,EXIT,180.00,-6.17593294,106.34352475
131_CIKANDE_GATE_PLAZA_EXIT_R039,CIKANDE,GATE,PLAZA,EXIT,185.00,-6.17596217,106.34349037
131_CIKANDE_GATE_PLAZA_EXIT_R039,CIKANDE,GATE,PLAZA,EXIT,190.00,-6.17599140,106.34345601
131_CIKANDE_GATE_PLAZA_EXIT_R039,CIKANDE,GATE,PLAZA,EXIT,191.08,-6.17599770,106.34344860
131_CIKANDE_ACCESS_EXIT_R040,CIKANDE,ACCESS,-,EXIT,0.00,-6.17599770,106.34344860
131_CIKANDE_ACCESS_EXIT_R040,CIKANDE,ACCESS,-,EXIT,5.00,-6.17602691,106.34341421
131_CIKANDE_ACCESS_EXIT_R040,CIKANDE,ACCESS,-,EXIT,10.00,-6.17605570,106.34337950
131_CIKANDE_ACCESS_EXIT_R040,CIKANDE,ACCESS,-,EXIT,15.00,-6.17608119,106.34334225
131_CIKANDE_ACCESS_EXIT_R040,CIKANDE,ACCESS,-,EXIT,20.00,-6.17610669,106.34330499
131_CIKANDE_ACCESS_EXIT_R040,CIKANDE,ACCESS,-,EXIT,25.00,-6.17613218,106.34326773
131_CIKANDE_ACCESS_EXIT_R040,CIKANDE,ACCESS,-,EXIT,30.00,-6.17615767,106.34323047
131_CIKANDE_ACCESS_EXIT_R040,CIKANDE,ACCESS,-,EXIT,35.00,-6.17618304,106.34319313
131_CIKANDE_ACCESS_EXIT_R040,CIKANDE,ACCESS,-,EXIT,40.00,-6.17620643,106.34315450
131_CIKANDE_ACCESS_EXIT_R040,CIKANDE,ACCESS,-,EXIT,45.00,-6.17622982,106.34311588
131_CIKANDE_ACCESS_EXIT_R040,CIKANDE,ACCESS,-,EXIT,50.00,-6.17625322,106.34307725
131_CIKANDE_ACCESS_EXIT_R040,CIKANDE,ACCESS,-,EXIT,55.00,-6.17627661,106.34303863
131_CIKANDE_ACCESS_EXIT_R040,CIKANDE,ACCESS,-,EXIT,60.00,-6.17630000,106.34300000
131_CIKANDE_ACCESS_EXIT_R040,CIKANDE,ACCESS,-,EXIT,65.00,-6.17632340,106.34296137
131_CIKANDE_ACCESS_EXIT_R040,CIKANDE,ACCESS,-,EXIT,70.00,-6.17634415,106.34292126
131_CIKANDE_ACCESS_EXIT_R040,CIKANDE,ACCESS,-,EXIT,75.00,-6.17636464,106.34288100
131_CIKANDE_ACCESS_EXIT_R040,CIKANDE,ACCESS,-,EXIT,80.00,-6.17638513,106.34284074
131_CIKANDE_ACCESS_EXIT_R040,CIKANDE,ACCESS,-,EXIT,85.00,-6.17640562,106.34280048
131_CIKANDE_ACCESS_EXIT_R040,CIKANDE,ACCESS,-,EXIT,90.00,-6.17642611,106.34276022
131_CIKANDE_ACCESS_EXIT_R040,CIKANDE,ACCESS,-,EXIT,95.00,-6.17644274,106.34271826
131_CIKANDE_ACCESS_EXIT_R040,CIKANDE,ACCESS,-,EXIT,100.00,-6.17645832,106.34267583
131_CIKANDE_ACCESS_EXIT_R040,CIKANDE,ACCESS,-,EXIT,105.00,-6.17647390,106.34263340
131_CIKANDE_ACCESS_EXIT_R040,CIKANDE,ACCESS,-,EXIT,110.00,-6.17648947,106.34259097
131_CIKANDE_ACCESS_EXIT_R040,CIKANDE,ACCESS,-,EXIT,115.00,-6.17650505,106.34254854
131_CIKANDE_ACCESS_EXIT_R040,CIKANDE,ACCESS,-,EXIT,120.00,-6.17652061,106.34250611
131_CIKANDE_ACCESS_EXIT_R040,CIKANDE,ACCESS,-,EXIT,125.00,-6.17653617,106.34246368
131_CIKANDE_ACCESS_EXIT_R040,CIKANDE,ACCESS,-,EXIT,130.00,-6.17655174,106.34242125
131_CIKANDE_ACCESS_EXIT_R040,CIKANDE,ACCESS,-,EXIT,135.00,-6.17656045,106.34237691
131_CIKANDE_ACCESS_EXIT_R040,CIKANDE,ACCESS,-,EXIT,140.00,-6.17656876,106.34233246
131_CIKANDE_ACCESS_EXIT_R040,CIKANDE,ACCESS,-,EXIT,145.00,-6.17657707,106.34228801
131_CIKANDE_ACCESS_EXIT_R040,CIKANDE,ACCESS,-,EXIT,150.00,-6.17658538,106.34224356
131_CIKANDE_ACCESS_EXIT_R040,CIKANDE,ACCESS,-,EXIT,155.00,-6.17659370,106.34219911
131_CIKANDE_ACCESS_EXIT_R040,CIKANDE,ACCESS,-,EXIT,160.00,-6.17660201,106.34215466
131_CIKANDE_ACCESS_EXIT_R040,CIKANDE,ACCESS,-,EXIT,165.00,-6.17661032,106.34211021
131_CIKANDE_ACCESS_EXIT_R040,CIKANDE,ACCESS,-,EXIT,170.00,-6.17661863,106.34206576
131_CIKANDE_ACCESS_EXIT_R040,CIKANDE,ACCESS,-,EXIT,175.00,-6.17662694,106.34202131
131_CIKANDE_ACCESS_EXIT_R040,CIKANDE,ACCESS,-,EXIT,180.00,-6.17663302,106.34197656
131_CIKANDE_ACCESS_EXIT_R040,CIKANDE,ACCESS,-,EXIT,185.00,-6.17663696,106.34193150
131_CIKANDE_ACCESS_EXIT_R040,CIKANDE,ACCESS,-,EXIT,190.00,-6.17664091,106.34188645
131_CIKANDE_ACCESS_EXIT_R040,CIKANDE,ACCESS,-,EXIT,195.00,-6.17664485,106.34184139
131_CIKANDE_ACCESS_EXIT_R040,CIKANDE,ACCESS,-,EXIT,200.00,-6.17664879,106.34179634
131_CIKANDE_ACCESS_EXIT_R040,CIKANDE,ACCESS,-,EXIT,205.00,-6.17665274,106.34175128
131_CIKANDE_ACCESS_EXIT_R040,CIKANDE,ACCESS,-,EXIT,210.00,-6.17665668,106.34170623
131_CIKANDE_ACCESS_EXIT_R040,CIKANDE,ACCESS,-,EXIT,215.00,-6.17666063,106.34166117
131_CIKANDE_ACCESS_EXIT_R040,CIKANDE,ACCESS,-,EXIT,220.00,-6.17666457,106.34161612
131_CIKANDE_ACCESS_EXIT_R040,CIKANDE,ACCESS,-,EXIT,225.00,-6.17666484,106.34157100
131_CIKANDE_ACCESS_EXIT_R040,CIKANDE,ACCESS,-,EXIT,230.00,-6.17666251,106.34152583
131_CIKANDE_ACCESS_EXIT_R040,CIKANDE,ACCESS,-,EXIT,235.00,-6.17666019,106.34148066
131_CIKANDE_ACCESS_EXIT_R040,CIKANDE,ACCESS,-,EXIT,240.00,-6.17665786,106.34143550
131_CIKANDE_ACCESS_EXIT_R040,CIKANDE,ACCESS,-,EXIT,245.00,-6.17665554,106.34139033
131_CIKANDE_ACCESS_EXIT_R040,CIKANDE,ACCESS,-,EXIT,250.00,-6.17665321,106.34134516
131_CIKANDE_ACCESS_EXIT_R040,CIKANDE,ACCESS,-,EXIT,255.00,-6.17665089,106.34129999
131_CIKANDE_ACCESS_EXIT_R040,CIKANDE,ACCESS,-,EXIT,260.00,-6.17664794,106.34125487
131_CIKANDE_ACCESS_EXIT_R040,CIKANDE,ACCESS,-,EXIT,265.00,-6.17664294,106.34120993
131_CIKANDE_ACCESS_EXIT_R040,CIKANDE,ACCESS,-,EXIT,270.00,-6.17663794,106.34116498
131_CIKANDE_ACCESS_EXIT_R040,CIKANDE,ACCESS,-,EXIT,275.00,-6.17663294,106.34112003
131_CIKANDE_ACCESS_EXIT_R040,CIKANDE,ACCESS,-,EXIT,280.00,-6.17662794,106.34107508
131_CIKANDE_ACCESS_EXIT_R040,CIKANDE,ACCESS,-,EXIT,285.00,-6.17662152,106.34103035
131_CIKANDE_ACCESS_EXIT_R040,CIKANDE,ACCESS,-,EXIT,290.00,-6.17661272,106.34098600
131_CIKANDE_ACCESS_EXIT_R040,CIKANDE,ACCESS,-,EXIT,295.00,-6.17660393,106.34094164
131_CIKANDE_ACCESS_EXIT_R040,CIKANDE,ACCESS,-,EXIT,300.00,-6.17659513,106.34089729
131_CIKANDE_ACCESS_EXIT_R040,CIKANDE,ACCESS,-,EXIT,305.00,-6.17658634,106.34085293
131_CIKANDE_ACCESS_EXIT_R040,CIKANDE,ACCESS,-,EXIT,310.00,-6.17657754,106.34080858
131_CIKANDE_ACCESS_EXIT_R040,CIKANDE,ACCESS,-,EXIT,315.00,-6.17656862,106.34076425
131_CIKANDE_ACCESS_EXIT_R040,CIKANDE,ACCESS,-,EXIT,320.00,-6.17655899,106.34072008
131_CIKANDE_ACCESS_EXIT_R040,CIKANDE,ACCESS,-,EXIT,325.00,-6.17654736,106.34067639
131_CIKANDE_ACCESS_EXIT_R040,CIKANDE,ACCESS,-,EXIT,330.00,-6.17653572,106.34063271
131_CIKANDE_ACCESS_EXIT_R040,CIKANDE,ACCESS,-,EXIT,335.00,-6.17652409,106.34058902
131_CIKANDE_ACCESS_EXIT_R040,CIKANDE,ACCESS,-,EXIT,340.00,-6.17651245,106.34054533
131_CIKANDE_ACCESS_EXIT_R040,CIKANDE,ACCESS,-,EXIT,345.00,-6.17650082,106.34050164
131_CIKANDE_ACCESS_EXIT_R040,CIKANDE,ACCESS,-,EXIT,350.00,-6.17648918,106.34045795
131_CIKANDE_ACCESS_EXIT_R040,CIKANDE,ACCESS,-,EXIT,355.00,-6.17647755,106.34041426
131_CIKANDE_ACCESS_EXIT_R040,CIKANDE,ACCESS,-,EXIT,360.00,-6.17646591,106.34037058
131_CIKANDE_ACCESS_EXIT_R040,CIKANDE,ACCESS,-,EXIT,365.00,-6.17645427,106.34032689
131_CIKANDE_ACCESS_EXIT_R040,CIKANDE,ACCESS,-,EXIT,370.00,-6.17644264,106.34028320
131_CIKANDE_ACCESS_EXIT_R040,CIKANDE,ACCESS,-,EXIT,375.00,-6.17643100,106.34023951
131_CIKANDE_ACCESS_EXIT_R040,CIKANDE,ACCESS,-,EXIT,380.00,-6.17641997,106.34019567
131_CIKANDE_ACCESS_EXIT_R040,CIKANDE,ACCESS,-,EXIT,385.00,-6.17640925,106.34015174
131_CIKANDE_ACCESS_EXIT_R040,CIKANDE,ACCESS,-,EXIT,390.00,-6.17639854,106.34010782
131_CIKANDE_ACCESS_EXIT_R040,CIKANDE,ACCESS,-,EXIT,395.00,-6.17638782,106.34006389
131_CIKANDE_ACCESS_EXIT_R040,CIKANDE,ACCESS,-,EXIT,400.00,-6.17637711,106.34001996
131_CIKANDE_ACCESS_EXIT_R040,CIKANDE,ACCESS,-,EXIT,405.00,-6.17636640,106.33997604
131_CIKANDE_ACCESS_EXIT_R040,CIKANDE,ACCESS,-,EXIT,410.00,-6.17635617,106.33993200
131_CIKANDE_ACCESS_EXIT_R040,CIKANDE,ACCESS,-,EXIT,415.00,-6.17634647,106.33988784
131_CIKANDE_ACCESS_EXIT_R040,CIKANDE,ACCESS,-,EXIT,420.00,-6.17633677,106.33984367
131_CIKANDE_ACCESS_EXIT_R040,CIKANDE,ACCESS,-,EXIT,425.00,-6.17632685,106.33979956
131_CIKANDE_ACCESS_EXIT_R040,CIKANDE,ACCESS,-,EXIT,430.00,-6.17631458,106.33975605
131_CIKANDE_ACCESS_EXIT_R040,CIKANDE,ACCESS,-,EXIT,435.00,-6.17630231,106.33971254
131_CIKANDE_ACCESS_EXIT_R040,CIKANDE,ACCESS,-,EXIT,440.00,-6.17629005,106.33966902
131_CIKANDE_ACCESS_EXIT_R040,CIKANDE,ACCESS,-,EXIT,445.00,-6.17627778,106.33962551
131_CIKANDE_ACCESS_EXIT_R040,CIKANDE,ACCESS,-,EXIT,450.00,-6.17626552,106.33958200
131_CIKANDE_ACCESS_EXIT_R040,CIKANDE,ACCESS,-,EXIT,455.00,-6.17625325,106.33953848
131_CIKANDE_ACCESS_EXIT_R040,CIKANDE,ACCESS,-,EXIT,460.00,-6.17624291,106.33949447
131_CIKANDE_ACCESS_EXIT_R040,CIKANDE,ACCESS,-,EXIT,465.00,-6.17623281,106.33945040
131_CIKANDE_ACCESS_EXIT_R040,CIKANDE,ACCESS,-,EXIT,470.00,-6.17622270,106.33940633
131_CIKANDE_ACCESS_EXIT_R040,CIKANDE,ACCESS,-,EXIT,475.00,-6.17621260,106.33936226
131_CIKANDE_ACCESS_EXIT_R040,CIKANDE,ACCESS,-,EXIT,480.00,-6.17620250,106.33931818
131_CIKANDE_ACCESS_EXIT_R040,CIKANDE,ACCESS,-,EXIT,485.00,-6.17619240,106.33927411
131_CIKANDE_ACCESS_EXIT_R040,CIKANDE,ACCESS,-,EXIT,490.00,-6.17618230,106.33923004
131_CIKANDE_ACCESS_EXIT_R040,CIKANDE,ACCESS,-,EXIT,495.00,-6.17617790,106.33918505
131_CIKANDE_ACCESS_EXIT_R040,CIKANDE,ACCESS,-,EXIT,500.00,-6.17617392,106.33914000
131_CIKANDE_ACCESS_EXIT_R040,CIKANDE,ACCESS,-,EXIT,505.00,-6.17616995,106.33909495
131_CIKANDE_ACCESS_EXIT_R040,CIKANDE,ACCESS,-,EXIT,510.00,-6.17616597,106.33904990
131_CIKANDE_ACCESS_EXIT_R040,CIKANDE,ACCESS,-,EXIT,515.00,-6.17616200,106.33900485
131_CIKANDE_ACCESS_EXIT_R040,CIKANDE,ACCESS,-,EXIT,520.00,-6.17615802,106.33895980
131_CIKANDE_ACCESS_EXIT_R040,CIKANDE,ACCESS,-,EXIT,525.00,-6.17615441,106.33891475
131_CIKANDE_ACCESS_EXIT_R040,CIKANDE,ACCESS,-,EXIT,530.00,-6.17615979,106.33886985
131_CIKANDE_ACCESS_EXIT_R040,CIKANDE,ACCESS,-,EXIT,535.00,-6.17616517,106.33882494
131_CIKANDE_ACCESS_EXIT_R040,CIKANDE,ACCESS,-,EXIT,540.00,-6.17617055,106.33878004
131_CIKANDE_ACCESS_EXIT_R040,CIKANDE,ACCESS,-,EXIT,545.00,-6.17617593,106.33873514
131_CIKANDE_ACCESS_EXIT_R040,CIKANDE,ACCESS,-,EXIT,550.00,-6.17618131,106.33869023
131_CIKANDE_ACCESS_EXIT_R040,CIKANDE,ACCESS,-,EXIT,555.00,-6.17618669,106.33864533
131_CIKANDE_ACCESS_EXIT_R040,CIKANDE,ACCESS,-,EXIT,560.00,-6.17619207,106.33860043
131_CIKANDE_ACCESS_EXIT_R040,CIKANDE,ACCESS,-,EXIT,565.00,-6.17619745,106.33855552
131_CIKANDE_ACCESS_EXIT_R040,CIKANDE,ACCESS,-,EXIT,570.00,-6.17620313,106.33851067
131_CIKANDE_ACCESS_EXIT_R040,CIKANDE,ACCESS,-,EXIT,575.00,-6.17621167,106.33846626
131_CIKANDE_ACCESS_EXIT_R040,CIKANDE,ACCESS,-,EXIT,580.00,-6.17623031,106.33842571
131_CIKANDE_ACCESS_EXIT_R040,CIKANDE,ACCESS,-,EXIT,585.00,-6.17625321,106.33838679
131_CIKANDE_ACCESS_EXIT_R040,CIKANDE,ACCESS,-,EXIT,590.00,-6.17627759,106.33834919
131_CIKANDE_ACCESS_EXIT_R040,CIKANDE,ACCESS,-,EXIT,595.00,-6.17631342,106.33832187
131_CIKANDE_ACCESS_EXIT_R040,CIKANDE,ACCESS,-,EXIT,600.00,-6.17635269,106.33830066
131_CIKANDE_ACCESS_EXIT_R040,CIKANDE,ACCESS,-,EXIT,605.00,-6.17639462,106.33828437
131_CIKANDE_ACCESS_EXIT_R040,CIKANDE,ACCESS,-,EXIT,605.29,-6.17639710,106.33828360
131_CIKANDE_ACCESS_ENTRANCE_R041,CIKANDE,ACCESS,-,ENTRANCE,0.00,-6.17619890,106.33816190
131_CIKANDE_ACCESS_ENTRANCE_R041,CIKANDE,ACCESS,-,ENTRANCE,5.00,-6.17619043,106.33820632
131_CIKANDE_ACCESS_ENTRANCE_R041,CIKANDE,ACCESS,-,ENTRANCE,10.00,-6.17618197,106.33825074
131_CIKANDE_ACCESS_ENTRANCE_R041,CIKANDE,ACCESS,-,ENTRANCE,15.00,-6.17617350,106.33829516
131_CIKANDE_ACCESS_ENTRANCE_R041,CIKANDE,ACCESS,-,ENTRANCE,20.00,-6.17616503,106.33833958
131_CIKANDE_ACCESS_ENTRANCE_R041,CIKANDE,ACCESS,-,ENTRANCE,25.00,-6.17615657,106.33838400
131_CIKANDE_ACCESS_ENTRANCE_R041,CIKANDE,ACCESS,-,ENTRANCE,30.00,-6.17614810,106.33842842
131_CIKANDE_ACCESS_ENTRANCE_R041,CIKANDE,ACCESS,-,ENTRANCE,35.00,-6.17613975,106.33847285
131_CIKANDE_ACCESS_ENTRANCE_R041,CIKANDE,ACCESS,-,ENTRANCE,40.00,-6.17613445,106.33851777
131_CIKANDE_ACCESS_ENTRANCE_R041,CIKANDE,ACCESS,-,ENTRANCE,45.00,-6.17612915,106.33856268
131_CIKANDE_ACCESS_ENTRANCE_R041,CIKANDE,ACCESS,-,ENTRANCE,50.00,-6.17612386,106.33860759
131_CIKANDE_ACCESS_ENTRANCE_R041,CIKANDE,ACCESS,-,ENTRANCE,55.00,-6.17611856,106.33865251
131_CIKANDE_ACCESS_ENTRANCE_R041,CIKANDE,ACCESS,-,ENTRANCE,60.00,-6.17611327,106.33869742
131_CIKANDE_ACCESS_ENTRANCE_R041,CIKANDE,ACCESS,-,ENTRANCE,65.00,-6.17610797,106.33874234
131_CIKANDE_ACCESS_ENTRANCE_R041,CIKANDE,ACCESS,-,ENTRANCE,70.00,-6.17610268,106.33878725
131_CIKANDE_ACCESS_ENTRANCE_R041,CIKANDE,ACCESS,-,ENTRANCE,75.00,-6.17609738,106.33883216
131_CIKANDE_ACCESS_ENTRANCE_R041,CIKANDE,ACCESS,-,ENTRANCE,80.00,-6.17609281,106.33887712
131_CIKANDE_ACCESS_ENTRANCE_R041,CIKANDE,ACCESS,-,ENTRANCE,85.00,-6.17609288,106.33892235
131_CIKANDE_ACCESS_ENTRANCE_R041,CIKANDE,ACCESS,-,ENTRANCE,90.00,-6.17609294,106.33896758
131_CIKANDE_ACCESS_ENTRANCE_R041,CIKANDE,ACCESS,-,ENTRANCE,95.00,-6.17609301,106.33901281
131_CIKANDE_ACCESS_ENTRANCE_R041,CIKANDE,ACCESS,-,ENTRANCE,100.00,-6.17609307,106.33905803
131_CIKANDE_ACCESS_ENTRANCE_R041,CIKANDE,ACCESS,-,ENTRANCE,105.00,-6.17609796,106.33910282
131_CIKANDE_ACCESS_ENTRANCE_R041,CIKANDE,ACCESS,-,ENTRANCE,110.00,-6.17610610,106.33914730
131_CIKANDE_ACCESS_ENTRANCE_R041,CIKANDE,ACCESS,-,ENTRANCE,115.00,-6.17611425,106.33919178
131_CIKANDE_ACCESS_ENTRANCE_R041,CIKANDE,ACCESS,-,ENTRANCE,120.00,-6.17612240,106.33923626
131_CIKANDE_ACCESS_ENTRANCE_R041,CIKANDE,ACCESS,-,ENTRANCE,125.00,-6.17613055,106.33928074
131_CIKANDE_ACCESS_ENTRANCE_R041,CIKANDE,ACCESS,-,ENTRANCE,130.00,-6.17613869,106.33932522
131_CIKANDE_ACCESS_ENTRANCE_R041,CIKANDE,ACCESS,-,ENTRANCE,135.00,-6.17614684,106.33936970
131_CIKANDE_ACCESS_ENTRANCE_R041,CIKANDE,ACCESS,-,ENTRANCE,140.00,-6.17615499,106.33941418
131_CIKANDE_ACCESS_ENTRANCE_R041,CIKANDE,ACCESS,-,ENTRANCE,145.00,-6.17616313,106.33945866
131_CIKANDE_ACCESS_ENTRANCE_R041,CIKANDE,ACCESS,-,ENTRANCE,150.00,-6.17617197,106.33950298
131_CIKANDE_ACCESS_ENTRANCE_R041,CIKANDE,ACCESS,-,ENTRANCE,155.00,-6.17618367,106.33954665
131_CIKANDE_ACCESS_ENTRANCE_R041,CIKANDE,ACCESS,-,ENTRANCE,160.00,-6.17619541,106.33959031
131_CIKANDE_ACCESS_ENTRANCE_R041,CIKANDE,ACCESS,-,ENTRANCE,165.00,-6.17620714,106.33963397
131_CIKANDE_ACCESS_ENTRANCE_R041,CIKANDE,ACCESS,-,ENTRANCE,170.00,-6.17621888,106.33967763
131_CIKANDE_ACCESS_ENTRANCE_R041,CIKANDE,ACCESS,-,ENTRANCE,175.00,-6.17623062,106.33972129
131_CIKANDE_ACCESS_ENTRANCE_R041,CIKANDE,ACCESS,-,ENTRANCE,180.00,-6.17624236,106.33976495
131_CIKANDE_ACCESS_ENTRANCE_R041,CIKANDE,ACCESS,-,ENTRANCE,185.00,-6.17625304,106.33980888
131_CIKANDE_ACCESS_ENTRANCE_R041,CIKANDE,ACCESS,-,ENTRANCE,190.00,-6.17626331,106.33985291
131_CIKANDE_ACCESS_ENTRANCE_R041,CIKANDE,ACCESS,-,ENTRANCE,195.00,-6.17627359,106.33989695
131_CIKANDE_ACCESS_ENTRANCE_R041,CIKANDE,ACCESS,-,ENTRANCE,200.00,-6.17628386,106.33994098
131_CIKANDE_ACCESS_ENTRANCE_R041,CIKANDE,ACCESS,-,ENTRANCE,205.00,-6.17629431,106.33998497
131_CIKANDE_ACCESS_ENTRANCE_R041,CIKANDE,ACCESS,-,ENTRANCE,210.00,-6.17630597,106.34002865
131_CIKANDE_ACCESS_ENTRANCE_R041,CIKANDE,ACCESS,-,ENTRANCE,215.00,-6.17631763,106.34007233
131_CIKANDE_ACCESS_ENTRANCE_R041,CIKANDE,ACCESS,-,ENTRANCE,220.00,-6.17632929,106.34011601
131_CIKANDE_ACCESS_ENTRANCE_R041,CIKANDE,ACCESS,-,ENTRANCE,225.00,-6.17634094,106.34015969
131_CIKANDE_ACCESS_ENTRANCE_R041,CIKANDE,ACCESS,-,ENTRANCE,230.00,-6.17635266,106.34020336
131_CIKANDE_ACCESS_ENTRANCE_R041,CIKANDE,ACCESS,-,ENTRANCE,235.00,-6.17636466,106.34024695
131_CIKANDE_ACCESS_ENTRANCE_R041,CIKANDE,ACCESS,-,ENTRANCE,240.00,-6.17637665,106.34029054
131_CIKANDE_ACCESS_ENTRANCE_R041,CIKANDE,ACCESS,-,ENTRANCE,245.00,-6.17638865,106.34033413
131_CIKANDE_ACCESS_ENTRANCE_R041,CIKANDE,ACCESS,-,ENTRANCE,250.00,-6.17640066,106.34037771
131_CIKANDE_ACCESS_ENTRANCE_R041,CIKANDE,ACCESS,-,ENTRANCE,255.00,-6.17641267,106.34042130
131_CIKANDE_ACCESS_ENTRANCE_R041,CIKANDE,ACCESS,-,ENTRANCE,260.00,-6.17642468,106.34046488
131_CIKANDE_ACCESS_ENTRANCE_R041,CIKANDE,ACCESS,-,ENTRANCE,265.00,-6.17643669,106.34050847
131_CIKANDE_ACCESS_ENTRANCE_R041,CIKANDE,ACCESS,-,ENTRANCE,270.00,-6.17644870,106.34055206
131_CIKANDE_ACCESS_ENTRANCE_R041,CIKANDE,ACCESS,-,ENTRANCE,275.00,-6.17646071,106.34059564
131_CIKANDE_ACCESS_ENTRANCE_R041,CIKANDE,ACCESS,-,ENTRANCE,280.00,-6.17647272,106.34063923
131_CIKANDE_ACCESS_ENTRANCE_R041,CIKANDE,ACCESS,-,ENTRANCE,285.00,-6.17648444,106.34068289
131_CIKANDE_ACCESS_ENTRANCE_R041,CIKANDE,ACCESS,-,ENTRANCE,290.00,-6.17649486,106.34072689
131_CIKANDE_ACCESS_ENTRANCE_R041,CIKANDE,ACCESS,-,ENTRANCE,295.00,-6.17650528,106.34077088
131_CIKANDE_ACCESS_ENTRANCE_R041,CIKANDE,ACCESS,-,ENTRANCE,300.00,-6.17651525,106.34081498
131_CIKANDE_ACCESS_ENTRANCE_R041,CIKANDE,ACCESS,-,ENTRANCE,305.00,-6.17652482,106.34085918
131_CIKANDE_ACCESS_ENTRANCE_R041,CIKANDE,ACCESS,-,ENTRANCE,310.00,-6.17653438,106.34090337
131_CIKANDE_ACCESS_ENTRANCE_R041,CIKANDE,ACCESS,-,ENTRANCE,315.00,-6.17654395,106.34094756
131_CIKANDE_ACCESS_ENTRANCE_R041,CIKANDE,ACCESS,-,ENTRANCE,320.00,-6.17655351,106.34099176
131_CIKANDE_ACCESS_ENTRANCE_R041,CIKANDE,ACCESS,-,ENTRANCE,325.00,-6.17655944,106.34103659
131_CIKANDE_ACCESS_ENTRANCE_R041,CIKANDE,ACCESS,-,ENTRANCE,330.00,-6.17656525,106.34108144
131_CIKANDE_ACCESS_ENTRANCE_R041,CIKANDE,ACCESS,-,ENTRANCE,335.00,-6.17657106,106.34112629
131_CIKANDE_ACCESS_ENTRANCE_R041,CIKANDE,ACCESS,-,ENTRANCE,340.00,-6.17657687,106.34117113
131_CIKANDE_ACCESS_ENTRANCE_R041,CIKANDE,ACCESS,-,ENTRANCE,345.00,-6.17658227,106.34121602
131_CIKANDE_ACCESS_ENTRANCE_R041,CIKANDE,ACCESS,-,ENTRANCE,350.00,-6.17658459,106.34126119
131_CIKANDE_ACCESS_ENTRANCE_R041,CIKANDE,ACCESS,-,ENTRANCE,355.00,-6.17658691,106.34130636
131_CIKANDE_ACCESS_ENTRANCE_R041,CIKANDE,ACCESS,-,ENTRANCE,360.00,-6.17658923,106.34135153
131_CIKANDE_ACCESS_ENTRANCE_R041,CIKANDE,ACCESS,-,ENTRANCE,365.00,-6.17659155,106.34139670
131_CIKANDE_ACCESS_ENTRANCE_R041,CIKANDE,ACCESS,-,ENTRANCE,370.00,-6.17659386,106.34144186
131_CIKANDE_ACCESS_ENTRANCE_R041,CIKANDE,ACCESS,-,ENTRANCE,375.00,-6.17659618,106.34148703
131_CIKANDE_ACCESS_ENTRANCE_R041,CIKANDE,ACCESS,-,ENTRANCE,380.00,-6.17659850,106.34153220
131_CIKANDE_ACCESS_ENTRANCE_R041,CIKANDE,ACCESS,-,ENTRANCE,385.00,-6.17659514,106.34157725
131_CIKANDE_ACCESS_ENTRANCE_R041,CIKANDE,ACCESS,-,ENTRANCE,390.00,-6.17659092,106.34162228
131_CIKANDE_ACCESS_ENTRANCE_R041,CIKANDE,ACCESS,-,ENTRANCE,395.00,-6.17658671,106.34166731
131_CIKANDE_ACCESS_ENTRANCE_R041,CIKANDE,ACCESS,-,ENTRANCE,400.00,-6.17658250,106.34171234
131_CIKANDE_ACCESS_ENTRANCE_R041,CIKANDE,ACCESS,-,ENTRANCE,405.00,-6.17657828,106.34175737
131_CIKANDE_ACCESS_ENTRANCE_R041,CIKANDE,ACCESS,-,ENTRANCE,410.00,-6.17657407,106.34180240
131_CIKANDE_ACCESS_ENTRANCE_R041,CIKANDE,ACCESS,-,ENTRANCE,415.00,-6.17656986,106.34184743
131_CIKANDE_ACCESS_ENTRANCE_R041,CIKANDE,ACCESS,-,ENTRANCE,420.00,-6.17656564,106.34189246
131_CIKANDE_ACCESS_ENTRANCE_R041,CIKANDE,ACCESS,-,ENTRANCE,425.00,-6.17656115,106.34193745
131_CIKANDE_ACCESS_ENTRANCE_R041,CIKANDE,ACCESS,-,ENTRANCE,430.00,-6.17655258,106.34198184
131_CIKANDE_ACCESS_ENTRANCE_R041,CIKANDE,ACCESS,-,ENTRANCE,435.00,-6.17654400,106.34202624
131_CIKANDE_ACCESS_ENTRANCE_R041,CIKANDE,ACCESS,-,ENTRANCE,440.00,-6.17653543,106.34207064
131_CIKANDE_ACCESS_ENTRANCE_R041,CIKANDE,ACCESS,-,ENTRANCE,445.00,-6.17652685,106.34211504
131_CIKANDE_ACCESS_ENTRANCE_R041,CIKANDE,ACCESS,-,ENTRANCE,450.00,-6.17651828,106.34215944
131_CIKANDE_ACCESS_ENTRANCE_R041,CIKANDE,ACCESS,-,ENTRANCE,455.00,-6.17650970,106.34220384
131_CIKANDE_ACCESS_ENTRANCE_R041,CIKANDE,ACCESS,-,ENTRANCE,460.00,-6.17650113,106.34224824
131_CIKANDE_ACCESS_ENTRANCE_R041,CIKANDE,ACCESS,-,ENTRANCE,465.00,-6.17649255,106.34229264
131_CIKANDE_ACCESS_ENTRANCE_R041,CIKANDE,ACCESS,-,ENTRANCE,470.00,-6.17648388,106.34233701
131_CIKANDE_ACCESS_ENTRANCE_R041,CIKANDE,ACCESS,-,ENTRANCE,475.00,-6.17646868,106.34237957
131_CIKANDE_ACCESS_ENTRANCE_R041,CIKANDE,ACCESS,-,ENTRANCE,480.00,-6.17645347,106.34242214
131_CIKANDE_ACCESS_ENTRANCE_R041,CIKANDE,ACCESS,-,ENTRANCE,485.00,-6.17643826,106.34246470
131_CIKANDE_ACCESS_ENTRANCE_R041,CIKANDE,ACCESS,-,ENTRANCE,490.00,-6.17642306,106.34250726
131_CIKANDE_ACCESS_ENTRANCE_R041,CIKANDE,ACCESS,-,ENTRANCE,495.00,-6.17640785,106.34254983
131_CIKANDE_ACCESS_ENTRANCE_R041,CIKANDE,ACCESS,-,ENTRANCE,500.00,-6.17639265,106.34259239
131_CIKANDE_ACCESS_ENTRANCE_R041,CIKANDE,ACCESS,-,ENTRANCE,505.00,-6.17637746,106.34263496
131_CIKANDE_ACCESS_ENTRANCE_R041,CIKANDE,ACCESS,-,ENTRANCE,510.00,-6.17636227,106.34267753
131_CIKANDE_ACCESS_ENTRANCE_R041,CIKANDE,ACCESS,-,ENTRANCE,515.00,-6.17634381,106.34271873
131_CIKANDE_ACCESS_ENTRANCE_R041,CIKANDE,ACCESS,-,ENTRANCE,520.00,-6.17632430,106.34275947
131_CIKANDE_ACCESS_ENTRANCE_R041,CIKANDE,ACCESS,-,ENTRANCE,525.00,-6.17630476,106.34280021
131_CIKANDE_ACCESS_ENTRANCE_R041,CIKANDE,ACCESS,-,ENTRANCE,530.00,-6.17628523,106.34284095
131_CIKANDE_ACCESS_ENTRANCE_R041,CIKANDE,ACCESS,-,ENTRANCE,535.00,-6.17626570,106.34288169
131_CIKANDE_ACCESS_ENTRANCE_R041,CIKANDE,ACCESS,-,ENTRANCE,540.00,-6.17624221,106.34292024
131_CIKANDE_ACCESS_ENTRANCE_R041,CIKANDE,ACCESS,-,ENTRANCE,545.00,-6.17621842,106.34295862
131_CIKANDE_ACCESS_ENTRANCE_R041,CIKANDE,ACCESS,-,ENTRANCE,550.00,-6.17619464,106.34299700
131_CIKANDE_ACCESS_ENTRANCE_R041,CIKANDE,ACCESS,-,ENTRANCE,555.00,-6.17617085,106.34303538
131_CIKANDE_ACCESS_ENTRANCE_R041,CIKANDE,ACCESS,-,ENTRANCE,560.00,-6.17614707,106.34307377
131_CIKANDE_ACCESS_ENTRANCE_R041,CIKANDE,ACCESS,-,ENTRANCE,565.00,-6.17612328,106.34311215
131_CIKANDE_ACCESS_ENTRANCE_R041,CIKANDE,ACCESS,-,ENTRANCE,570.00,-6.17609949,106.34315053
131_CIKANDE_ACCESS_ENTRANCE_R041,CIKANDE,ACCESS,-,ENTRANCE,575.00,-6.17607571,106.34318892
131_CIKANDE_ACCESS_ENTRANCE_R041,CIKANDE,ACCESS,-,ENTRANCE,580.00,-6.17605192,106.34322730
131_CIKANDE_ACCESS_ENTRANCE_R041,CIKANDE,ACCESS,-,ENTRANCE,585.00,-6.17602814,106.34326568
131_CIKANDE_ACCESS_ENTRANCE_R041,CIKANDE,ACCESS,-,ENTRANCE,590.00,-6.17600435,106.34330406
131_CIKANDE_ACCESS_ENTRANCE_R041,CIKANDE,ACCESS,-,ENTRANCE,595.00,-6.17597735,106.34334021
131_CIKANDE_ACCESS_ENTRANCE_R041,CIKANDE,ACCESS,-,ENTRANCE,600.00,-6.17595001,106.34337611
131_CIKANDE_ACCESS_ENTRANCE_R041,CIKANDE,ACCESS,-,ENTRANCE,605.00,-6.17592266,106.34341202
131_CIKANDE_ACCESS_ENTRANCE_R041,CIKANDE,ACCESS,-,ENTRANCE,610.00,-6.17589502,106.34344768
131_CIKANDE_ACCESS_ENTRANCE_R041,CIKANDE,ACCESS,-,ENTRANCE,615.00,-6.17586559,106.34348187
131_CIKANDE_ACCESS_ENTRANCE_R041,CIKANDE,ACCESS,-,ENTRANCE,616.61,-6.17585610,106.34349290
131_CIKANDE_GATE_PLAZA_ENTRANCE_R042,CIKANDE,GATE,PLAZA,ENTRANCE,0.00,-6.17585610,106.34349290
131_CIKANDE_GATE_PLAZA_ENTRANCE_R042,CIKANDE,GATE,PLAZA,ENTRANCE,5.00,-6.17582494,106.34352523
131_CIKANDE_GATE_PLAZA_ENTRANCE_R042,CIKANDE,GATE,PLAZA,ENTRANCE,10.00,-6.17578872,106.34355203
131_CIKANDE_GATE_PLAZA_ENTRANCE_R042,CIKANDE,GATE,PLAZA,ENTRANCE,15.00,-6.17575250,106.34357883
131_CIKANDE_GATE_PLAZA_ENTRANCE_R042,CIKANDE,GATE,PLAZA,ENTRANCE,20.00,-6.17571628,106.34360563
131_CIKANDE_GATE_PLAZA_ENTRANCE_R042,CIKANDE,GATE,PLAZA,ENTRANCE,25.00,-6.17568006,106.34363243
131_CIKANDE_GATE_PLAZA_ENTRANCE_R042,CIKANDE,GATE,PLAZA,ENTRANCE,30.00,-6.17564160,106.34365439
131_CIKANDE_GATE_PLAZA_ENTRANCE_R042,CIKANDE,GATE,PLAZA,ENTRANCE,35.00,-6.17559789,106.34366503
131_CIKANDE_GATE_PLAZA_ENTRANCE_R042,CIKANDE,GATE,PLAZA,ENTRANCE,40.00,-6.17555876,106.34368650
131_CIKANDE_GATE_PLAZA_ENTRANCE_R042,CIKANDE,GATE,PLAZA,ENTRANCE,45.00,-6.17552078,106.34371072
131_CIKANDE_GATE_PLAZA_ENTRANCE_R042,CIKANDE,GATE,PLAZA,ENTRANCE,50.00,-6.17548281,106.34373495
131_CIKANDE_GATE_PLAZA_ENTRANCE_R042,CIKANDE,GATE,PLAZA,ENTRANCE,55.00,-6.17544556,106.34376023
131_CIKANDE_GATE_PLAZA_ENTRANCE_R042,CIKANDE,GATE,PLAZA,ENTRANCE,60.00,-6.17540925,106.34378692
131_CIKANDE_GATE_PLAZA_ENTRANCE_R042,CIKANDE,GATE,PLAZA,ENTRANCE,65.00,-6.17537295,106.34381361
131_CIKANDE_GATE_PLAZA_ENTRANCE_R042,CIKANDE,GATE,PLAZA,ENTRANCE,70.00,-6.17533665,106.34384029
131_CIKANDE_GATE_PLAZA_ENTRANCE_R042,CIKANDE,GATE,PLAZA,ENTRANCE,75.00,-6.17530028,106.34386690
131_CIKANDE_GATE_PLAZA_ENTRANCE_R042,CIKANDE,GATE,PLAZA,ENTRANCE,80.00,-6.17526391,106.34389349
131_CIKANDE_GATE_PLAZA_ENTRANCE_R042,CIKANDE,GATE,PLAZA,ENTRANCE,85.00,-6.17522753,106.34392008
131_CIKANDE_GATE_PLAZA_ENTRANCE_R042,CIKANDE,GATE,PLAZA,ENTRANCE,90.00,-6.17519116,106.34394667
131_CIKANDE_GATE_PLAZA_ENTRANCE_R042,CIKANDE,GATE,PLAZA,ENTRANCE,95.00,-6.17515478,106.34397325
131_CIKANDE_GATE_PLAZA_ENTRANCE_R042,CIKANDE,GATE,PLAZA,ENTRANCE,100.00,-6.17511841,106.34399984
131_CIKANDE_GATE_PLAZA_ENTRANCE_R042,CIKANDE,GATE,PLAZA,ENTRANCE,105.00,-6.17508203,106.34402643
131_CIKANDE_GATE_PLAZA_ENTRANCE_R042,CIKANDE,GATE,PLAZA,ENTRANCE,110.00,-6.17504566,106.34405302
131_CIKANDE_GATE_PLAZA_ENTRANCE_R042,CIKANDE,GATE,PLAZA,ENTRANCE,115.00,-6.17500928,106.34407961
131_CIKANDE_GATE_PLAZA_ENTRANCE_R042,CIKANDE,GATE,PLAZA,ENTRANCE,120.00,-6.17497291,106.34410620
131_CIKANDE_GATE_PLAZA_ENTRANCE_R042,CIKANDE,GATE,PLAZA,ENTRANCE,125.00,-6.17493555,106.34413137
131_CIKANDE_GATE_PLAZA_ENTRANCE_R042,CIKANDE,GATE,PLAZA,ENTRANCE,130.00,-6.17489807,106.34415635
131_CIKANDE_GATE_PLAZA_ENTRANCE_R042,CIKANDE,GATE,PLAZA,ENTRANCE,135.00,-6.17486300,106.34418434
131_CIKANDE_GATE_PLAZA_ENTRANCE_R042,CIKANDE,GATE,PLAZA,ENTRANCE,140.00,-6.17483093,106.34421604
131_CIKANDE_GATE_PLAZA_ENTRANCE_R042,CIKANDE,GATE,PLAZA,ENTRANCE,145.00,-6.17479886,106.34424774
131_CIKANDE_GATE_PLAZA_ENTRANCE_R042,CIKANDE,GATE,PLAZA,ENTRANCE,150.00,-6.17476988,106.34428195
131_CIKANDE_GATE_PLAZA_ENTRANCE_R042,CIKANDE,GATE,PLAZA,ENTRANCE,155.00,-6.17474600,106.34432028
131_CIKANDE_GATE_PLAZA_ENTRANCE_R042,CIKANDE,GATE,PLAZA,ENTRANCE,160.00,-6.17472213,106.34435860
131_CIKANDE_GATE_PLAZA_ENTRANCE_R042,CIKANDE,GATE,PLAZA,ENTRANCE,165.00,-6.17468810,106.34438677
131_CIKANDE_GATE_PLAZA_ENTRANCE_R042,CIKANDE,GATE,PLAZA,ENTRANCE,170.00,-6.17465010,106.34441094
131_CIKANDE_GATE_PLAZA_ENTRANCE_R042,CIKANDE,GATE,PLAZA,ENTRANCE,175.00,-6.17461210,106.34443512
131_CIKANDE_GATE_PLAZA_ENTRANCE_R042,CIKANDE,GATE,PLAZA,ENTRANCE,176.53,-6.17460050,106.34444250
131_CIKANDE_GATE_INTERCHANGE_ON_R043,CIKANDE,GATE,INTERCHANGE,ON,0.00,-6.17460050,106.34444250
131_CIKANDE_GATE_INTERCHANGE_ON_R043,CIKANDE,GATE,INTERCHANGE,ON,5.00,-6.17456250,106.34446668
131_CIKANDE_GATE_INTERCHANGE_ON_R043,CIKANDE,GATE,INTERCHANGE,ON,10.00,-6.17452450,106.34449086
131_CIKANDE_GATE_INTERCHANGE_ON_R043,CIKANDE,GATE,INTERCHANGE,ON,15.00,-6.17448650,106.34451504
131_CIKANDE_GATE_INTERCHANGE_ON_R043,CIKANDE,GATE,INTERCHANGE,ON,20.00,-6.17444850,106.34453923
131_CIKANDE_GATE_INTERCHANGE_ON_R043,CIKANDE,GATE,INTERCHANGE,ON,25.00,-6.17441050,106.34456341
131_CIKANDE_GATE_INTERCHANGE_ON_R043,CIKANDE,GATE,INTERCHANGE,ON,30.00,-6.17437250,106.34458759
131_CIKANDE_GATE_INTERCHANGE_ON_R043,CIKANDE,GATE,INTERCHANGE,ON,35.00,-6.17433450,106.34461177
131_CIKANDE_GATE_INTERCHANGE_ON_R043,CIKANDE,GATE,INTERCHANGE,ON,40.00,-6.17429655,106.34463602
131_CIKANDE_GATE_INTERCHANGE_ON_R043,CIKANDE,GATE,INTERCHANGE,ON,45.00,-6.17425861,106.34466030
131_CIKANDE_GATE_INTERCHANGE_ON_R043,CIKANDE,GATE,INTERCHANGE,ON,50.00,-6.17422067,106.34468458
131_CIKANDE_GATE_INTERCHANGE_ON_R043,CIKANDE,GATE,INTERCHANGE,ON,55.00,-6.17418273,106.34470886
131_CIKANDE_GATE_INTERCHANGE_ON_R043,CIKANDE,GATE,INTERCHANGE,ON,60.00,-6.17414480,106.34473314
131_CIKANDE_GATE_INTERCHANGE_ON_R043,CIKANDE,GATE,INTERCHANGE,ON,65.00,-6.17410686,106.34475742
131_CIKANDE_GATE_INTERCHANGE_ON_R043,CIKANDE,GATE,INTERCHANGE,ON,70.00,-6.17406892,106.34478170
131_CIKANDE_GATE_INTERCHANGE_ON_R043,CIKANDE,GATE,INTERCHANGE,ON,75.00,-6.17403099,106.34480598
131_CIKANDE_GATE_INTERCHANGE_ON_R043,CIKANDE,GATE,INTERCHANGE,ON,80.00,-6.17399305,106.34483026
131_CIKANDE_GATE_INTERCHANGE_ON_R043,CIKANDE,GATE,INTERCHANGE,ON,85.00,-6.17395511,106.34485454
131_CIKANDE_GATE_INTERCHANGE_ON_R043,CIKANDE,GATE,INTERCHANGE,ON,90.00,-6.17391717,106.34487882
131_CIKANDE_GATE_INTERCHANGE_ON_R043,CIKANDE,GATE,INTERCHANGE,ON,95.00,-6.17387924,106.34490310
131_CIKANDE_GATE_INTERCHANGE_ON_R043,CIKANDE,GATE,INTERCHANGE,ON,100.00,-6.17384130,106.34492738
131_CIKANDE_GATE_INTERCHANGE_ON_R043,CIKANDE,GATE,INTERCHANGE,ON,105.00,-6.17380336,106.34495166
131_CIKANDE_GATE_INTERCHANGE_ON_R043,CIKANDE,GATE,INTERCHANGE,ON,110.00,-6.17376141,106.34496722
131_CIKANDE_GATE_INTERCHANGE_ON_R043,CIKANDE,GATE,INTERCHANGE,ON,114.29,-6.17372460,106.34497870
131_CIKANDE_RAMP_A_ON_R044,CIKANDE,RAMP,A,ON,0.00,-6.17372460,106.34497870
131_CIKANDE_RAMP_A_ON_R044,CIKANDE,RAMP,A,ON,5.00,-6.17368164,106.34499205
131_CIKANDE_RAMP_A_ON_R044,CIKANDE,RAMP,A,ON,10.00,-6.17363867,106.34500540
131_CIKANDE_RAMP_A_ON_R044,CIKANDE,RAMP,A,ON,15.00,-6.17359699,106.34502199
131_CIKANDE_RAMP_A_ON_R044,CIKANDE,RAMP,A,ON,20.00,-6.17355659,106.34504185
131_CIKANDE_RAMP_A_ON_R044,CIKANDE,RAMP,A,ON,25.00,-6.17351619,106.34506171
131_CIKANDE_RAMP_A_ON_R044,CIKANDE,RAMP,A,ON,30.00,-6.17347579,106.34508158
131_CIKANDE_RAMP_A_ON_R044,CIKANDE,RAMP,A,ON,35.00,-6.17343561,106.34510188
131_CIKANDE_RAMP_A_ON_R044,CIKANDE,RAMP,A,ON,40.00,-6.17339545,106.34512221
131_CIKANDE_RAMP_A_ON_R044,CIKANDE,RAMP,A,ON,45.00,-6.17335528,106.34514254
131_CIKANDE_RAMP_A_ON_R044,CIKANDE,RAMP,A,ON,50.00,-6.17331511,106.34516287
131_CIKANDE_RAMP_A_ON_R044,CIKANDE,RAMP,A,ON,55.00,-6.17327495,106.34518321
131_CIKANDE_RAMP_A_ON_R044,CIKANDE,RAMP,A,ON,60.00,-6.17323474,106.34520345
131_CIKANDE_RAMP_A_ON_R044,CIKANDE,RAMP,A,ON,65.00,-6.17319422,106.34522307
131_CIKANDE_RAMP_A_ON_R044,CIKANDE,RAMP,A,ON,70.00,-6.17315371,106.34524268
131_CIKANDE_RAMP_A_ON_R044,CIKANDE,RAMP,A,ON,75.00,-6.17311318,106.34526229
131_CIKANDE_RAMP_A_ON_R044,CIKANDE,RAMP,A,ON,80.00,-6.17307258,106.34528173
131_CIKANDE_RAMP_A_ON_R044,CIKANDE,RAMP,A,ON,85.00,-6.17303197,106.34530113
131_CIKANDE_RAMP_A_ON_R044,CIKANDE,RAMP,A,ON,90.00,-6.17299138,106.34532060
131_CIKANDE_RAMP_A_ON_R044,CIKANDE,RAMP,A,ON,95.00,-6.17295079,106.34534008
131_CIKANDE_RAMP_A_ON_R044,CIKANDE,RAMP,A,ON,100.00,-6.17291021,106.34535955
131_CIKANDE_RAMP_A_ON_R044,CIKANDE,RAMP,A,ON,105.00,-6.17286962,106.34537902
131_CIKANDE_RAMP_A_ON_R044,CIKANDE,RAMP,A,ON,110.00,-6.17282896,106.34539832
131_CIKANDE_RAMP_A_ON_R044,CIKANDE,RAMP,A,ON,115.00,-6.17278766,106.34541621
131_CIKANDE_RAMP_A_ON_R044,CIKANDE,RAMP,A,ON,120.00,-6.17274636,106.34543410
131_CIKANDE_RAMP_A_ON_R044,CIKANDE,RAMP,A,ON,125.00,-6.17270506,106.34545199
131_CIKANDE_RAMP_A_ON_R044,CIKANDE,RAMP,A,ON,130.00,-6.17266376,106.34546988
131_CIKANDE_RAMP_A_ON_R044,CIKANDE,RAMP,A,ON,135.00,-6.17262247,106.34548777
131_CIKANDE_RAMP_A_ON_R044,CIKANDE,RAMP,A,ON,140.00,-6.17257971,106.34550124
131_CIKANDE_RAMP_A_ON_R044,CIKANDE,RAMP,A,ON,145.00,-6.17253598,106.34551179
131_CIKANDE_RAMP_A_ON_R044,CIKANDE,RAMP,A,ON,150.00,-6.17249225,106.34552234
131_CIKANDE_RAMP_A_ON_R044,CIKANDE,RAMP,A,ON,155.00,-6.17244778,106.34552807
131_CIKANDE_RAMP_A_ON_R044,CIKANDE,RAMP,A,ON,160.00,-6.17240294,106.34553145
131_CIKANDE_RAMP_A_ON_R044,CIKANDE,RAMP,A,ON,165.00,-6.17235802,106.34553230
131_CIKANDE_RAMP_A_ON_R044,CIKANDE,RAMP,A,ON,170.00,-6.17231306,106.34553167
131_CIKANDE_RAMP_A_ON_R044,CIKANDE,RAMP,A,ON,175.00,-6.17226810,106.34553104
131_CIKANDE_RAMP_A_ON_R044,CIKANDE,RAMP,A,ON,180.00,-6.17222383,106.34552537
131_CIKANDE_RAMP_A_ON_R044,CIKANDE,RAMP,A,ON,185.00,-6.17218040,106.34551367
131_CIKANDE_RAMP_A_ON_R044,CIKANDE,RAMP,A,ON,190.00,-6.17213696,106.34550196
131_CIKANDE_RAMP_A_ON_R044,CIKANDE,RAMP,A,ON,195.00,-6.17209452,106.34548725
131_CIKANDE_RAMP_A_ON_R044,CIKANDE,RAMP,A,ON,200.00,-6.17205277,106.34547047
131_CIKANDE_RAMP_A_ON_R044,CIKANDE,RAMP,A,ON,205.00,-6.17201231,106.34545088
131_CIKANDE_RAMP_A_ON_R044,CIKANDE,RAMP,A,ON,210.00,-6.17197270,106.34542948
131_CIKANDE_RAMP_A_ON_R044,CIKANDE,RAMP,A,ON,215.00,-6.17193741,106.34540150
131_CIKANDE_RAMP_A_ON_R044,CIKANDE,RAMP,A,ON,220.00,-6.17190236,106.34537318
131_CIKANDE_RAMP_A_ON_R044,CIKANDE,RAMP,A,ON,225.00,-6.17186812,106.34534398
131_CIKANDE_RAMP_A_ON_R044,CIKANDE,RAMP,A,ON,230.00,-6.17183785,106.34531053
131_CIKANDE_RAMP_A_ON_R044,CIKANDE,RAMP,A,ON,235.00,-6.17180758,106.34527709
131_CIKANDE_RAMP_A_ON_R044,CIKANDE,RAMP,A,ON,240.00,-6.17177731,106.34524364
131_CIKANDE_RAMP_A_ON_R044,CIKANDE,RAMP,A,ON,245.00,-6.17174704,106.34521020
131_CIKANDE_RAMP_A_ON_R044,CIKANDE,RAMP,A,ON,250.00,-6.17171677,106.34517675
131_CIKANDE_RAMP_A_ON_R044,CIKANDE,RAMP,A,ON,255.00,-6.17168650,106.34514331
131_CIKANDE_RAMP_A_ON_R044,CIKANDE,RAMP,A,ON,260.00,-6.17165816,106.34510824
131_CIKANDE_RAMP_A_ON_R044,CIKANDE,RAMP,A,ON,265.00,-6.17163071,106.34507241
131_CIKANDE_RAMP_A_ON_R044,CIKANDE,RAMP,A,ON,270.00,-6.17160332,106.34503654
131_CIKANDE_RAMP_A_ON_R044,CIKANDE,RAMP,A,ON,275.00,-6.17157594,106.34500067
131_CIKANDE_RAMP_A_ON_R044,CIKANDE,RAMP,A,ON,280.00,-6.17154752,106.34496562
131_CIKANDE_RAMP_A_ON_R044,CIKANDE,RAMP,A,ON,285.00,-6.17151872,106.34493089
131_CIKANDE_RAMP_A_ON_R044,CIKANDE,RAMP,A,ON,290.00,-6.17148989,106.34489618
131_CIKANDE_RAMP_A_ON_R044,CIKANDE,RAMP,A,ON,295.00,-6.17146199,106.34486075
131_CIKANDE_RAMP_A_ON_R044,CIKANDE,RAMP,A,ON,300.00,-6.17143577,106.34482400
131_CIKANDE_RAMP_A_ON_R044,CIKANDE,RAMP,A,ON,305.00,-6.17140956,106.34478726
131_CIKANDE_RAMP_A_ON_R044,CIKANDE,RAMP,A,ON,310.00,-6.17138334,106.34475051
131_CIKANDE_RAMP_A_ON_R044,CIKANDE,RAMP,A,ON,315.00,-6.17135713,106.34471376
131_CIKANDE_RAMP_A_ON_R044,CIKANDE,RAMP,A,ON,320.00,-6.17133091,106.34467701
131_CIKANDE_RAMP_A_ON_R044,CIKANDE,RAMP,A,ON,325.00,-6.17130470,106.34464027
131_CIKANDE_RAMP_A_ON_R044,CIKANDE,RAMP,A,ON,330.00,-6.17127848,106.34460352
131_CIKANDE_RAMP_A_ON_R044,CIKANDE,RAMP,A,ON,335.00,-6.17125124,106.34456754
131_CIKANDE_RAMP_A_ON_R044,CIKANDE,RAMP,A,ON,340.00,-6.17122391,106.34453163
131_CIKANDE_RAMP_A_ON_R044,CIKANDE,RAMP,A,ON,345.00,-6.17119657,106.34449572
131_CIKANDE_RAMP_A_ON_R044,CIKANDE,RAMP,A,ON,350.00,-6.17116924,106.34445980
131_CIKANDE_RAMP_A_ON_R044,CIKANDE,RAMP,A,ON,355.00,-6.17114190,106.34442389
131_CIKANDE_RAMP_A_ON_R044,CIKANDE,RAMP,A,ON,360.00,-6.17111593,106.34438699
131_CIKANDE_RAMP_A_ON_R044,CIKANDE,RAMP,A,ON,365.00,-6.17109065,106.34434959
131_CIKANDE_RAMP_A_ON_R044,CIKANDE,RAMP,A,ON,370.00,-6.17106536,106.34431219
131_CIKANDE_RAMP_A_ON_R044,CIKANDE,RAMP,A,ON,375.00,-6.17104008,106.34427479
131_CIKANDE_RAMP_A_ON_R044,CIKANDE,RAMP,A,ON,380.00,-6.17101479,106.34423739
131_CIKANDE_RAMP_A_ON_R044,CIKANDE,RAMP,A,ON,385.00,-6.17098951,106.34419999
131_CIKANDE_RAMP_A_ON_R044,CIKANDE,RAMP,A,ON,390.00,-6.17096538,106.34416182
131_CIKANDE_RAMP_A_ON_R044,CIKANDE,RAMP,A,ON,395.00,-6.17094132,106.34412361
131_CIKANDE_RAMP_A_ON_R044,CIKANDE,RAMP,A,ON,400.00,-6.17091726,106.34408540
131_CIKANDE_RAMP_A_ON_R044,CIKANDE,RAMP,A,ON,405.00,-6.17089320,106.34404719
131_CIKANDE_RAMP_A_ON_R044,CIKANDE,RAMP,A,ON,410.00,-6.17086914,106.34400899
131_CIKANDE_RAMP_A_ON_R044,CIKANDE,RAMP,A,ON,415.00,-6.17084508,106.34397078
131_CIKANDE_RAMP_A_ON_R044,CIKANDE,RAMP,A,ON,420.00,-6.17082103,106.34393257
131_CIKANDE_RAMP_A_ON_R044,CIKANDE,RAMP,A,ON,425.00,-6.17079700,106.34389433
131_CIKANDE_RAMP_A_ON_R044,CIKANDE,RAMP,A,ON,430.00,-6.17077377,106.34385561
131_CIKANDE_RAMP_A_ON_R044,CIKANDE,RAMP,A,ON,435.00,-6.17075055,106.34381688
131_CIKANDE_RAMP_A_ON_R044,CIKANDE,RAMP,A,ON,440.00,-6.17072866,106.34377738
131_CIKANDE_RAMP_A_ON_R044,CIKANDE,RAMP,A,ON,445.00,-6.17070717,106.34373765
131_CIKANDE_RAMP_A_ON_R044,CIKANDE,RAMP,A,ON,450.00,-6.17068567,106.34369793
131_CIKANDE_RAMP_A_ON_R044,CIKANDE,RAMP,A,ON,455.00,-6.17066417,106.34365821
131_CIKANDE_RAMP_A_ON_R044,CIKANDE,RAMP,A,ON,460.00,-6.17064267,106.34361848
131_CIKANDE_RAMP_A_ON_R044,CIKANDE,RAMP,A,ON,465.00,-6.17061830,106.34358048
131_CIKANDE_RAMP_A_ON_R044,CIKANDE,RAMP,A,ON,470.00,-6.17059388,106.34354250
131_CIKANDE_RAMP_A_ON_R044,CIKANDE,RAMP,A,ON,475.00,-6.17056946,106.34350452
131_CIKANDE_RAMP_A_ON_R044,CIKANDE,RAMP,A,ON,480.00,-6.17054504,106.34346654
131_CIKANDE_RAMP_A_ON_R044,CIKANDE,RAMP,A,ON,485.00,-6.17052083,106.34342843
131_CIKANDE_RAMP_A_ON_R044,CIKANDE,RAMP,A,ON,490.00,-6.17049664,106.34339031
131_CIKANDE_RAMP_A_ON_R044,CIKANDE,RAMP,A,ON,495.00,-6.17047317,106.34335174
131_CIKANDE_RAMP_A_ON_R044,CIKANDE,RAMP,A,ON,500.00,-6.17045060,106.34331262
131_CIKANDE_RAMP_A_ON_R044,CIKANDE,RAMP,A,ON,505.00,-6.17042803,106.34327350
131_CIKANDE_RAMP_A_ON_R044,CIKANDE,RAMP,A,ON,510.00,-6.17040545,106.34323439
131_CIKANDE_RAMP_A_ON_R044,CIKANDE,RAMP,A,ON,515.00,-6.17038026,106.34319698
131_CIKANDE_RAMP_A_ON_R044,CIKANDE,RAMP,A,ON,520.00,-6.17035402,106.34316025
131_CIKANDE_RAMP_A_ON_R044,CIKANDE,RAMP,A,ON,525.00,-6.17032606,106.34312529
131_CIKANDE_RAMP_A_ON_R044,CIKANDE,RAMP,A,ON,530.00,-6.17028848,106.34310055
131_CIKANDE_RAMP_A_ON_R044,CIKANDE,RAMP,A,ON,530.06,-6.17028800,106.34310030
131_CIKANDE_RAMP_B_ON_R045,CIKANDE,RAMP,B,ON,0.00,-6.17379580,106.34495650
131_CIKANDE_RAMP_B_ON_R045,CIKANDE,RAMP,B,ON,5.00,-6.17375816,106.34498125
131_CIKANDE_RAMP_B_ON_R045,CIKANDE,RAMP,B,ON,10.00,-6.17372053,106.34500600
131_CIKANDE_RAMP_B_ON_R045,CIKANDE,RAMP,B,ON,15.00,-6.17368289,106.34503075
131_CIKANDE_RAMP_B_ON_R045,CIKANDE,RAMP,B,ON,20.00,-6.17364526,106.34505550
131_CIKANDE_RAMP_B_ON_R045,CIKANDE,RAMP,B,ON,25.00,-6.17360762,106.34508025
131_CIKANDE_RAMP_B_ON_R045,CIKANDE,RAMP,B,ON,30.00,-6.17356998,106.34510500
131_CIKANDE_RAMP_B_ON_R045,CIKANDE,RAMP,B,ON,35.00,-6.17353235,106.34512975
131_CIKANDE_RAMP_B_ON_R045,CIKANDE,RAMP,B,ON,40.00,-6.17349471,106.34515450
131_CIKANDE_RAMP_B_ON_R045,CIKANDE,RAMP,B,ON,45.00,-6.17345708,106.34517925
131_CIKANDE_RAMP_B_ON_R045,CIKANDE,RAMP,B,ON,50.00,-6.17341944,106.34520400
131_CIKANDE_RAMP_B_ON_R045,CIKANDE,RAMP,B,ON,55.00,-6.17338180,106.34522875
131_CIKANDE_RAMP_B_ON_R045,CIKANDE,RAMP,B,ON,60.00,-6.17334396,106.34525318
131_CIKANDE_RAMP_B_ON_R045,CIKANDE,RAMP,B,ON,65.00,-6.17330587,106.34527722
131_CIKANDE_RAMP_B_ON_R045,CIKANDE,RAMP,B,ON,70.00,-6.17326779,106.34530126
131_CIKANDE_RAMP_B_ON_R045,CIKANDE,RAMP,B,ON,75.00,-6.17322970,106.34532530
131_CIKANDE_RAMP_B_ON_R045,CIKANDE,RAMP,B,ON,80.00,-6.17319161,106.34534933
131_CIKANDE_RAMP_B_ON_R045,CIKANDE,RAMP,B,ON,85.00,-6.17315352,106.34537337
131_CIKANDE_RAMP_B_ON_R045,CIKANDE,RAMP,B,ON,90.00,-6.17311543,106.34539741
131_CIKANDE_RAMP_B_ON_R045,CIKANDE,RAMP,B,ON,95.00,-6.17307734,106.34542145
131_CIKANDE_RAMP_B_ON_R045,CIKANDE,RAMP,B,ON,100.00,-6.17303925,106.34544549
131_CIKANDE_RAMP_B_ON_R045,CIKANDE,RAMP,B,ON,105.00,-6.17300116,106.34546953
131_CIKANDE_RAMP_B_ON_R045,CIKANDE,RAMP,B,ON,110.00,-6.17296307,106.34549357
131_CIKANDE_RAMP_B_ON_R045,CIKANDE,RAMP,B,ON,115.00,-6.17292499,106.34551761
131_CIKANDE_RAMP_B_ON_R045,CIKANDE,RAMP,B,ON,120.00,-6.17288690,106.34554165
131_CIKANDE_RAMP_B_ON_R045,CIKANDE,RAMP,B,ON,125.00,-6.17284901,106.34556600
131_CIKANDE_RAMP_B_ON_R045,CIKANDE,RAMP,B,ON,130.00,-6.17281128,106.34559061
131_CIKANDE_RAMP_B_ON_R045,CIKANDE,RAMP,B,ON,135.00,-6.17277356,106.34561522
131_CIKANDE_RAMP_B_ON_R045,CIKANDE,RAMP,B,ON,140.00,-6.17273583,106.34563983
131_CIKANDE_RAMP_B_ON_R045,CIKANDE,RAMP,B,ON,145.00,-6.17269810,106.34566443
131_CIKANDE_RAMP_B_ON_R045,CIKANDE,RAMP,B,ON,150.00,-6.17266037,106.34568904
131_CIKANDE_RAMP_B_ON_R045,CIKANDE,RAMP,B,ON,155.00,-6.17262264,106.34571364
131_CIKANDE_RAMP_B_ON_R045,CIKANDE,RAMP,B,ON,160.00,-6.17258491,106.34573824
131_CIKANDE_RAMP_B_ON_R045,CIKANDE,RAMP,B,ON,165.00,-6.17254717,106.34576285
131_CIKANDE_RAMP_B_ON_R045,CIKANDE,RAMP,B,ON,170.00,-6.17250944,106.34578745
131_CIKANDE_RAMP_B_ON_R045,CIKANDE,RAMP,B,ON,175.00,-6.17247171,106.34581205
131_CIKANDE_RAMP_B_ON_R045,CIKANDE,RAMP,B,ON,180.00,-6.17243303,106.34583506
131_CIKANDE_RAMP_B_ON_R045,CIKANDE,RAMP,B,ON,185.00,-6.17239367,106.34585692
131_CIKANDE_RAMP_B_ON_R045,CIKANDE,RAMP,B,ON,190.00,-6.17235435,106.34587887
131_CIKANDE_RAMP_B_ON_R045,CIKANDE,RAMP,B,ON,195.00,-6.17231511,106.34590096
131_CIKANDE_RAMP_B_ON_R045,CIKANDE,RAMP,B,ON,200.00,-6.17227587,106.34592304
131_CIKANDE_RAMP_B_ON_R045,CIKANDE,RAMP,B,ON,205.00,-6.17223663,106.34594512
131_CIKANDE_RAMP_B_ON_R045,CIKANDE,RAMP,B,ON,210.00,-6.17219738,106.34596720
131_CIKANDE_RAMP_B_ON_R045,CIKANDE,RAMP,B,ON,215.00,-6.17215814,106.34598929
131_CIKANDE_RAMP_B_ON_R045,CIKANDE,RAMP,B,ON,220.00,-6.17211890,106.34601137
131_CIKANDE_RAMP_B_ON_R045,CIKANDE,RAMP,B,ON,225.00,-6.17207966,106.34603345
131_CIKANDE_RAMP_B_ON_R045,CIKANDE,RAMP,B,ON,230.00,-6.17204041,106.34605554
131_CIKANDE_RAMP_B_ON_R045,CIKANDE,RAMP,B,ON,235.00,-6.17200117,106.34607762
131_CIKANDE_RAMP_B_ON_R045,CIKANDE,RAMP,B,ON,240.00,-6.17196193,106.34609970
131_CIKANDE_RAMP_B_ON_R045,CIKANDE,RAMP,B,ON,245.00,-6.17192363,106.34612339
131_CIKANDE_RAMP_B_ON_R045,CIKANDE,RAMP,B,ON,250.00,-6.17188548,106.34614732
131_CIKANDE_RAMP_B_ON_R045,CIKANDE,RAMP,B,ON,255.00,-6.17184731,106.34617124
131_CIKANDE_RAMP_B_ON_R045,CIKANDE,RAMP,B,ON,260.00,-6.17180915,106.34619515
131_CIKANDE_RAMP_B_ON_R045,CIKANDE,RAMP,B,ON,265.00,-6.17177098,106.34621906
131_CIKANDE_RAMP_B_ON_R045,CIKANDE,RAMP,B,ON,270.00,-6.17173281,106.34624298
131_CIKANDE_RAMP_B_ON_R045,CIKANDE,RAMP,B,ON,275.00,-6.17169464,106.34626689
131_CIKANDE_RAMP_B_ON_R045,CIKANDE,RAMP,B,ON,280.00,-6.17165648,106.34629080
131_CIKANDE_RAMP_B_ON_R045,CIKANDE,RAMP,B,ON,285.00,-6.17161831,106.34631471
131_CIKANDE_RAMP_B_ON_R045,CIKANDE,RAMP,B,ON,290.00,-6.17157946,106.34633750
131_CIKANDE_RAMP_B_ON_R045,CIKANDE,RAMP,B,ON,295.00,-6.17154062,106.34636028
131_CIKANDE_RAMP_B_ON_R045,CIKANDE,RAMP,B,ON,300.00,-6.17150177,106.34638306
131_CIKANDE_RAMP_B_ON_R045,CIKANDE,RAMP,B,ON,305.00,-6.17146293,106.34640584
131_CIKANDE_RAMP_B_ON_R045,CIKANDE,RAMP,B,ON,310.00,-6.17142444,106.34642922
131_CIKANDE_RAMP_B_ON_R045,CIKANDE,RAMP,B,ON,315.00,-6.17138636,106.34645327
131_CIKANDE_RAMP_B_ON_R045,CIKANDE,RAMP,B,ON,320.00,-6.17134829,106.34647733
131_CIKANDE_RAMP_B_ON_R045,CIKANDE,RAMP,B,ON,325.00,-6.17131086,106.34650232
131_CIKANDE_RAMP_B_ON_R045,CIKANDE,RAMP,B,ON,330.00,-6.17127531,106.34653002
131_CIKANDE_RAMP_B_ON_R045,CIKANDE,RAMP,B,ON,335.00,-6.17123976,106.34655772
131_CIKANDE_RAMP_B_ON_R045,CIKANDE,RAMP,B,ON,340.00,-6.17120422,106.34658542
131_CIKANDE_RAMP_B_ON_R045,CIKANDE,RAMP,B,ON,345.00,-6.17116956,106.34661406
131_CIKANDE_RAMP_B_ON_R045,CIKANDE,RAMP,B,ON,350.00,-6.17114026,106.34664836
131_CIKANDE_RAMP_B_ON_R045,CIKANDE,RAMP,B,ON,355.00,-6.17111094,106.34668266
131_CIKANDE_RAMP_B_ON_R045,CIKANDE,RAMP,B,ON,360.00,-6.17108163,106.34671696
131_CIKANDE_RAMP_B_ON_R045,CIKANDE,RAMP,B,ON,365.00,-6.17105761,106.34675499
131_CIKANDE_RAMP_B_ON_R045,CIKANDE,RAMP,B,ON,370.00,-6.17103548,106.34679436
131_CIKANDE_RAMP_B_ON_R045,CIKANDE,RAMP,B,ON,375.00,-6.17101335,106.34683374
131_CIKANDE_RAMP_B_ON_R045,CIKANDE,RAMP,B,ON,380.00,-6.17099200,106.34687342
131_CIKANDE_RAMP_B_ON_R045,CIKANDE,RAMP,B,ON,385.00,-6.17098074,106.34691721
131_CIKANDE_RAMP_B_ON_R045,CIKANDE,RAMP,B,ON,390.00,-6.17096947,106.34696100
131_CIKANDE_RAMP_B_ON_R045,CIKANDE,RAMP,B,ON,395.00,-6.17095821,106.34700478
131_CIKANDE_RAMP_B_ON_R045,CIKANDE,RAMP,B,ON,400.00,-6.17094712,106.34704859
131_CIKANDE_RAMP_B_ON_R045,CIKANDE,RAMP,B,ON,405.00,-6.17094860,106.34709379
131_CIKANDE_RAMP_B_ON_R045,CIKANDE,RAMP,B,ON,410.00,-6.17095009,106.34713900
131_CIKANDE_RAMP_B_ON_R045,CIKANDE,RAMP,B,ON,415.00,-6.17095157,106.34718420
131_CIKANDE_RAMP_B_ON_R045,CIKANDE,RAMP,B,ON,420.00,-6.17095644,106.34722886
131_CIKANDE_RAMP_B_ON_R045,CIKANDE,RAMP,B,ON,425.00,-6.17096893,106.34727231
131_CIKANDE_RAMP_B_ON_R045,CIKANDE,RAMP,B,ON,430.00,-6.17098142,106.34731576
131_CIKANDE_RAMP_B_ON_R045,CIKANDE,RAMP,B,ON,435.00,-6.17099391,106.34735921
131_CIKANDE_RAMP_B_ON_R045,CIKANDE,RAMP,B,ON,440.00,-6.17100641,106.34740266
131_CIKANDE_RAMP_B_ON_R045,CIKANDE,RAMP,B,ON,445.00,-6.17102869,106.34744169
131_CIKANDE_RAMP_B_ON_R045,CIKANDE,RAMP,B,ON,450.00,-6.17105262,106.34747998
131_CIKANDE_RAMP_B_ON_R045,CIKANDE,RAMP,B,ON,455.00,-6.17107656,106.34751827
131_CIKANDE_RAMP_B_ON_R045,CIKANDE,RAMP,B,ON,460.00,-6.17110192,106.34755546
131_CIKANDE_RAMP_B_ON_R045,CIKANDE,RAMP,B,ON,465.00,-6.17113235,106.34758876
131_CIKANDE_RAMP_B_ON_R045,CIKANDE,RAMP,B,ON,470.00,-6.17116570,106.34761883
131_CIKANDE_RAMP_B_ON_R045,CIKANDE,RAMP,B,ON,475.00,-6.17120146,106.34764626
131_CIKANDE_RAMP_B_ON_R045,CIKANDE,RAMP,B,ON,480.00,-6.17123722,106.34767368
131_CIKANDE_RAMP_B_ON_R045,CIKANDE,RAMP,B,ON,485.00,-6.17127560,106.34769698
131_CIKANDE_RAMP_B_ON_R045,CIKANDE,RAMP,B,ON,490.00,-6.17131535,106.34771812
131_CIKANDE_RAMP_B_ON_R045,CIKANDE,RAMP,B,ON,495.00,-6.17135614,106.34773682
131_CIKANDE_RAMP_B_ON_R045,CIKANDE,RAMP,B,ON,500.00,-6.17139876,106.34775123
131_CIKANDE_RAMP_B_ON_R045,CIKANDE,RAMP,B,ON,505.00,-6.17144139,106.34776564
131_CIKANDE_RAMP_B_ON_R045,CIKANDE,RAMP,B,ON,510.00,-6.17148415,106.34777953
131_CIKANDE_RAMP_B_ON_R045,CIKANDE,RAMP,B,ON,515.00,-6.17152818,106.34778871
131_CIKANDE_RAMP_B_ON_R045,CIKANDE,RAMP,B,ON,520.00,-6.17157221,106.34779790
131_CIKANDE_RAMP_B_ON_R045,CIKANDE,RAMP,B,ON,525.00,-6.17161653,106.34780410
131_CIKANDE_RAMP_B_ON_R045,CIKANDE,RAMP,B,ON,530.00,-6.17166150,106.34780380
131_CIKANDE_RAMP_B_ON_R045,CIKANDE,RAMP,B,ON,535.00,-6.17170646,106.34780350
131_CIKANDE_RAMP_B_ON_R045,CIKANDE,RAMP,B,ON,540.00,-6.17175141,106.34780228
131_CIKANDE_RAMP_B_ON_R045,CIKANDE,RAMP,B,ON,545.00,-6.17179634,106.34780062
131_CIKANDE_RAMP_B_ON_R045,CIKANDE,RAMP,B,ON,550.00,-6.17184128,106.34779896
131_CIKANDE_RAMP_B_ON_R045,CIKANDE,RAMP,B,ON,555.00,-6.17188621,106.34779732
131_CIKANDE_RAMP_B_ON_R045,CIKANDE,RAMP,B,ON,560.00,-6.17193111,106.34779491
131_CIKANDE_RAMP_B_ON_R045,CIKANDE,RAMP,B,ON,565.00,-6.17197596,106.34779168
131_CIKANDE_RAMP_B_ON_R045,CIKANDE,RAMP,B,ON,570.00,-6.17202081,106.34778846
131_CIKANDE_RAMP_B_ON_R045,CIKANDE,RAMP,B,ON,575.00,-6.17206566,106.34778523
131_CIKANDE_RAMP_B_ON_R045,CIKANDE,RAMP,B,ON,580.00,-6.17211052,106.34778200
131_CIKANDE_RAMP_B_ON_R045,CIKANDE,RAMP,B,ON,585.00,-6.17215536,106.34777866
131_CIKANDE_RAMP_B_ON_R045,CIKANDE,RAMP,B,ON,590.00,-6.17220019,106.34777515
131_CIKANDE_RAMP_B_ON_R045,CIKANDE,RAMP,B,ON,595.00,-6.17224502,106.34777165
131_CIKANDE_RAMP_B_ON_R045,CIKANDE,RAMP,B,ON,600.00,-6.17228985,106.34776814
131_CIKANDE_RAMP_B_ON_R045,CIKANDE,RAMP,B,ON,605.00,-6.17233473,106.34776939
131_CIKANDE_RAMP_B_ON_R045,CIKANDE,RAMP,B,ON,610.00,-6.17237963,106.34777192
131_CIKANDE_RAMP_B_ON_R045,CIKANDE,RAMP,B,ON,615.00,-6.17242441,106.34777553
131_CIKANDE_RAMP_B_ON_R045,CIKANDE,RAMP,B,ON,620.00,-6.17246888,106.34778228
131_CIKANDE_RAMP_B_ON_R045,CIKANDE,RAMP,B,ON,625.00,-6.17251334,106.34778903
131_CIKANDE_RAMP_B_ON_R045,CIKANDE,RAMP,B,ON,630.00,-6.17255708,106.34779942
131_CIKANDE_RAMP_B_ON_R045,CIKANDE,RAMP,B,ON,635.00,-6.17260073,106.34781028
131_CIKANDE_RAMP_B_ON_R045,CIKANDE,RAMP,B,ON,640.00,-6.17264310,106.34782499
131_CIKANDE_RAMP_B_ON_R045,CIKANDE,RAMP,B,ON,645.00,-6.17268439,106.34784289
131_CIKANDE_RAMP_B_ON_R045,CIKANDE,RAMP,B,ON,650.00,-6.17272525,106.34786153
131_CIKANDE_RAMP_B_ON_R045,CIKANDE,RAMP,B,ON,655.00,-6.17276088,106.34788912
131_CIKANDE_RAMP_B_ON_R045,CIKANDE,RAMP,B,ON,660.00,-6.17279651,106.34791671
131_CIKANDE_RAMP_B_ON_R045,CIKANDE,RAMP,B,ON,665.00,-6.17283166,106.34794491
131_CIKANDE_RAMP_B_ON_R045,CIKANDE,RAMP,B,ON,670.00,-6.17286658,106.34797341
131_CIKANDE_RAMP_B_ON_R045,CIKANDE,RAMP,B,ON,675.00,-6.17290149,106.34800191
131_CIKANDE_RAMP_B_ON_R045,CIKANDE,RAMP,B,ON,680.00,-6.17293147,106.34803550
131_CIKANDE_RAMP_B_ON_R045,CIKANDE,RAMP,B,ON,685.00,-6.17296062,106.34806994
131_CIKANDE_RAMP_B_ON_R045,CIKANDE,RAMP,B,ON,690.00,-6.17298931,106.34810475
131_CIKANDE_RAMP_B_ON_R045,CIKANDE,RAMP,B,ON,695.00,-6.17301673,106.34814059
131_CIKANDE_RAMP_B_ON_R045,CIKANDE,RAMP,B,ON,700.00,-6.17304416,106.34817643
131_CIKANDE_RAMP_B_ON_R045,CIKANDE,RAMP,B,ON,705.00,-6.17307207,106.34821189
131_CIKANDE_RAMP_B_ON_R045,CIKANDE,RAMP,B,ON,710.00,-6.17309984,106.34824744
131_CIKANDE_RAMP_B_ON_R045,CIKANDE,RAMP,B,ON,715.00,-6.17312514,106.34828483
131_CIKANDE_RAMP_B_ON_R045,CIKANDE,RAMP,B,ON,720.00,-6.17315044,106.34832223
131_CIKANDE_RAMP_B_ON_R045,CIKANDE,RAMP,B,ON,725.00,-6.17317803,106.34835786
131_CIKANDE_RAMP_B_ON_R045,CIKANDE,RAMP,B,ON,730.00,-6.17320709,106.34839238
131_CIKANDE_RAMP_B_ON_R045,CIKANDE,RAMP,B,ON,735.00,-6.17323614,106.34842690
131_CIKANDE_RAMP_B_ON_R045,CIKANDE,RAMP,B,ON,740.00,-6.17326539,106.34846125
131_CIKANDE_RAMP_B_ON_R045,CIKANDE,RAMP,B,ON,745.00,-6.17329474,106.34849552
131_CIKANDE_RAMP_B_ON_R045,CIKANDE,RAMP,B,ON,750.00,-6.17332425,106.34852963
131_CIKANDE_RAMP_B_ON_R045,CIKANDE,RAMP,B,ON,755.00,-6.17335564,106.34856202
131_CIKANDE_RAMP_B_ON_R045,CIKANDE,RAMP,B,ON,760.00,-6.17338703,106.34859441
131_CIKANDE_RAMP_B_ON_R045,CIKANDE,RAMP,B,ON,765.00,-6.17341857,106.34862664
131_CIKANDE_RAMP_B_ON_R045,CIKANDE,RAMP,B,ON,770.00,-6.17345083,106.34865815
131_CIKANDE_RAMP_B_ON_R045,CIKANDE,RAMP,B,ON,773.53,-6.17347360,106.34868040
14_CIUJUNG_RAMP_A_OFF_R046,CIUJUNG,RAMP,A,OFF,0.00,-6.14370870,106.28919070
14_CIUJUNG_RAMP_A_OFF_R046,CIUJUNG,RAMP,A,OFF,5.00,-6.14372887,106.28915187
14_CIUJUNG_RAMP_A_OFF_R046,CIUJUNG,RAMP,A,OFF,10.00,-6.14372237,106.28910712
14_CIUJUNG_RAMP_A_OFF_R046,CIUJUNG,RAMP,A,OFF,15.00,-6.14371588,106.28906237
14_CIUJUNG_RAMP_A_OFF_R046,CIUJUNG,RAMP,A,OFF,20.00,-6.14370938,106.28901762
14_CIUJUNG_RAMP_A_OFF_R046,CIUJUNG,RAMP,A,OFF,25.00,-6.14370289,106.28897287
14_CIUJUNG_RAMP_A_OFF_R046,CIUJUNG,RAMP,A,OFF,30.00,-6.14369640,106.28892812
14_CIUJUNG_RAMP_A_OFF_R046,CIUJUNG,RAMP,A,OFF,35.00,-6.14368990,106.28888336
14_CIUJUNG_RAMP_A_OFF_R046,CIUJUNG,RAMP,A,OFF,40.00,-6.14368341,106.28883861
14_CIUJUNG_RAMP_A_OFF_R046,CIUJUNG,RAMP,A,OFF,45.00,-6.14367691,106.28879386
14_CIUJUNG_RAMP_A_OFF_R046,CIUJUNG,RAMP,A,OFF,50.00,-6.14367077,106.28874906
14_CIUJUNG_RAMP_A_OFF_R046,CIUJUNG,RAMP,A,OFF,55.00,-6.14366495,106.28870421
14_CIUJUNG_RAMP_A_OFF_R046,CIUJUNG,RAMP,A,OFF,60.00,-6.14366096,106.28865917
14_CIUJUNG_RAMP_A_OFF_R046,CIUJUNG,RAMP,A,OFF,65.00,-6.14365698,106.28861412
14_CIUJUNG_RAMP_A_OFF_R046,CIUJUNG,RAMP,A,OFF,70.00,-6.14365300,106.28856907
14_CIUJUNG_RAMP_A_OFF_R046,CIUJUNG,RAMP,A,OFF,75.00,-6.14364902,106.28852402
14_CIUJUNG_RAMP_A_OFF_R046,CIUJUNG,RAMP,A,OFF,80.00,-6.14364504,106.28847897
14_CIUJUNG_RAMP_A_OFF_R046,CIUJUNG,RAMP,A,OFF,85.00,-6.14364106,106.28843393
14_CIUJUNG_RAMP_A_OFF_R046,CIUJUNG,RAMP,A,OFF,90.00,-6.14363708,106.28838888
14_CIUJUNG_RAMP_A_OFF_R046,CIUJUNG,RAMP,A,OFF,95.00,-6.14363310,106.28834383
14_CIUJUNG_RAMP_A_OFF_R046,CIUJUNG,RAMP,A,OFF,100.00,-6.14362912,106.28829878
14_CIUJUNG_RAMP_A_OFF_R046,CIUJUNG,RAMP,A,OFF,105.00,-6.14362514,106.28825373
14_CIUJUNG_RAMP_A_OFF_R046,CIUJUNG,RAMP,A,OFF,110.00,-6.14362116,106.28820868
14_CIUJUNG_RAMP_A_OFF_R046,CIUJUNG,RAMP,A,OFF,115.00,-6.14361718,106.28816364
14_CIUJUNG_RAMP_A_OFF_R046,CIUJUNG,RAMP,A,OFF,120.00,-6.14361699,106.28811854
14_CIUJUNG_RAMP_A_OFF_R046,CIUJUNG,RAMP,A,OFF,125.00,-6.14361987,106.28807341
14_CIUJUNG_RAMP_A_OFF_R046,CIUJUNG,RAMP,A,OFF,130.00,-6.14362379,106.28802837
14_CIUJUNG_RAMP_A_OFF_R046,CIUJUNG,RAMP,A,OFF,135.00,-6.14362875,106.28798342
14_CIUJUNG_RAMP_A_OFF_R046,CIUJUNG,RAMP,A,OFF,140.00,-6.14363370,106.28793846
14_CIUJUNG_RAMP_A_OFF_R046,CIUJUNG,RAMP,A,OFF,145.00,-6.14363865,106.28789351
14_CIUJUNG_RAMP_A_OFF_R046,CIUJUNG,RAMP,A,OFF,150.00,-6.14364384,106.28784860
14_CIUJUNG_RAMP_A_OFF_R046,CIUJUNG,RAMP,A,OFF,155.00,-6.14365278,106.28780428
14_CIUJUNG_RAMP_A_OFF_R046,CIUJUNG,RAMP,A,OFF,160.00,-6.14366171,106.28775995
14_CIUJUNG_RAMP_A_OFF_R046,CIUJUNG,RAMP,A,OFF,165.00,-6.14367443,106.28771675
14_CIUJUNG_RAMP_A_OFF_R046,CIUJUNG,RAMP,A,OFF,170.00,-6.14369079,106.28767462
14_CIUJUNG_RAMP_A_OFF_R046,CIUJUNG,RAMP,A,OFF,175.00,-6.14370715,106.28763250
14_CIUJUNG_RAMP_A_OFF_R046,CIUJUNG,RAMP,A,OFF,180.00,-6.14372360,106.28759040
14_CIUJUNG_RAMP_A_OFF_R046,CIUJUNG,RAMP,A,OFF,185.00,-6.14374005,106.28754831
14_CIUJUNG_RAMP_A_OFF_R046,CIUJUNG,RAMP,A,OFF,190.00,-6.14375649,106.28750622
14_CIUJUNG_RAMP_A_OFF_R046,CIUJUNG,RAMP,A,OFF,195.00,-6.14377334,106.28746433
14_CIUJUNG_RAMP_A_OFF_R046,CIUJUNG,RAMP,A,OFF,200.00,-6.14379611,106.28742533
14_CIUJUNG_RAMP_A_OFF_R046,CIUJUNG,RAMP,A,OFF,205.00,-6.14381888,106.28738632
14_CIUJUNG_RAMP_A_OFF_R046,CIUJUNG,RAMP,A,OFF,210.00,-6.14384561,106.28735000
14_CIUJUNG_RAMP_A_OFF_R046,CIUJUNG,RAMP,A,OFF,215.00,-6.14387261,106.28731384
14_CIUJUNG_RAMP_A_OFF_R046,CIUJUNG,RAMP,A,OFF,220.00,-6.14389907,106.28727727
14_CIUJUNG_RAMP_A_OFF_R046,CIUJUNG,RAMP,A,OFF,225.00,-6.14392554,106.28724071
14_CIUJUNG_RAMP_A_OFF_R046,CIUJUNG,RAMP,A,OFF,230.00,-6.14395200,106.28720414
14_CIUJUNG_RAMP_A_OFF_R046,CIUJUNG,RAMP,A,OFF,235.00,-6.14397846,106.28716758
14_CIUJUNG_RAMP_A_OFF_R046,CIUJUNG,RAMP,A,OFF,240.00,-6.14401119,106.28713659
14_CIUJUNG_RAMP_A_OFF_R046,CIUJUNG,RAMP,A,OFF,245.00,-6.14404406,106.28710574
14_CIUJUNG_RAMP_A_OFF_R046,CIUJUNG,RAMP,A,OFF,250.00,-6.14407694,106.28707488
14_CIUJUNG_RAMP_A_OFF_R046,CIUJUNG,RAMP,A,OFF,255.00,-6.14410741,106.28704164
14_CIUJUNG_RAMP_A_OFF_R046,CIUJUNG,RAMP,A,OFF,260.00,-6.14413768,106.28700819
14_CIUJUNG_RAMP_A_OFF_R046,CIUJUNG,RAMP,A,OFF,265.00,-6.14416795,106.28697475
14_CIUJUNG_RAMP_A_OFF_R046,CIUJUNG,RAMP,A,OFF,270.00,-6.14419821,106.28694130
14_CIUJUNG_RAMP_A_OFF_R046,CIUJUNG,RAMP,A,OFF,275.00,-6.14422823,106.28690764
14_CIUJUNG_RAMP_A_OFF_R046,CIUJUNG,RAMP,A,OFF,280.00,-6.14425632,106.28687232
14_CIUJUNG_RAMP_A_OFF_R046,CIUJUNG,RAMP,A,OFF,285.00,-6.14428440,106.28683700
14_CIUJUNG_RAMP_A_OFF_R046,CIUJUNG,RAMP,A,OFF,290.00,-6.14431249,106.28680168
14_CIUJUNG_RAMP_A_OFF_R046,CIUJUNG,RAMP,A,OFF,295.00,-6.14434057,106.28676636
14_CIUJUNG_RAMP_A_OFF_R046,CIUJUNG,RAMP,A,OFF,300.00,-6.14436344,106.28672773
14_CIUJUNG_RAMP_A_OFF_R046,CIUJUNG,RAMP,A,OFF,305.00,-6.14438314,106.28668707
14_CIUJUNG_RAMP_A_OFF_R046,CIUJUNG,RAMP,A,OFF,310.00,-6.14440283,106.28664641
14_CIUJUNG_RAMP_A_OFF_R046,CIUJUNG,RAMP,A,OFF,315.00,-6.14442252,106.28660575
14_CIUJUNG_RAMP_A_OFF_R046,CIUJUNG,RAMP,A,OFF,320.00,-6.14444222,106.28656510
14_CIUJUNG_RAMP_A_OFF_R046,CIUJUNG,RAMP,A,OFF,325.00,-6.14445276,106.28652116
14_CIUJUNG_RAMP_A_OFF_R046,CIUJUNG,RAMP,A,OFF,330.00,-6.14446307,106.28647714
14_CIUJUNG_RAMP_A_OFF_R046,CIUJUNG,RAMP,A,OFF,335.00,-6.14447338,106.28643312
14_CIUJUNG_RAMP_A_OFF_R046,CIUJUNG,RAMP,A,OFF,340.00,-6.14447658,106.28638806
14_CIUJUNG_RAMP_A_OFF_R046,CIUJUNG,RAMP,A,OFF,345.00,-6.14447909,106.28634291
14_CIUJUNG_RAMP_A_OFF_R046,CIUJUNG,RAMP,A,OFF,350.00,-6.14448159,106.28629775
14_CIUJUNG_RAMP_A_OFF_R046,CIUJUNG,RAMP,A,OFF,355.00,-6.14447718,106.28625295
14_CIUJUNG_RAMP_A_OFF_R046,CIUJUNG,RAMP,A,OFF,360.00,-6.14447005,106.28620830
14_CIUJUNG_RAMP_A_OFF_R046,CIUJUNG,RAMP,A,OFF,365.00,-6.14446292,106.28616365
14_CIUJUNG_RAMP_A_OFF_R046,CIUJUNG,RAMP,A,OFF,370.00,-6.14445111,106.28612018
14_CIUJUNG_RAMP_A_OFF_R046,CIUJUNG,RAMP,A,OFF,375.00,-6.14443625,106.28607750
14_CIUJUNG_RAMP_A_OFF_R046,CIUJUNG,RAMP,A,OFF,380.00,-6.14442139,106.28603482
14_CIUJUNG_RAMP_A_OFF_R046,CIUJUNG,RAMP,A,OFF,385.00,-6.14439966,106.28599528
14_CIUJUNG_RAMP_A_OFF_R046,CIUJUNG,RAMP,A,OFF,390.00,-6.14437734,106.28595602
14_CIUJUNG_RAMP_A_OFF_R046,CIUJUNG,RAMP,A,OFF,395.00,-6.14435502,106.28591676
14_CIUJUNG_RAMP_A_OFF_R046,CIUJUNG,RAMP,A,OFF,400.00,-6.14433270,106.28587750
14_CIUJUNG_RAMP_A_OFF_R046,CIUJUNG,RAMP,A,OFF,405.00,-6.14430636,106.28584122
14_CIUJUNG_RAMP_A_OFF_R046,CIUJUNG,RAMP,A,OFF,410.00,-6.14427568,106.28580815
14_CIUJUNG_RAMP_A_OFF_R046,CIUJUNG,RAMP,A,OFF,415.00,-6.14424500,106.28577509
14_CIUJUNG_RAMP_A_OFF_R046,CIUJUNG,RAMP,A,OFF,420.00,-6.14421141,106.28574530
14_CIUJUNG_RAMP_A_OFF_R046,CIUJUNG,RAMP,A,OFF,425.00,-6.14417536,106.28571827
14_CIUJUNG_RAMP_A_OFF_R046,CIUJUNG,RAMP,A,OFF,430.00,-6.14413881,106.28569195
14_CIUJUNG_RAMP_A_OFF_R046,CIUJUNG,RAMP,A,OFF,435.00,-6.14410142,106.28566682
14_CIUJUNG_RAMP_A_OFF_R046,CIUJUNG,RAMP,A,OFF,440.00,-6.14406311,106.28564337
14_CIUJUNG_RAMP_A_OFF_R046,CIUJUNG,RAMP,A,OFF,445.00,-6.14402208,106.28562488
14_CIUJUNG_RAMP_A_OFF_R046,CIUJUNG,RAMP,A,OFF,450.00,-6.14398085,106.28560693
14_CIUJUNG_RAMP_A_OFF_R046,CIUJUNG,RAMP,A,OFF,455.00,-6.14393746,106.28559506
14_CIUJUNG_RAMP_A_OFF_R046,CIUJUNG,RAMP,A,OFF,460.00,-6.14389373,106.28558453
14_CIUJUNG_RAMP_A_OFF_R046,CIUJUNG,RAMP,A,OFF,465.00,-6.14384995,106.28557423
14_CIUJUNG_RAMP_A_OFF_R046,CIUJUNG,RAMP,A,OFF,470.00,-6.14380617,106.28556392
14_CIUJUNG_RAMP_A_OFF_R046,CIUJUNG,RAMP,A,OFF,475.00,-6.14376219,106.28555469
14_CIUJUNG_RAMP_A_OFF_R046,CIUJUNG,RAMP,A,OFF,480.00,-6.14371764,106.28554853
14_CIUJUNG_RAMP_A_OFF_R046,CIUJUNG,RAMP,A,OFF,485.00,-6.14367309,106.28554236
14_CIUJUNG_RAMP_A_OFF_R046,CIUJUNG,RAMP,A,OFF,490.00,-6.14362848,106.28553711
14_CIUJUNG_RAMP_A_OFF_R046,CIUJUNG,RAMP,A,OFF,495.00,-6.14358352,106.28553658
14_CIUJUNG_RAMP_A_OFF_R046,CIUJUNG,RAMP,A,OFF,500.00,-6.14353855,106.28553604
14_CIUJUNG_RAMP_A_OFF_R046,CIUJUNG,RAMP,A,OFF,505.00,-6.14349359,106.28553551
14_CIUJUNG_RAMP_A_OFF_R046,CIUJUNG,RAMP,A,OFF,510.00,-6.14344863,106.28553497
14_CIUJUNG_RAMP_A_OFF_R046,CIUJUNG,RAMP,A,OFF,515.00,-6.14340366,106.28553514
14_CIUJUNG_RAMP_A_OFF_R046,CIUJUNG,RAMP,A,OFF,520.00,-6.14335870,106.28553543
14_CIUJUNG_RAMP_A_OFF_R046,CIUJUNG,RAMP,A,OFF,525.00,-6.14331373,106.28553573
14_CIUJUNG_RAMP_A_OFF_R046,CIUJUNG,RAMP,A,OFF,530.00,-6.14326877,106.28553603
14_CIUJUNG_RAMP_A_OFF_R046,CIUJUNG,RAMP,A,OFF,535.00,-6.14322380,106.28553629
14_CIUJUNG_RAMP_A_OFF_R046,CIUJUNG,RAMP,A,OFF,540.00,-6.14317884,106.28553617
14_CIUJUNG_RAMP_A_OFF_R046,CIUJUNG,RAMP,A,OFF,545.00,-6.14313387,106.28553601
14_CIUJUNG_RAMP_A_OFF_R046,CIUJUNG,RAMP,A,OFF,550.00,-6.14308893,106.28553465
14_CIUJUNG_RAMP_A_OFF_R046,CIUJUNG,RAMP,A,OFF,555.00,-6.14304398,106.28553326
14_CIUJUNG_RAMP_A_OFF_R046,CIUJUNG,RAMP,A,OFF,560.00,-6.14299904,106.28553187
14_CIUJUNG_RAMP_A_OFF_R046,CIUJUNG,RAMP,A,OFF,565.00,-6.14295409,106.28553047
14_CIUJUNG_RAMP_A_OFF_R046,CIUJUNG,RAMP,A,OFF,570.00,-6.14290915,106.28552908
14_CIUJUNG_RAMP_A_OFF_R046,CIUJUNG,RAMP,A,OFF,575.00,-6.14286420,106.28552827
14_CIUJUNG_RAMP_A_OFF_R046,CIUJUNG,RAMP,A,OFF,580.00,-6.14281923,106.28552884
14_CIUJUNG_RAMP_A_OFF_R046,CIUJUNG,RAMP,A,OFF,585.00,-6.14277428,106.28552980
14_CIUJUNG_RAMP_A_OFF_R046,CIUJUNG,RAMP,A,OFF,590.00,-6.14272944,106.28553315
14_CIUJUNG_RAMP_A_OFF_R046,CIUJUNG,RAMP,A,OFF,595.00,-6.14268495,106.28553962
14_CIUJUNG_RAMP_A_OFF_R046,CIUJUNG,RAMP,A,OFF,600.00,-6.14264087,106.28554844
14_CIUJUNG_RAMP_A_OFF_R046,CIUJUNG,RAMP,A,OFF,605.00,-6.14259701,106.28555838
14_CIUJUNG_RAMP_A_OFF_R046,CIUJUNG,RAMP,A,OFF,610.00,-6.14255336,106.28556926
14_CIUJUNG_RAMP_A_OFF_R046,CIUJUNG,RAMP,A,OFF,615.00,-6.14250973,106.28558019
14_CIUJUNG_RAMP_A_OFF_R046,CIUJUNG,RAMP,A,OFF,620.00,-6.14246644,106.28559243
14_CIUJUNG_RAMP_A_OFF_R046,CIUJUNG,RAMP,A,OFF,625.00,-6.14242364,106.28560609
14_CIUJUNG_RAMP_A_OFF_R046,CIUJUNG,RAMP,A,OFF,630.00,-6.14238203,106.28562325
14_CIUJUNG_RAMP_A_OFF_R046,CIUJUNG,RAMP,A,OFF,635.00,-6.14234070,106.28564106
14_CIUJUNG_RAMP_A_OFF_R046,CIUJUNG,RAMP,A,OFF,640.00,-6.14229952,106.28565921
14_CIUJUNG_RAMP_A_OFF_R046,CIUJUNG,RAMP,A,OFF,645.00,-6.14225881,106.28567843
14_CIUJUNG_RAMP_A_OFF_R046,CIUJUNG,RAMP,A,OFF,650.00,-6.14221985,106.28570085
14_CIUJUNG_RAMP_A_OFF_R046,CIUJUNG,RAMP,A,OFF,655.00,-6.14218181,106.28572497
14_CIUJUNG_RAMP_A_OFF_R046,CIUJUNG,RAMP,A,OFF,660.00,-6.14214389,106.28574927
14_CIUJUNG_RAMP_A_OFF_R046,CIUJUNG,RAMP,A,OFF,665.00,-6.14210771,106.28577607
14_CIUJUNG_RAMP_A_OFF_R046,CIUJUNG,RAMP,A,OFF,670.00,-6.14207217,106.28580376
14_CIUJUNG_RAMP_A_OFF_R046,CIUJUNG,RAMP,A,OFF,675.00,-6.14203950,106.28583484
14_CIUJUNG_RAMP_A_OFF_R046,CIUJUNG,RAMP,A,OFF,680.00,-6.14200643,106.28586548
14_CIUJUNG_RAMP_A_OFF_R046,CIUJUNG,RAMP,A,OFF,685.00,-6.14197324,106.28589599
14_CIUJUNG_RAMP_A_OFF_R046,CIUJUNG,RAMP,A,OFF,690.00,-6.14194005,106.28592650
14_CIUJUNG_RAMP_A_OFF_R046,CIUJUNG,RAMP,A,OFF,695.00,-6.14190692,106.28595708
14_CIUJUNG_RAMP_A_OFF_R046,CIUJUNG,RAMP,A,OFF,700.00,-6.14187389,106.28598777
14_CIUJUNG_RAMP_A_OFF_R046,CIUJUNG,RAMP,A,OFF,705.00,-6.14184086,106.28601846
14_CIUJUNG_RAMP_A_OFF_R046,CIUJUNG,RAMP,A,OFF,710.00,-6.14180783,106.28604915
14_CIUJUNG_RAMP_A_OFF_R046,CIUJUNG,RAMP,A,OFF,715.00,-6.14177553,106.28608061
14_CIUJUNG_RAMP_A_OFF_R046,CIUJUNG,RAMP,A,OFF,720.00,-6.14174342,106.28611227
14_CIUJUNG_RAMP_A_OFF_R046,CIUJUNG,RAMP,A,OFF,725.00,-6.14171131,106.28614393
14_CIUJUNG_RAMP_A_OFF_R046,CIUJUNG,RAMP,A,OFF,727.57,-6.14169480,106.28616020
14_CIUJUNG_RAMP_B_OFF_R047,CIUJUNG,RAMP,B,OFF,0.00,-6.14331070,106.28253670
14_CIUJUNG_RAMP_B_OFF_R047,CIUJUNG,RAMP,B,OFF,5.00,-6.14330724,106.28258179
14_CIUJUNG_RAMP_B_OFF_R047,CIUJUNG,RAMP,B,OFF,10.00,-6.14330378,106.28262688
14_CIUJUNG_RAMP_B_OFF_R047,CIUJUNG,RAMP,B,OFF,15.00,-6.14330031,106.28267197
14_CIUJUNG_RAMP_B_OFF_R047,CIUJUNG,RAMP,B,OFF,20.00,-6.14329685,106.28271707
14_CIUJUNG_RAMP_B_OFF_R047,CIUJUNG,RAMP,B,OFF,25.00,-6.14329339,106.28276216
14_CIUJUNG_RAMP_B_OFF_R047,CIUJUNG,RAMP,B,OFF,30.00,-6.14328993,106.28280725
14_CIUJUNG_RAMP_B_OFF_R047,CIUJUNG,RAMP,B,OFF,35.00,-6.14328646,106.28285234
14_CIUJUNG_RAMP_B_OFF_R047,CIUJUNG,RAMP,B,OFF,40.00,-6.14328300,106.28289743
14_CIUJUNG_RAMP_B_OFF_R047,CIUJUNG,RAMP,B,OFF,45.00,-6.14327954,106.28294252
14_CIUJUNG_RAMP_B_OFF_R047,CIUJUNG,RAMP,B,OFF,50.00,-6.14327608,106.28298762
14_CIUJUNG_RAMP_B_OFF_R047,CIUJUNG,RAMP,B,OFF,55.00,-6.14327261,106.28303271
14_CIUJUNG_RAMP_B_OFF_R047,CIUJUNG,RAMP,B,OFF,60.00,-6.14325319,106.28307221
14_CIUJUNG_RAMP_B_OFF_R047,CIUJUNG,RAMP,B,OFF,65.00,-6.14322806,106.28310971
14_CIUJUNG_RAMP_B_OFF_R047,CIUJUNG,RAMP,B,OFF,70.00,-6.14320315,106.28314735
14_CIUJUNG_RAMP_B_OFF_R047,CIUJUNG,RAMP,B,OFF,75.00,-6.14318433,106.28318821
14_CIUJUNG_RAMP_B_OFF_R047,CIUJUNG,RAMP,B,OFF,80.00,-6.14317352,106.28323211
14_CIUJUNG_RAMP_B_OFF_R047,CIUJUNG,RAMP,B,OFF,85.00,-6.14316790,106.28327691
14_CIUJUNG_RAMP_B_OFF_R047,CIUJUNG,RAMP,B,OFF,90.00,-6.14316347,106.28332192
14_CIUJUNG_RAMP_B_OFF_R047,CIUJUNG,RAMP,B,OFF,95.00,-6.14315904,106.28336693
14_CIUJUNG_RAMP_B_OFF_R047,CIUJUNG,RAMP,B,OFF,100.00,-6.14315461,106.28341193
14_CIUJUNG_RAMP_B_OFF_R047,CIUJUNG,RAMP,B,OFF,105.00,-6.14315018,106.28345694
14_CIUJUNG_RAMP_B_OFF_R047,CIUJUNG,RAMP,B,OFF,110.00,-6.14314575,106.28350194
14_CIUJUNG_RAMP_B_OFF_R047,CIUJUNG,RAMP,B,OFF,115.00,-6.14314132,106.28354695
14_CIUJUNG_RAMP_B_OFF_R047,CIUJUNG,RAMP,B,OFF,120.00,-6.14313608,106.28359186
14_CIUJUNG_RAMP_B_OFF_R047,CIUJUNG,RAMP,B,OFF,125.00,-6.14313058,106.28363675
14_CIUJUNG_RAMP_B_OFF_R047,CIUJUNG,RAMP,B,OFF,130.00,-6.14312508,106.28368164
14_CIUJUNG_RAMP_B_OFF_R047,CIUJUNG,RAMP,B,OFF,135.00,-6.14311957,106.28372652
14_CIUJUNG_RAMP_B_OFF_R047,CIUJUNG,RAMP,B,OFF,140.00,-6.14311407,106.28377141
14_CIUJUNG_RAMP_B_OFF_R047,CIUJUNG,RAMP,B,OFF,145.00,-6.14310856,106.28381629
14_CIUJUNG_RAMP_B_OFF_R047,CIUJUNG,RAMP,B,OFF,150.00,-6.14310306,106.28386118
14_CIUJUNG_RAMP_B_OFF_R047,CIUJUNG,RAMP,B,OFF,155.00,-6.14309756,106.28390606
14_CIUJUNG_RAMP_B_OFF_R047,CIUJUNG,RAMP,B,OFF,160.00,-6.14309205,106.28395095
14_CIUJUNG_RAMP_B_OFF_R047,CIUJUNG,RAMP,B,OFF,165.00,-6.14308236,106.28399498
14_CIUJUNG_RAMP_B_OFF_R047,CIUJUNG,RAMP,B,OFF,170.00,-6.14306999,106.28403846
14_CIUJUNG_RAMP_B_OFF_R047,CIUJUNG,RAMP,B,OFF,175.00,-6.14305761,106.28408194
14_CIUJUNG_RAMP_B_OFF_R047,CIUJUNG,RAMP,B,OFF,180.00,-6.14304524,106.28412542
14_CIUJUNG_RAMP_B_OFF_R047,CIUJUNG,RAMP,B,OFF,185.00,-6.14303286,106.28416890
14_CIUJUNG_RAMP_B_OFF_R047,CIUJUNG,RAMP,B,OFF,190.00,-6.14301959,106.28421207
14_CIUJUNG_RAMP_B_OFF_R047,CIUJUNG,RAMP,B,OFF,195.00,-6.14300295,106.28425408
14_CIUJUNG_RAMP_B_OFF_R047,CIUJUNG,RAMP,B,OFF,200.00,-6.14298631,106.28429610
14_CIUJUNG_RAMP_B_OFF_R047,CIUJUNG,RAMP,B,OFF,205.00,-6.14296967,106.28433811
14_CIUJUNG_RAMP_B_OFF_R047,CIUJUNG,RAMP,B,OFF,210.00,-6.14294911,106.28437825
14_CIUJUNG_RAMP_B_OFF_R047,CIUJUNG,RAMP,B,OFF,215.00,-6.14292711,106.28441769
14_CIUJUNG_RAMP_B_OFF_R047,CIUJUNG,RAMP,B,OFF,220.00,-6.14290508,106.28445712
14_CIUJUNG_RAMP_B_OFF_R047,CIUJUNG,RAMP,B,OFF,225.00,-6.14288300,106.28449651
14_CIUJUNG_RAMP_B_OFF_R047,CIUJUNG,RAMP,B,OFF,230.00,-6.14285605,106.28453271
14_CIUJUNG_RAMP_B_OFF_R047,CIUJUNG,RAMP,B,OFF,235.00,-6.14282916,106.28456896
14_CIUJUNG_RAMP_B_OFF_R047,CIUJUNG,RAMP,B,OFF,240.00,-6.14280230,106.28460523
14_CIUJUNG_RAMP_B_OFF_R047,CIUJUNG,RAMP,B,OFF,245.00,-6.14277543,106.28464149
14_CIUJUNG_RAMP_B_OFF_R047,CIUJUNG,RAMP,B,OFF,250.00,-6.14274856,106.28467776
14_CIUJUNG_RAMP_B_OFF_R047,CIUJUNG,RAMP,B,OFF,255.00,-6.14272170,106.28471403
14_CIUJUNG_RAMP_B_OFF_R047,CIUJUNG,RAMP,B,OFF,260.00,-6.14269483,106.28475029
14_CIUJUNG_RAMP_B_OFF_R047,CIUJUNG,RAMP,B,OFF,265.00,-6.14266796,106.28478656
14_CIUJUNG_RAMP_B_OFF_R047,CIUJUNG,RAMP,B,OFF,270.00,-6.14264109,106.28482282
14_CIUJUNG_RAMP_B_OFF_R047,CIUJUNG,RAMP,B,OFF,275.00,-6.14261423,106.28485909
14_CIUJUNG_RAMP_B_OFF_R047,CIUJUNG,RAMP,B,OFF,280.00,-6.14258736,106.28489535
14_CIUJUNG_RAMP_B_OFF_R047,CIUJUNG,RAMP,B,OFF,285.00,-6.14256020,106.28493139
14_CIUJUNG_RAMP_B_OFF_R047,CIUJUNG,RAMP,B,OFF,290.00,-6.14253294,106.28496736
14_CIUJUNG_RAMP_B_OFF_R047,CIUJUNG,RAMP,B,OFF,295.00,-6.14250569,106.28500334
14_CIUJUNG_RAMP_B_OFF_R047,CIUJUNG,RAMP,B,OFF,300.00,-6.14247844,106.28503931
14_CIUJUNG_RAMP_B_OFF_R047,CIUJUNG,RAMP,B,OFF,305.00,-6.14245118,106.28507528
14_CIUJUNG_RAMP_B_OFF_R047,CIUJUNG,RAMP,B,OFF,310.00,-6.14242393,106.28511125
14_CIUJUNG_RAMP_B_OFF_R047,CIUJUNG,RAMP,B,OFF,315.00,-6.14239667,106.28514722
14_CIUJUNG_RAMP_B_OFF_R047,CIUJUNG,RAMP,B,OFF,320.00,-6.14236942,106.28518320
14_CIUJUNG_RAMP_B_OFF_R047,CIUJUNG,RAMP,B,OFF,325.00,-6.14234217,106.28521917
14_CIUJUNG_RAMP_B_OFF_R047,CIUJUNG,RAMP,B,OFF,330.00,-6.14231491,106.28525514
14_CIUJUNG_RAMP_B_OFF_R047,CIUJUNG,RAMP,B,OFF,335.00,-6.14228766,106.28529111
14_CIUJUNG_RAMP_B_OFF_R047,CIUJUNG,RAMP,B,OFF,340.00,-6.14226041,106.28532709
14_CIUJUNG_RAMP_B_OFF_R047,CIUJUNG,RAMP,B,OFF,345.00,-6.14223315,106.28536306
14_CIUJUNG_RAMP_B_OFF_R047,CIUJUNG,RAMP,B,OFF,350.00,-6.14220590,106.28539903
14_CIUJUNG_RAMP_B_OFF_R047,CIUJUNG,RAMP,B,OFF,355.00,-6.14217865,106.28543500
14_CIUJUNG_RAMP_B_OFF_R047,CIUJUNG,RAMP,B,OFF,360.00,-6.14215139,106.28547098
14_CIUJUNG_RAMP_B_OFF_R047,CIUJUNG,RAMP,B,OFF,365.00,-6.14212414,106.28550695
14_CIUJUNG_RAMP_B_OFF_R047,CIUJUNG,RAMP,B,OFF,370.00,-6.14209688,106.28554292
14_CIUJUNG_RAMP_B_OFF_R047,CIUJUNG,RAMP,B,OFF,375.00,-6.14206962,106.28557888
14_CIUJUNG_RAMP_B_OFF_R047,CIUJUNG,RAMP,B,OFF,380.00,-6.14204236,106.28561485
14_CIUJUNG_RAMP_B_OFF_R047,CIUJUNG,RAMP,B,OFF,385.00,-6.14201510,106.28565082
14_CIUJUNG_RAMP_B_OFF_R047,CIUJUNG,RAMP,B,OFF,390.00,-6.14198784,106.28568678
14_CIUJUNG_RAMP_B_OFF_R047,CIUJUNG,RAMP,B,OFF,395.00,-6.14196058,106.28572275
14_CIUJUNG_RAMP_B_OFF_R047,CIUJUNG,RAMP,B,OFF,400.00,-6.14193333,106.28575873
14_CIUJUNG_RAMP_B_OFF_R047,CIUJUNG,RAMP,B,OFF,405.00,-6.14190615,106.28579475
14_CIUJUNG_RAMP_B_OFF_R047,CIUJUNG,RAMP,B,OFF,410.00,-6.14187896,106.28583078
14_CIUJUNG_RAMP_B_OFF_R047,CIUJUNG,RAMP,B,OFF,415.00,-6.14185178,106.28586680
14_CIUJUNG_RAMP_B_OFF_R047,CIUJUNG,RAMP,B,OFF,420.00,-6.14182459,106.28590283
14_CIUJUNG_RAMP_B_OFF_R047,CIUJUNG,RAMP,B,OFF,425.00,-6.14179741,106.28593885
14_CIUJUNG_RAMP_B_OFF_R047,CIUJUNG,RAMP,B,OFF,430.00,-6.14177265,106.28597657
14_CIUJUNG_RAMP_B_OFF_R047,CIUJUNG,RAMP,B,OFF,435.00,-6.14175088,106.28601609
14_CIUJUNG_RAMP_B_OFF_R047,CIUJUNG,RAMP,B,OFF,440.00,-6.14173051,106.28605640
14_CIUJUNG_RAMP_B_OFF_R047,CIUJUNG,RAMP,B,OFF,445.00,-6.14171013,106.28609672
14_CIUJUNG_RAMP_B_OFF_R047,CIUJUNG,RAMP,B,OFF,450.00,-6.14168976,106.28613704
14_CIUJUNG_RAMP_B_OFF_R047,CIUJUNG,RAMP,B,OFF,451.90,-6.14168200,106.28615240
14_CIUJUNG_GATE_PLAZA_EXIT_R048,CIUJUNG,GATE,PLAZA,EXIT,0.00,-6.14169510,106.28615990
14_CIUJUNG_GATE_PLAZA_EXIT_R048,CIUJUNG,GATE,PLAZA,EXIT,5.00,-6.14166298,106.28619155
14_CIUJUNG_GATE_PLAZA_EXIT_R048,CIUJUNG,GATE,PLAZA,EXIT,10.00,-6.14162992,106.28622221
14_CIUJUNG_GATE_PLAZA_EXIT_R048,CIUJUNG,GATE,PLAZA,EXIT,15.00,-6.14159682,106.28625282
14_CIUJUNG_GATE_PLAZA_EXIT_R048,CIUJUNG,GATE,PLAZA,EXIT,20.00,-6.14156372,106.28628342
14_CIUJUNG_GATE_PLAZA_EXIT_R048,CIUJUNG,GATE,PLAZA,EXIT,25.00,-6.14153062,106.28631403
14_CIUJUNG_GATE_PLAZA_EXIT_R048,CIUJUNG,GATE,PLAZA,EXIT,30.00,-6.14149751,106.28634464
14_CIUJUNG_GATE_PLAZA_EXIT_R048,CIUJUNG,GATE,PLAZA,EXIT,35.00,-6.14146348,106.28637419
14_CIUJUNG_GATE_PLAZA_EXIT_R048,CIUJUNG,GATE,PLAZA,EXIT,40.00,-6.14142911,106.28640335
14_CIUJUNG_GATE_PLAZA_EXIT_R048,CIUJUNG,GATE,PLAZA,EXIT,45.00,-6.14139474,106.28643251
14_CIUJUNG_GATE_PLAZA_EXIT_R048,CIUJUNG,GATE,PLAZA,EXIT,50.00,-6.14136037,106.28646167
14_CIUJUNG_GATE_PLAZA_EXIT_R048,CIUJUNG,GATE,PLAZA,EXIT,55.00,-6.14132654,106.28649143
14_CIUJUNG_GATE_PLAZA_EXIT_R048,CIUJUNG,GATE,PLAZA,EXIT,60.00,-6.14129483,106.28652349
14_CIUJUNG_GATE_PLAZA_EXIT_R048,CIUJUNG,GATE,PLAZA,EXIT,65.00,-6.14126312,106.28655556
14_CIUJUNG_GATE_PLAZA_EXIT_R048,CIUJUNG,GATE,PLAZA,EXIT,70.00,-6.14123141,106.28658762
14_CIUJUNG_GATE_PLAZA_EXIT_R048,CIUJUNG,GATE,PLAZA,EXIT,75.00,-6.14119873,106.28661857
14_CIUJUNG_GATE_PLAZA_EXIT_R048,CIUJUNG,GATE,PLAZA,EXIT,80.00,-6.14116273,106.28664566
14_CIUJUNG_GATE_PLAZA_EXIT_R048,CIUJUNG,GATE,PLAZA,EXIT,85.00,-6.14112672,106.28667275
14_CIUJUNG_GATE_PLAZA_EXIT_R048,CIUJUNG,GATE,PLAZA,EXIT,90.00,-6.14109072,106.28669984
14_CIUJUNG_GATE_PLAZA_EXIT_R048,CIUJUNG,GATE,PLAZA,EXIT,95.00,-6.14105471,106.28672694
14_CIUJUNG_GATE_PLAZA_EXIT_R048,CIUJUNG,GATE,PLAZA,EXIT,100.00,-6.14101871,106.28675403
14_CIUJUNG_GATE_PLAZA_EXIT_R048,CIUJUNG,GATE,PLAZA,EXIT,105.00,-6.14098270,106.28678112
14_CIUJUNG_GATE_PLAZA_EXIT_R048,CIUJUNG,GATE,PLAZA,EXIT,110.00,-6.14094670,106.28680821
14_CIUJUNG_GATE_PLAZA_EXIT_R048,CIUJUNG,GATE,PLAZA,EXIT,115.00,-6.14091069,106.28683530
14_CIUJUNG_GATE_PLAZA_EXIT_R048,CIUJUNG,GATE,PLAZA,EXIT,119.54,-6.14087800,106.28685990
14_CIUJUNG_GATE_A_ENTRANCE_R049,CIUJUNG,GATE,A,ENTRANCE,0.00,-6.14090520,106.28690350
14_CIUJUNG_GATE_A_ENTRANCE_R049,CIUJUNG,GATE,A,ENTRANCE,5.00,-6.14094513,106.28688271
14_CIUJUNG_GATE_A_ENTRANCE_R049,CIUJUNG,GATE,A,ENTRANCE,10.00,-6.14098507,106.28686193
14_CIUJUNG_GATE_A_ENTRANCE_R049,CIUJUNG,GATE,A,ENTRANCE,15.00,-6.14102501,106.28684115
14_CIUJUNG_GATE_A_ENTRANCE_R049,CIUJUNG,GATE,A,ENTRANCE,20.00,-6.14106495,106.28682037
14_CIUJUNG_GATE_A_ENTRANCE_R049,CIUJUNG,GATE,A,ENTRANCE,25.00,-6.14110488,106.28679959
14_CIUJUNG_GATE_A_ENTRANCE_R049,CIUJUNG,GATE,A,ENTRANCE,30.00,-6.14114482,106.28677881
14_CIUJUNG_GATE_A_ENTRANCE_R049,CIUJUNG,GATE,A,ENTRANCE,35.00,-6.14118476,106.28675802
14_CIUJUNG_GATE_A_ENTRANCE_R049,CIUJUNG,GATE,A,ENTRANCE,40.00,-6.14121727,106.28672697
14_CIUJUNG_GATE_A_ENTRANCE_R049,CIUJUNG,GATE,A,ENTRANCE,45.00,-6.14124924,106.28669516
14_CIUJUNG_GATE_A_ENTRANCE_R049,CIUJUNG,GATE,A,ENTRANCE,50.00,-6.14128120,106.28666336
14_CIUJUNG_GATE_A_ENTRANCE_R049,CIUJUNG,GATE,A,ENTRANCE,55.00,-6.14131317,106.28663155
14_CIUJUNG_GATE_A_ENTRANCE_R049,CIUJUNG,GATE,A,ENTRANCE,60.00,-6.14134513,106.28659974
14_CIUJUNG_GATE_A_ENTRANCE_R049,CIUJUNG,GATE,A,ENTRANCE,65.00,-6.14137710,106.28656793
14_CIUJUNG_GATE_A_ENTRANCE_R049,CIUJUNG,GATE,A,ENTRANCE,70.00,-6.14140994,106.28653706
14_CIUJUNG_GATE_A_ENTRANCE_R049,CIUJUNG,GATE,A,ENTRANCE,75.00,-6.14144347,106.28650692
14_CIUJUNG_GATE_A_ENTRANCE_R049,CIUJUNG,GATE,A,ENTRANCE,80.00,-6.14147699,106.28647678
14_CIUJUNG_GATE_A_ENTRANCE_R049,CIUJUNG,GATE,A,ENTRANCE,85.00,-6.14151051,106.28644663
14_CIUJUNG_GATE_A_ENTRANCE_R049,CIUJUNG,GATE,A,ENTRANCE,90.00,-6.14154403,106.28641649
14_CIUJUNG_GATE_A_ENTRANCE_R049,CIUJUNG,GATE,A,ENTRANCE,95.00,-6.14157755,106.28638635
14_CIUJUNG_GATE_A_ENTRANCE_R049,CIUJUNG,GATE,A,ENTRANCE,100.00,-6.14161107,106.28635620
14_CIUJUNG_GATE_A_ENTRANCE_R049,CIUJUNG,GATE,A,ENTRANCE,105.00,-6.14164460,106.28632606
14_CIUJUNG_GATE_A_ENTRANCE_R049,CIUJUNG,GATE,A,ENTRANCE,110.00,-6.14167795,106.28629573
14_CIUJUNG_GATE_A_ENTRANCE_R049,CIUJUNG,GATE,A,ENTRANCE,115.00,-6.14171101,106.28626508
14_CIUJUNG_GATE_A_ENTRANCE_R049,CIUJUNG,GATE,A,ENTRANCE,120.00,-6.14174408,106.28623443
14_CIUJUNG_GATE_A_ENTRANCE_R049,CIUJUNG,GATE,A,ENTRANCE,125.00,-6.14177714,106.28620378
14_CIUJUNG_GATE_A_ENTRANCE_R049,CIUJUNG,GATE,A,ENTRANCE,130.00,-6.14181020,106.28617312
14_CIUJUNG_GATE_A_ENTRANCE_R049,CIUJUNG,GATE,A,ENTRANCE,135.00,-6.14184327,106.28614247
14_CIUJUNG_GATE_A_ENTRANCE_R049,CIUJUNG,GATE,A,ENTRANCE,139.06,-6.14187010,106.28611760
14_CIUJUNG_ACCESS_EXIT_R050,CIUJUNG,ACCESS,-,EXIT,0.00,-6.14087800,106.28685990
14_CIUJUNG_ACCESS_EXIT_R050,CIUJUNG,ACCESS,-,EXIT,5.00,-6.14084198,106.28688697
14_CIUJUNG_ACCESS_EXIT_R050,CIUJUNG,ACCESS,-,EXIT,10.00,-6.14080524,106.28691303
14_CIUJUNG_ACCESS_EXIT_R050,CIUJUNG,ACCESS,-,EXIT,15.00,-6.14076826,106.28693877
14_CIUJUNG_ACCESS_EXIT_R050,CIUJUNG,ACCESS,-,EXIT,20.00,-6.14072939,106.28696128
14_CIUJUNG_ACCESS_EXIT_R050,CIUJUNG,ACCESS,-,EXIT,25.00,-6.14068861,106.28698029
14_CIUJUNG_ACCESS_EXIT_R050,CIUJUNG,ACCESS,-,EXIT,30.00,-6.14064702,106.28699737
14_CIUJUNG_ACCESS_EXIT_R050,CIUJUNG,ACCESS,-,EXIT,35.00,-6.14060310,106.28700680
14_CIUJUNG_ACCESS_EXIT_R050,CIUJUNG,ACCESS,-,EXIT,40.00,-6.14055876,106.28701436
14_CIUJUNG_ACCESS_EXIT_R050,CIUJUNG,ACCESS,-,EXIT,45.00,-6.14051443,106.28702192
14_CIUJUNG_ACCESS_EXIT_R050,CIUJUNG,ACCESS,-,EXIT,50.00,-6.14047010,106.28702948
14_CIUJUNG_ACCESS_EXIT_R050,CIUJUNG,ACCESS,-,EXIT,55.00,-6.14042568,106.28703625
14_CIUJUNG_ACCESS_EXIT_R050,CIUJUNG,ACCESS,-,EXIT,60.00,-6.14038093,106.28704062
14_CIUJUNG_ACCESS_EXIT_R050,CIUJUNG,ACCESS,-,EXIT,65.00,-6.14033617,106.28704500
14_CIUJUNG_ACCESS_EXIT_R050,CIUJUNG,ACCESS,-,EXIT,69.11,-6.14029940,106.28704860
14_CIUJUNG_ACCESS_A_ENTRANCE_R051,CIUJUNG,ACCESS,A,ENTRANCE,0.00,-6.14029940,106.28704860
14_CIUJUNG_ACCESS_A_ENTRANCE_R051,CIUJUNG,ACCESS,A,ENTRANCE,5.00,-6.14034415,106.28704422
14_CIUJUNG_ACCESS_A_ENTRANCE_R051,CIUJUNG,ACCESS,A,ENTRANCE,10.00,-6.14038891,106.28703984
14_CIUJUNG_ACCESS_A_ENTRANCE_R051,CIUJUNG,ACCESS,A,ENTRANCE,15.00,-6.14043366,106.28703546
14_CIUJUNG_ACCESS_A_ENTRANCE_R051,CIUJUNG,ACCESS,A,ENTRANCE,20.00,-6.14047800,106.28702814
14_CIUJUNG_ACCESS_A_ENTRANCE_R051,CIUJUNG,ACCESS,A,ENTRANCE,25.00,-6.14052234,106.28702058
14_CIUJUNG_ACCESS_A_ENTRANCE_R051,CIUJUNG,ACCESS,A,ENTRANCE,30.00,-6.14056667,106.28701301
14_CIUJUNG_ACCESS_A_ENTRANCE_R051,CIUJUNG,ACCESS,A,ENTRANCE,35.00,-6.14061100,106.28700545
14_CIUJUNG_ACCESS_A_ENTRANCE_R051,CIUJUNG,ACCESS,A,ENTRANCE,40.00,-6.14065460,106.28699482
14_CIUJUNG_ACCESS_A_ENTRANCE_R051,CIUJUNG,ACCESS,A,ENTRANCE,45.00,-6.14069599,106.28697714
14_CIUJUNG_ACCESS_A_ENTRANCE_R051,CIUJUNG,ACCESS,A,ENTRANCE,50.00,-6.14073656,106.28695768
14_CIUJUNG_ACCESS_A_ENTRANCE_R051,CIUJUNG,ACCESS,A,ENTRANCE,55.00,-6.14077921,106.28694494
14_CIUJUNG_ACCESS_A_ENTRANCE_R051,CIUJUNG,ACCESS,A,ENTRANCE,60.00,-6.14082355,106.28693740
14_CIUJUNG_ACCESS_A_ENTRANCE_R051,CIUJUNG,ACCESS,A,ENTRANCE,65.00,-6.14086592,106.28692396
14_CIUJUNG_ACCESS_A_ENTRANCE_R051,CIUJUNG,ACCESS,A,ENTRANCE,69.92,-6.14090520,106.28690350
14_CIUJUNG_ACCESS_B_ENTRANCE_R052,CIUJUNG,ACCESS,B,ENTRANCE,0.00,-6.14029940,106.28704860
14_CIUJUNG_ACCESS_B_ENTRANCE_R052,CIUJUNG,ACCESS,B,ENTRANCE,5.00,-6.14034415,106.28704422
14_CIUJUNG_ACCESS_B_ENTRANCE_R052,CIUJUNG,ACCESS,B,ENTRANCE,10.00,-6.14038891,106.28703984
14_CIUJUNG_ACCESS_B_ENTRANCE_R052,CIUJUNG,ACCESS,B,ENTRANCE,15.00,-6.14043366,106.28703546
14_CIUJUNG_ACCESS_B_ENTRANCE_R052,CIUJUNG,ACCESS,B,ENTRANCE,20.00,-6.14047800,106.28702814
14_CIUJUNG_ACCESS_B_ENTRANCE_R052,CIUJUNG,ACCESS,B,ENTRANCE,25.00,-6.14052234,106.28702058
14_CIUJUNG_ACCESS_B_ENTRANCE_R052,CIUJUNG,ACCESS,B,ENTRANCE,30.00,-6.14056667,106.28701301
14_CIUJUNG_ACCESS_B_ENTRANCE_R052,CIUJUNG,ACCESS,B,ENTRANCE,35.00,-6.14061100,106.28700545
14_CIUJUNG_ACCESS_B_ENTRANCE_R052,CIUJUNG,ACCESS,B,ENTRANCE,40.00,-6.14065331,106.28699889
14_CIUJUNG_ACCESS_B_ENTRANCE_R052,CIUJUNG,ACCESS,B,ENTRANCE,45.00,-6.14067690,106.28703740
14_CIUJUNG_ACCESS_B_ENTRANCE_R052,CIUJUNG,ACCESS,B,ENTRANCE,50.00,-6.14070048,106.28707591
14_CIUJUNG_ACCESS_B_ENTRANCE_R052,CIUJUNG,ACCESS,B,ENTRANCE,55.00,-6.14072407,106.28711441
14_CIUJUNG_ACCESS_B_ENTRANCE_R052,CIUJUNG,ACCESS,B,ENTRANCE,60.00,-6.14074765,106.28715292
14_CIUJUNG_ACCESS_B_ENTRANCE_R052,CIUJUNG,ACCESS,B,ENTRANCE,65.00,-6.14077123,106.28719142
14_CIUJUNG_ACCESS_B_ENTRANCE_R052,CIUJUNG,ACCESS,B,ENTRANCE,68.32,-6.14078690,106.28721700
14_CIUJUNG_GATE_B_ENTRANCE_R053,CIUJUNG,GATE,B,ENTRANCE,0.00,-6.14078690,106.28721700
14_CIUJUNG_GATE_B_ENTRANCE_R053,CIUJUNG,GATE,B,ENTRANCE,5.00,-6.14081049,106.28725550
14_CIUJUNG_GATE_B_ENTRANCE_R053,CIUJUNG,GATE,B,ENTRANCE,10.00,-6.14083408,106.28729401
14_CIUJUNG_GATE_B_ENTRANCE_R053,CIUJUNG,GATE,B,ENTRANCE,15.00,-6.14085767,106.28733251
14_CIUJUNG_GATE_B_ENTRANCE_R053,CIUJUNG,GATE,B,ENTRANCE,20.00,-6.14087825,106.28737269
14_CIUJUNG_GATE_B_ENTRANCE_R053,CIUJUNG,GATE,B,ENTRANCE,25.00,-6.14089935,106.28741261
14_CIUJUNG_GATE_B_ENTRANCE_R053,CIUJUNG,GATE,B,ENTRANCE,30.00,-6.14092138,106.28745204
14_CIUJUNG_GATE_B_ENTRANCE_R053,CIUJUNG,GATE,B,ENTRANCE,35.00,-6.14094341,106.28749146
14_CIUJUNG_GATE_B_ENTRANCE_R053,CIUJUNG,GATE,B,ENTRANCE,40.00,-6.14096544,106.28753089
14_CIUJUNG_GATE_B_ENTRANCE_R053,CIUJUNG,GATE,B,ENTRANCE,45.00,-6.14098747,106.28757032
14_CIUJUNG_GATE_B_ENTRANCE_R053,CIUJUNG,GATE,B,ENTRANCE,50.00,-6.14100949,106.28760974
14_CIUJUNG_GATE_B_ENTRANCE_R053,CIUJUNG,GATE,B,ENTRANCE,55.00,-6.14103151,106.28764918
14_CIUJUNG_GATE_B_ENTRANCE_R053,CIUJUNG,GATE,B,ENTRANCE,60.00,-6.14105352,106.28768862
14_CIUJUNG_GATE_B_ENTRANCE_R053,CIUJUNG,GATE,B,ENTRANCE,65.00,-6.14107553,106.28772805
14_CIUJUNG_GATE_B_ENTRANCE_R053,CIUJUNG,GATE,B,ENTRANCE,70.00,-6.14109754,106.28776749
14_CIUJUNG_GATE_B_ENTRANCE_R053,CIUJUNG,GATE,B,ENTRANCE,75.00,-6.14111957,106.28780691
14_CIUJUNG_GATE_B_ENTRANCE_R053,CIUJUNG,GATE,B,ENTRANCE,80.00,-6.14114161,106.28784634
14_CIUJUNG_GATE_B_ENTRANCE_R053,CIUJUNG,GATE,B,ENTRANCE,85.00,-6.14116365,106.28788576
14_CIUJUNG_GATE_B_ENTRANCE_R053,CIUJUNG,GATE,B,ENTRANCE,85.92,-6.14116770,106.28789300
14_CIUJUNG_RAMP_B_ON_R054,CIUJUNG,RAMP,B,ON,0.00,-6.14116770,106.28789300
14_CIUJUNG_RAMP_B_ON_R054,CIUJUNG,RAMP,B,ON,5.00,-6.14118974,106.28793242
14_CIUJUNG_RAMP_B_ON_R054,CIUJUNG,RAMP,B,ON,10.00,-6.14121179,106.28797184
14_CIUJUNG_RAMP_B_ON_R054,CIUJUNG,RAMP,B,ON,15.00,-6.14123383,106.28801125
14_CIUJUNG_RAMP_B_ON_R054,CIUJUNG,RAMP,B,ON,20.00,-6.14125769,106.28804959
14_CIUJUNG_RAMP_B_ON_R054,CIUJUNG,RAMP,B,ON,25.00,-6.14128166,106.28808785
14_CIUJUNG_RAMP_B_ON_R054,CIUJUNG,RAMP,B,ON,30.00,-6.14130564,106.28812611
14_CIUJUNG_RAMP_B_ON_R054,CIUJUNG,RAMP,B,ON,35.00,-6.14132966,106.28816434
14_CIUJUNG_RAMP_B_ON_R054,CIUJUNG,RAMP,B,ON,40.00,-6.14135369,106.28820257
14_CIUJUNG_RAMP_B_ON_R054,CIUJUNG,RAMP,B,ON,45.00,-6.14137772,106.28824079
14_CIUJUNG_RAMP_B_ON_R054,CIUJUNG,RAMP,B,ON,50.00,-6.14140174,106.28827902
14_CIUJUNG_RAMP_B_ON_R054,CIUJUNG,RAMP,B,ON,55.00,-6.14142569,106.28831730
14_CIUJUNG_RAMP_B_ON_R054,CIUJUNG,RAMP,B,ON,60.00,-6.14144964,106.28835558
14_CIUJUNG_RAMP_B_ON_R054,CIUJUNG,RAMP,B,ON,65.00,-6.14147359,106.28839385
14_CIUJUNG_RAMP_B_ON_R054,CIUJUNG,RAMP,B,ON,70.00,-6.14149755,106.28843213
14_CIUJUNG_RAMP_B_ON_R054,CIUJUNG,RAMP,B,ON,75.00,-6.14152154,106.28847038
14_CIUJUNG_RAMP_B_ON_R054,CIUJUNG,RAMP,B,ON,80.00,-6.14154553,106.28850863
14_CIUJUNG_RAMP_B_ON_R054,CIUJUNG,RAMP,B,ON,85.00,-6.14156952,106.28854688
14_CIUJUNG_RAMP_B_ON_R054,CIUJUNG,RAMP,B,ON,90.00,-6.14159351,106.28858513
14_CIUJUNG_RAMP_B_ON_R054,CIUJUNG,RAMP,B,ON,95.00,-6.14161750,106.28862338
14_CIUJUNG_RAMP_B_ON_R054,CIUJUNG,RAMP,B,ON,100.00,-6.14164150,106.28866163
14_CIUJUNG_RAMP_B_ON_R054,CIUJUNG,RAMP,B,ON,105.00,-6.14166549,106.28869988
14_CIUJUNG_RAMP_B_ON_R054,CIUJUNG,RAMP,B,ON,110.00,-6.14168948,106.28873813
14_CIUJUNG_RAMP_B_ON_R054,CIUJUNG,RAMP,B,ON,115.00,-6.14171347,106.28877638
14_CIUJUNG_RAMP_B_ON_R054,CIUJUNG,RAMP,B,ON,120.00,-6.14173746,106.28881463
14_CIUJUNG_RAMP_B_ON_R054,CIUJUNG,RAMP,B,ON,125.00,-6.14176146,106.28885288
14_CIUJUNG_RAMP_B_ON_R054,CIUJUNG,RAMP,B,ON,130.00,-6.14178545,106.28889113
14_CIUJUNG_RAMP_B_ON_R054,CIUJUNG,RAMP,B,ON,135.00,-6.14180961,106.28892927
14_CIUJUNG_RAMP_B_ON_R054,CIUJUNG,RAMP,B,ON,140.00,-6.14183412,106.28896719
14_CIUJUNG_RAMP_B_ON_R054,CIUJUNG,RAMP,B,ON,145.00,-6.14185864,106.28900510
14_CIUJUNG_RAMP_B_ON_R054,CIUJUNG,RAMP,B,ON,150.00,-6.14188315,106.28904302
14_CIUJUNG_RAMP_B_ON_R054,CIUJUNG,RAMP,B,ON,155.00,-6.14190766,106.28908093
14_CIUJUNG_RAMP_B_ON_R054,CIUJUNG,RAMP,B,ON,160.00,-6.14193218,106.28911884
14_CIUJUNG_RAMP_B_ON_R054,CIUJUNG,RAMP,B,ON,165.00,-6.14195669,106.28915676
14_CIUJUNG_RAMP_B_ON_R054,CIUJUNG,RAMP,B,ON,170.00,-6.14198121,106.28919467
14_CIUJUNG_RAMP_B_ON_R054,CIUJUNG,RAMP,B,ON,175.00,-6.14200572,106.28923258
14_CIUJUNG_RAMP_B_ON_R054,CIUJUNG,RAMP,B,ON,180.00,-6.14203024,106.28927050
14_CIUJUNG_RAMP_B_ON_R054,CIUJUNG,RAMP,B,ON,185.00,-6.14205475,106.28930841
14_CIUJUNG_RAMP_B_ON_R054,CIUJUNG,RAMP,B,ON,190.00,-6.14207926,106.28934633
14_CIUJUNG_RAMP_B_ON_R054,CIUJUNG,RAMP,B,ON,195.00,-6.14210378,106.28938424
14_CIUJUNG_RAMP_B_ON_R054,CIUJUNG,RAMP,B,ON,200.00,-6.14212830,106.28942215
14_CIUJUNG_RAMP_B_ON_R054,CIUJUNG,RAMP,B,ON,205.00,-6.14215282,106.28946006
14_CIUJUNG_RAMP_B_ON_R054,CIUJUNG,RAMP,B,ON,210.00,-6.14217733,106.28949798
14_CIUJUNG_RAMP_B_ON_R054,CIUJUNG,RAMP,B,ON,215.00,-6.14220183,106.28953590
14_CIUJUNG_RAMP_B_ON_R054,CIUJUNG,RAMP,B,ON,220.00,-6.14222633,106.28957382
14_CIUJUNG_RAMP_B_ON_R054,CIUJUNG,RAMP,B,ON,225.00,-6.14225083,106.28961174
14_CIUJUNG_RAMP_B_ON_R054,CIUJUNG,RAMP,B,ON,230.00,-6.14227534,106.28964966
14_CIUJUNG_RAMP_B_ON_R054,CIUJUNG,RAMP,B,ON,235.00,-6.14229989,106.28968755
14_CIUJUNG_RAMP_B_ON_R054,CIUJUNG,RAMP,B,ON,240.00,-6.14232447,106.28972542
14_CIUJUNG_RAMP_B_ON_R054,CIUJUNG,RAMP,B,ON,245.00,-6.14234904,106.28976330
14_CIUJUNG_RAMP_B_ON_R054,CIUJUNG,RAMP,B,ON,250.00,-6.14237362,106.28980117
14_CIUJUNG_RAMP_B_ON_R054,CIUJUNG,RAMP,B,ON,255.00,-6.14239820,106.28983904
14_CIUJUNG_RAMP_B_ON_R054,CIUJUNG,RAMP,B,ON,260.00,-6.14242278,106.28987691
14_CIUJUNG_RAMP_B_ON_R054,CIUJUNG,RAMP,B,ON,265.00,-6.14244736,106.28991478
14_CIUJUNG_RAMP_B_ON_R054,CIUJUNG,RAMP,B,ON,270.00,-6.14247194,106.28995265
14_CIUJUNG_RAMP_B_ON_R054,CIUJUNG,RAMP,B,ON,275.00,-6.14249652,106.28999052
14_CIUJUNG_RAMP_B_ON_R054,CIUJUNG,RAMP,B,ON,280.00,-6.14252110,106.29002840
14_CIUJUNG_RAMP_B_ON_R054,CIUJUNG,RAMP,B,ON,285.00,-6.14254568,106.29006627
14_CIUJUNG_RAMP_B_ON_R054,CIUJUNG,RAMP,B,ON,290.00,-6.14257026,106.29010414
14_CIUJUNG_RAMP_B_ON_R054,CIUJUNG,RAMP,B,ON,295.00,-6.14259484,106.29014201
14_CIUJUNG_RAMP_B_ON_R054,CIUJUNG,RAMP,B,ON,300.00,-6.14261942,106.29017988
14_CIUJUNG_RAMP_B_ON_R054,CIUJUNG,RAMP,B,ON,305.00,-6.14264399,106.29021775
14_CIUJUNG_RAMP_B_ON_R054,CIUJUNG,RAMP,B,ON,310.00,-6.14266857,106.29025562
14_CIUJUNG_RAMP_B_ON_R054,CIUJUNG,RAMP,B,ON,315.00,-6.14269315,106.29029349
14_CIUJUNG_RAMP_B_ON_R054,CIUJUNG,RAMP,B,ON,320.00,-6.14271773,106.29033137
14_CIUJUNG_RAMP_B_ON_R054,CIUJUNG,RAMP,B,ON,325.00,-6.14274231,106.29036924
14_CIUJUNG_RAMP_B_ON_R054,CIUJUNG,RAMP,B,ON,330.00,-6.14276689,106.29040711
14_CIUJUNG_RAMP_B_ON_R054,CIUJUNG,RAMP,B,ON,335.00,-6.14279147,106.29044498
14_CIUJUNG_RAMP_B_ON_R054,CIUJUNG,RAMP,B,ON,340.00,-6.14281605,106.29048285
14_CIUJUNG_RAMP_B_ON_R054,CIUJUNG,RAMP,B,ON,345.00,-6.14284063,106.29052072
14_CIUJUNG_RAMP_B_ON_R054,CIUJUNG,RAMP,B,ON,350.00,-6.14286521,106.29055859
14_CIUJUNG_RAMP_B_ON_R054,CIUJUNG,RAMP,B,ON,355.00,-6.14288979,106.29059646
14_CIUJUNG_RAMP_B_ON_R054,CIUJUNG,RAMP,B,ON,360.00,-6.14291437,106.29063434
14_CIUJUNG_RAMP_B_ON_R054,CIUJUNG,RAMP,B,ON,365.00,-6.14293894,106.29067221
14_CIUJUNG_RAMP_B_ON_R054,CIUJUNG,RAMP,B,ON,370.00,-6.14296352,106.29071008
14_CIUJUNG_RAMP_B_ON_R054,CIUJUNG,RAMP,B,ON,375.00,-6.14298810,106.29074795
14_CIUJUNG_RAMP_B_ON_R054,CIUJUNG,RAMP,B,ON,380.00,-6.14301268,106.29078582
14_CIUJUNG_RAMP_B_ON_R054,CIUJUNG,RAMP,B,ON,385.00,-6.14303731,106.29082366
14_CIUJUNG_RAMP_B_ON_R054,CIUJUNG,RAMP,B,ON,390.00,-6.14306208,106.29086141
14_CIUJUNG_RAMP_B_ON_R054,CIUJUNG,RAMP,B,ON,395.00,-6.14308684,106.29089915
14_CIUJUNG_RAMP_B_ON_R054,CIUJUNG,RAMP,B,ON,400.00,-6.14311161,106.29093690
14_CIUJUNG_RAMP_B_ON_R054,CIUJUNG,RAMP,B,ON,405.00,-6.14313638,106.29097465
14_CIUJUNG_RAMP_B_ON_R054,CIUJUNG,RAMP,B,ON,410.00,-6.14316115,106.29101240
14_CIUJUNG_RAMP_B_ON_R054,CIUJUNG,RAMP,B,ON,415.00,-6.14318592,106.29105014
14_CIUJUNG_RAMP_B_ON_R054,CIUJUNG,RAMP,B,ON,420.00,-6.14321068,106.29108789
14_CIUJUNG_RAMP_B_ON_R054,CIUJUNG,RAMP,B,ON,425.00,-6.14323545,106.29112564
14_CIUJUNG_RAMP_B_ON_R054,CIUJUNG,RAMP,B,ON,430.00,-6.14326023,106.29116338
14_CIUJUNG_RAMP_B_ON_R054,CIUJUNG,RAMP,B,ON,435.00,-6.14328501,106.29120112
14_CIUJUNG_RAMP_B_ON_R054,CIUJUNG,RAMP,B,ON,440.00,-6.14330978,106.29123886
14_CIUJUNG_RAMP_B_ON_R054,CIUJUNG,RAMP,B,ON,445.00,-6.14333456,106.29127660
14_CIUJUNG_RAMP_B_ON_R054,CIUJUNG,RAMP,B,ON,450.00,-6.14335934,106.29131434
14_CIUJUNG_RAMP_B_ON_R054,CIUJUNG,RAMP,B,ON,455.00,-6.14338412,106.29135208
14_CIUJUNG_RAMP_B_ON_R054,CIUJUNG,RAMP,B,ON,460.00,-6.14340890,106.29138982
14_CIUJUNG_RAMP_B_ON_R054,CIUJUNG,RAMP,B,ON,465.00,-6.14343368,106.29142756
14_CIUJUNG_RAMP_B_ON_R054,CIUJUNG,RAMP,B,ON,470.00,-6.14345845,106.29146530
14_CIUJUNG_RAMP_B_ON_R054,CIUJUNG,RAMP,B,ON,475.00,-6.14348322,106.29150304
14_CIUJUNG_RAMP_B_ON_R054,CIUJUNG,RAMP,B,ON,480.00,-6.14350799,106.29154079
14_CIUJUNG_RAMP_B_ON_R054,CIUJUNG,RAMP,B,ON,485.00,-6.14353275,106.29157854
14_CIUJUNG_RAMP_B_ON_R054,CIUJUNG,RAMP,B,ON,490.00,-6.14355753,106.29161628
14_CIUJUNG_RAMP_B_ON_R054,CIUJUNG,RAMP,B,ON,495.00,-6.14358231,106.29165402
14_CIUJUNG_RAMP_B_ON_R054,CIUJUNG,RAMP,B,ON,500.00,-6.14360709,106.29169175
14_CIUJUNG_RAMP_B_ON_R054,CIUJUNG,RAMP,B,ON,505.00,-6.14363188,106.29172949
14_CIUJUNG_RAMP_B_ON_R054,CIUJUNG,RAMP,B,ON,510.00,-6.14365666,106.29176723
14_CIUJUNG_RAMP_B_ON_R054,CIUJUNG,RAMP,B,ON,515.00,-6.14368144,106.29180497
14_CIUJUNG_RAMP_B_ON_R054,CIUJUNG,RAMP,B,ON,520.00,-6.14370622,106.29184271
14_CIUJUNG_RAMP_B_ON_R054,CIUJUNG,RAMP,B,ON,525.00,-6.14373100,106.29188044
14_CIUJUNG_RAMP_B_ON_R054,CIUJUNG,RAMP,B,ON,530.00,-6.14375578,106.29191818
14_CIUJUNG_RAMP_B_ON_R054,CIUJUNG,RAMP,B,ON,535.00,-6.14378056,106.29195592
14_CIUJUNG_RAMP_B_ON_R054,CIUJUNG,RAMP,B,ON,540.00,-6.14380535,106.29199366
14_CIUJUNG_RAMP_B_ON_R054,CIUJUNG,RAMP,B,ON,545.00,-6.14383013,106.29203139
14_CIUJUNG_RAMP_B_ON_R054,CIUJUNG,RAMP,B,ON,550.00,-6.14385491,106.29206913
14_CIUJUNG_RAMP_B_ON_R054,CIUJUNG,RAMP,B,ON,555.00,-6.14387969,106.29210687
14_CIUJUNG_RAMP_B_ON_R054,CIUJUNG,RAMP,B,ON,560.00,-6.14390447,106.29214461
14_CIUJUNG_RAMP_B_ON_R054,CIUJUNG,RAMP,B,ON,565.00,-6.14392925,106.29218235
14_CIUJUNG_RAMP_B_ON_R054,CIUJUNG,RAMP,B,ON,570.00,-6.14395403,106.29222008
14_CIUJUNG_RAMP_B_ON_R054,CIUJUNG,RAMP,B,ON,575.00,-6.14397882,106.29225782
14_CIUJUNG_RAMP_B_ON_R054,CIUJUNG,RAMP,B,ON,580.00,-6.14400360,106.29229556
14_CIUJUNG_RAMP_B_ON_R054,CIUJUNG,RAMP,B,ON,585.00,-6.14402838,106.29233330
14_CIUJUNG_RAMP_B_ON_R054,CIUJUNG,RAMP,B,ON,590.00,-6.14405316,106.29237103
14_CIUJUNG_RAMP_B_ON_R054,CIUJUNG,RAMP,B,ON,595.00,-6.14407794,106.29240877
14_CIUJUNG_RAMP_B_ON_R054,CIUJUNG,RAMP,B,ON,600.00,-6.14410272,106.29244651
14_CIUJUNG_RAMP_B_ON_R054,CIUJUNG,RAMP,B,ON,605.00,-6.14412750,106.29248425
14_CIUJUNG_RAMP_B_ON_R054,CIUJUNG,RAMP,B,ON,610.00,-6.14415229,106.29252199
14_CIUJUNG_RAMP_B_ON_R054,CIUJUNG,RAMP,B,ON,615.00,-6.14417707,106.29255972
14_CIUJUNG_RAMP_B_ON_R054,CIUJUNG,RAMP,B,ON,620.00,-6.14420185,106.29259746
14_CIUJUNG_RAMP_B_ON_R054,CIUJUNG,RAMP,B,ON,625.00,-6.14422663,106.29263520
14_CIUJUNG_RAMP_B_ON_R054,CIUJUNG,RAMP,B,ON,630.00,-6.14425141,106.29267294
14_CIUJUNG_RAMP_B_ON_R054,CIUJUNG,RAMP,B,ON,635.00,-6.14427619,106.29271067
14_CIUJUNG_RAMP_B_ON_R054,CIUJUNG,RAMP,B,ON,640.00,-6.14430098,106.29274841
14_CIUJUNG_RAMP_B_ON_R054,CIUJUNG,RAMP,B,ON,645.00,-6.14432576,106.29278615
14_CIUJUNG_RAMP_B_ON_R054,CIUJUNG,RAMP,B,ON,650.00,-6.14435054,106.29282389
14_CIUJUNG_RAMP_B_ON_R054,CIUJUNG,RAMP,B,ON,655.00,-6.14437532,106.29286163
14_CIUJUNG_RAMP_B_ON_R054,CIUJUNG,RAMP,B,ON,660.00,-6.14440007,106.29289939
14_CIUJUNG_RAMP_B_ON_R054,CIUJUNG,RAMP,B,ON,665.00,-6.14442475,106.29293719
14_CIUJUNG_RAMP_B_ON_R054,CIUJUNG,RAMP,B,ON,670.00,-6.14444944,106.29297499
14_CIUJUNG_RAMP_B_ON_R054,CIUJUNG,RAMP,B,ON,675.00,-6.14447413,106.29301279
14_CIUJUNG_RAMP_B_ON_R054,CIUJUNG,RAMP,B,ON,680.00,-6.14449882,106.29305059
14_CIUJUNG_RAMP_B_ON_R054,CIUJUNG,RAMP,B,ON,685.00,-6.14452351,106.29308839
14_CIUJUNG_RAMP_B_ON_R054,CIUJUNG,RAMP,B,ON,690.00,-6.14454819,106.29312619
14_CIUJUNG_RAMP_B_ON_R054,CIUJUNG,RAMP,B,ON,695.00,-6.14457288,106.29316399
14_CIUJUNG_RAMP_B_ON_R054,CIUJUNG,RAMP,B,ON,700.00,-6.14459757,106.29320179
14_CIUJUNG_RAMP_B_ON_R054,CIUJUNG,RAMP,B,ON,705.00,-6.14462226,106.29323959
14_CIUJUNG_RAMP_B_ON_R054,CIUJUNG,RAMP,B,ON,710.00,-6.14464694,106.29327739
14_CIUJUNG_RAMP_B_ON_R054,CIUJUNG,RAMP,B,ON,715.00,-6.14467174,106.29331511
14_CIUJUNG_RAMP_B_ON_R054,CIUJUNG,RAMP,B,ON,720.00,-6.14469659,106.29335280
14_CIUJUNG_RAMP_B_ON_R054,CIUJUNG,RAMP,B,ON,725.00,-6.14472144,106.29339050
14_CIUJUNG_RAMP_B_ON_R054,CIUJUNG,RAMP,B,ON,730.00,-6.14474629,106.29342819
14_CIUJUNG_RAMP_B_ON_R054,CIUJUNG,RAMP,B,ON,735.00,-6.14477114,106.29346588
14_CIUJUNG_RAMP_B_ON_R054,CIUJUNG,RAMP,B,ON,740.00,-6.14479599,106.29350358
14_CIUJUNG_RAMP_B_ON_R054,CIUJUNG,RAMP,B,ON,745.00,-6.14482084,106.29354127
14_CIUJUNG_RAMP_B_ON_R054,CIUJUNG,RAMP,B,ON,750.00,-6.14484569,106.29357896
14_CIUJUNG_RAMP_B_ON_R054,CIUJUNG,RAMP,B,ON,755.00,-6.14487054,106.29361665
14_CIUJUNG_RAMP_B_ON_R054,CIUJUNG,RAMP,B,ON,760.00,-6.14489538,106.29365435
14_CIUJUNG_RAMP_B_ON_R054,CIUJUNG,RAMP,B,ON,765.00,-6.14492023,106.29369204
14_CIUJUNG_RAMP_B_ON_R054,CIUJUNG,RAMP,B,ON,770.00,-6.14494508,106.29372973
14_CIUJUNG_RAMP_B_ON_R054,CIUJUNG,RAMP,B,ON,775.00,-6.14496993,106.29376743
14_CIUJUNG_RAMP_B_ON_R054,CIUJUNG,RAMP,B,ON,780.00,-6.14499478,106.29380512
14_CIUJUNG_RAMP_B_ON_R054,CIUJUNG,RAMP,B,ON,785.00,-6.14501963,106.29384281
14_CIUJUNG_RAMP_B_ON_R054,CIUJUNG,RAMP,B,ON,790.00,-6.14504448,106.29388051
14_CIUJUNG_RAMP_B_ON_R054,CIUJUNG,RAMP,B,ON,795.00,-6.14506933,106.29391820
14_CIUJUNG_RAMP_B_ON_R054,CIUJUNG,RAMP,B,ON,800.00,-6.14509417,106.29395589
14_CIUJUNG_RAMP_B_ON_R054,CIUJUNG,RAMP,B,ON,805.00,-6.14511902,106.29399359
14_CIUJUNG_RAMP_B_ON_R054,CIUJUNG,RAMP,B,ON,810.00,-6.14514387,106.29403128
14_CIUJUNG_RAMP_B_ON_R054,CIUJUNG,RAMP,B,ON,815.00,-6.14516872,106.29406897
14_CIUJUNG_RAMP_B_ON_R054,CIUJUNG,RAMP,B,ON,820.00,-6.14519357,106.29410666
14_CIUJUNG_RAMP_B_ON_R054,CIUJUNG,RAMP,B,ON,825.00,-6.14521842,106.29414436
14_CIUJUNG_RAMP_B_ON_R054,CIUJUNG,RAMP,B,ON,830.00,-6.14524327,106.29418205
14_CIUJUNG_RAMP_B_ON_R054,CIUJUNG,RAMP,B,ON,835.00,-6.14526812,106.29421974
14_CIUJUNG_RAMP_B_ON_R054,CIUJUNG,RAMP,B,ON,840.00,-6.14529297,106.29425744
14_CIUJUNG_RAMP_B_ON_R054,CIUJUNG,RAMP,B,ON,845.00,-6.14531781,106.29429513
14_CIUJUNG_RAMP_B_ON_R054,CIUJUNG,RAMP,B,ON,850.00,-6.14534266,106.29433282
14_CIUJUNG_RAMP_B_ON_R054,CIUJUNG,RAMP,B,ON,855.00,-6.14536751,106.29437052
14_CIUJUNG_RAMP_B_ON_R054,CIUJUNG,RAMP,B,ON,860.00,-6.14539236,106.29440821
14_CIUJUNG_RAMP_B_ON_R054,CIUJUNG,RAMP,B,ON,865.00,-6.14541721,106.29444590
14_CIUJUNG_RAMP_B_ON_R054,CIUJUNG,RAMP,B,ON,868.12,-6.14543270,106.29446940
14_CIUJUNG_RAMP_A_ON_R055,CIUJUNG,RAMP,A,ON,0.00,-6.14187010,106.28611760
14_CIUJUNG_RAMP_A_ON_R055,CIUJUNG,RAMP,A,ON,5.00,-6.14190317,106.28608695
14_CIUJUNG_RAMP_A_ON_R055,CIUJUNG,RAMP,A,ON,10.00,-6.14193720,106.28605742
14_CIUJUNG_RAMP_A_ON_R055,CIUJUNG,RAMP,A,ON,15.00,-6.14197188,106.28602863
14_CIUJUNG_RAMP_A_ON_R055,CIUJUNG,RAMP,A,ON,20.00,-6.14200656,106.28599984
14_CIUJUNG_RAMP_A_ON_R055,CIUJUNG,RAMP,A,ON,25.00,-6.14204124,106.28597106
14_CIUJUNG_RAMP_A_ON_R055,CIUJUNG,RAMP,A,ON,30.00,-6.14207592,106.28594227
14_CIUJUNG_RAMP_A_ON_R055,CIUJUNG,RAMP,A,ON,35.00,-6.14210973,106.28591247
14_CIUJUNG_RAMP_A_ON_R055,CIUJUNG,RAMP,A,ON,40.00,-6.14214289,106.28588193
14_CIUJUNG_RAMP_A_ON_R055,CIUJUNG,RAMP,A,ON,45.00,-6.14217705,106.28585252
14_CIUJUNG_RAMP_A_ON_R055,CIUJUNG,RAMP,A,ON,50.00,-6.14221149,106.28582345
14_CIUJUNG_RAMP_A_ON_R055,CIUJUNG,RAMP,A,ON,55.00,-6.14224750,106.28579637
14_CIUJUNG_RAMP_A_ON_R055,CIUJUNG,RAMP,A,ON,60.00,-6.14228499,106.28577144
14_CIUJUNG_RAMP_A_ON_R055,CIUJUNG,RAMP,A,ON,65.00,-6.14232280,106.28574696
14_CIUJUNG_RAMP_A_ON_R055,CIUJUNG,RAMP,A,ON,70.00,-6.14236225,106.28572531
14_CIUJUNG_RAMP_A_ON_R055,CIUJUNG,RAMP,A,ON,75.00,-6.14240267,106.28570550
14_CIUJUNG_RAMP_A_ON_R055,CIUJUNG,RAMP,A,ON,80.00,-6.14244341,106.28568639
14_CIUJUNG_RAMP_A_ON_R055,CIUJUNG,RAMP,A,ON,85.00,-6.14248484,106.28566880
14_CIUJUNG_RAMP_A_ON_R055,CIUJUNG,RAMP,A,ON,90.00,-6.14252692,106.28565296
14_CIUJUNG_RAMP_A_ON_R055,CIUJUNG,RAMP,A,ON,95.00,-6.14256962,106.28563879
14_CIUJUNG_RAMP_A_ON_R055,CIUJUNG,RAMP,A,ON,100.00,-6.14261253,106.28562531
14_CIUJUNG_RAMP_A_ON_R055,CIUJUNG,RAMP,A,ON,105.00,-6.14265582,106.28561307
14_CIUJUNG_RAMP_A_ON_R055,CIUJUNG,RAMP,A,ON,110.00,-6.14269965,106.28560322
14_CIUJUNG_RAMP_A_ON_R055,CIUJUNG,RAMP,A,ON,115.00,-6.14274412,106.28559694
14_CIUJUNG_RAMP_A_ON_R055,CIUJUNG,RAMP,A,ON,120.00,-6.14278901,106.28559437
14_CIUJUNG_RAMP_A_ON_R055,CIUJUNG,RAMP,A,ON,125.00,-6.14283394,106.28559254
14_CIUJUNG_RAMP_A_ON_R055,CIUJUNG,RAMP,A,ON,130.00,-6.14287887,106.28559087
14_CIUJUNG_RAMP_A_ON_R055,CIUJUNG,RAMP,A,ON,135.00,-6.14292381,106.28558943
14_CIUJUNG_RAMP_A_ON_R055,CIUJUNG,RAMP,A,ON,140.00,-6.14296878,106.28559013
14_CIUJUNG_RAMP_A_ON_R055,CIUJUNG,RAMP,A,ON,145.00,-6.14301374,106.28559083
14_CIUJUNG_RAMP_A_ON_R055,CIUJUNG,RAMP,A,ON,150.00,-6.14305870,106.28559154
14_CIUJUNG_RAMP_A_ON_R055,CIUJUNG,RAMP,A,ON,155.00,-6.14310363,106.28559318
14_CIUJUNG_RAMP_A_ON_R055,CIUJUNG,RAMP,A,ON,160.00,-6.14314855,106.28559424
14_CIUJUNG_RAMP_A_ON_R055,CIUJUNG,RAMP,A,ON,165.00,-6.14319351,106.28559325
14_CIUJUNG_RAMP_A_ON_R055,CIUJUNG,RAMP,A,ON,170.00,-6.14323847,106.28559294
14_CIUJUNG_RAMP_A_ON_R055,CIUJUNG,RAMP,A,ON,175.00,-6.14328343,106.28559354
14_CIUJUNG_RAMP_A_ON_R055,CIUJUNG,RAMP,A,ON,180.00,-6.14332839,106.28559415
14_CIUJUNG_RAMP_A_ON_R055,CIUJUNG,RAMP,A,ON,185.00,-6.14337335,106.28559477
14_CIUJUNG_RAMP_A_ON_R055,CIUJUNG,RAMP,A,ON,190.00,-6.14341831,106.28559583
14_CIUJUNG_RAMP_A_ON_R055,CIUJUNG,RAMP,A,ON,195.00,-6.14346325,106.28559728
14_CIUJUNG_RAMP_A_ON_R055,CIUJUNG,RAMP,A,ON,200.00,-6.14350818,106.28559917
14_CIUJUNG_RAMP_A_ON_R055,CIUJUNG,RAMP,A,ON,205.00,-6.14355310,106.28560106
14_CIUJUNG_RAMP_A_ON_R055,CIUJUNG,RAMP,A,ON,210.00,-6.14359803,106.28560295
14_CIUJUNG_RAMP_A_ON_R055,CIUJUNG,RAMP,A,ON,215.00,-6.14364296,106.28560484
14_CIUJUNG_RAMP_A_ON_R055,CIUJUNG,RAMP,A,ON,220.00,-6.14368788,106.28560673
14_CIUJUNG_RAMP_A_ON_R055,CIUJUNG,RAMP,A,ON,225.00,-6.14373281,106.28560861
14_CIUJUNG_RAMP_A_ON_R055,CIUJUNG,RAMP,A,ON,230.00,-6.14377774,106.28561050
14_CIUJUNG_RAMP_A_ON_R055,CIUJUNG,RAMP,A,ON,235.00,-6.14382245,106.28561472
14_CIUJUNG_RAMP_A_ON_R055,CIUJUNG,RAMP,A,ON,240.00,-6.14386668,106.28562271
14_CIUJUNG_RAMP_A_ON_R055,CIUJUNG,RAMP,A,ON,245.00,-6.14391001,106.28563470
14_CIUJUNG_RAMP_A_ON_R055,CIUJUNG,RAMP,A,ON,250.00,-6.14395229,106.28564997
14_CIUJUNG_RAMP_A_ON_R055,CIUJUNG,RAMP,A,ON,255.00,-6.14399392,106.28566691
14_CIUJUNG_RAMP_A_ON_R055,CIUJUNG,RAMP,A,ON,260.00,-6.14403394,106.28568754
14_CIUJUNG_RAMP_A_ON_R055,CIUJUNG,RAMP,A,ON,265.00,-6.14407382,106.28570843
14_CIUJUNG_RAMP_A_ON_R055,CIUJUNG,RAMP,A,ON,270.00,-6.14411238,106.28573155
14_CIUJUNG_RAMP_A_ON_R055,CIUJUNG,RAMP,A,ON,275.00,-6.14414949,106.28575709
14_CIUJUNG_RAMP_A_ON_R055,CIUJUNG,RAMP,A,ON,280.00,-6.14418459,106.28578533
14_CIUJUNG_RAMP_A_ON_R055,CIUJUNG,RAMP,A,ON,285.00,-6.14421731,106.28581632
14_CIUJUNG_RAMP_A_ON_R055,CIUJUNG,RAMP,A,ON,290.00,-6.14424907,106.28584833
14_CIUJUNG_RAMP_A_ON_R055,CIUJUNG,RAMP,A,ON,295.00,-6.14427953,106.28588143
14_CIUJUNG_RAMP_A_ON_R055,CIUJUNG,RAMP,A,ON,300.00,-6.14430506,106.28591866
14_CIUJUNG_RAMP_A_ON_R055,CIUJUNG,RAMP,A,ON,305.00,-6.14432913,106.28595684
14_CIUJUNG_RAMP_A_ON_R055,CIUJUNG,RAMP,A,ON,310.00,-6.14435106,106.28599631
14_CIUJUNG_RAMP_A_ON_R055,CIUJUNG,RAMP,A,ON,315.00,-6.14437019,106.28603720
14_CIUJUNG_RAMP_A_ON_R055,CIUJUNG,RAMP,A,ON,320.00,-6.14438655,106.28607931
14_CIUJUNG_RAMP_A_ON_R055,CIUJUNG,RAMP,A,ON,325.00,-6.14440110,106.28612210
14_CIUJUNG_RAMP_A_ON_R055,CIUJUNG,RAMP,A,ON,330.00,-6.14441391,106.28616539
14_CIUJUNG_RAMP_A_ON_R055,CIUJUNG,RAMP,A,ON,335.00,-6.14442328,106.28620962
14_CIUJUNG_RAMP_A_ON_R055,CIUJUNG,RAMP,A,ON,340.00,-6.14442847,106.28625447
14_CIUJUNG_RAMP_A_ON_R055,CIUJUNG,RAMP,A,ON,345.00,-6.14442923,106.28629969
14_CIUJUNG_RAMP_A_ON_R055,CIUJUNG,RAMP,A,ON,350.00,-6.14442903,106.28634487
14_CIUJUNG_RAMP_A_ON_R055,CIUJUNG,RAMP,A,ON,355.00,-6.14442530,106.28638994
14_CIUJUNG_RAMP_A_ON_R055,CIUJUNG,RAMP,A,ON,360.00,-6.14441920,106.28643472
14_CIUJUNG_RAMP_A_ON_R055,CIUJUNG,RAMP,A,ON,365.00,-6.14440866,106.28647868
14_CIUJUNG_RAMP_A_ON_R055,CIUJUNG,RAMP,A,ON,370.00,-6.14439517,106.28652176
14_CIUJUNG_RAMP_A_ON_R055,CIUJUNG,RAMP,A,ON,375.00,-6.14437723,106.28656315
14_CIUJUNG_RAMP_A_ON_R055,CIUJUNG,RAMP,A,ON,380.00,-6.14435502,106.28660236
14_CIUJUNG_RAMP_A_ON_R055,CIUJUNG,RAMP,A,ON,385.00,-6.14432970,106.28663973
14_CIUJUNG_RAMP_A_ON_R055,CIUJUNG,RAMP,A,ON,390.00,-6.14430238,106.28667565
14_CIUJUNG_RAMP_A_ON_R055,CIUJUNG,RAMP,A,ON,395.00,-6.14427256,106.28670947
14_CIUJUNG_RAMP_A_ON_R055,CIUJUNG,RAMP,A,ON,400.00,-6.14423921,106.28673962
14_CIUJUNG_RAMP_A_ON_R055,CIUJUNG,RAMP,A,ON,405.00,-6.14420219,106.28676514
14_CIUJUNG_RAMP_A_ON_R055,CIUJUNG,RAMP,A,ON,410.00,-6.14416268,106.28678670
14_CIUJUNG_RAMP_A_ON_R055,CIUJUNG,RAMP,A,ON,415.00,-6.14412085,106.28680316
14_CIUJUNG_RAMP_A_ON_R055,CIUJUNG,RAMP,A,ON,420.00,-6.14407759,106.28681490
14_CIUJUNG_RAMP_A_ON_R055,CIUJUNG,RAMP,A,ON,425.00,-6.14403336,106.28682303
14_CIUJUNG_RAMP_A_ON_R055,CIUJUNG,RAMP,A,ON,430.00,-6.14398890,106.28682933
14_CIUJUNG_RAMP_A_ON_R055,CIUJUNG,RAMP,A,ON,435.00,-6.14394399,106.28683026
14_CIUJUNG_RAMP_A_ON_R055,CIUJUNG,RAMP,A,ON,440.00,-6.14389929,106.28682644
14_CIUJUNG_RAMP_A_ON_R055,CIUJUNG,RAMP,A,ON,445.00,-6.14385543,106.28681670
14_CIUJUNG_RAMP_A_ON_R055,CIUJUNG,RAMP,A,ON,450.00,-6.14381265,106.28680303
14_CIUJUNG_RAMP_A_ON_R055,CIUJUNG,RAMP,A,ON,455.00,-6.14377223,106.28678337
14_CIUJUNG_RAMP_A_ON_R055,CIUJUNG,RAMP,A,ON,460.00,-6.14373365,106.28676025
14_CIUJUNG_RAMP_A_ON_R055,CIUJUNG,RAMP,A,ON,465.00,-6.14369719,106.28673378
14_CIUJUNG_RAMP_A_ON_R055,CIUJUNG,RAMP,A,ON,470.00,-6.14366297,106.28670465
14_CIUJUNG_RAMP_A_ON_R055,CIUJUNG,RAMP,A,ON,475.00,-6.14363132,106.28667255
14_CIUJUNG_RAMP_A_ON_R055,CIUJUNG,RAMP,A,ON,480.00,-6.14360208,106.28663819
14_CIUJUNG_RAMP_A_ON_R055,CIUJUNG,RAMP,A,ON,485.00,-6.14357436,106.28660258
14_CIUJUNG_RAMP_A_ON_R055,CIUJUNG,RAMP,A,ON,490.00,-6.14354941,106.28656502
14_CIUJUNG_RAMP_A_ON_R055,CIUJUNG,RAMP,A,ON,495.00,-6.14352918,106.28652477
14_CIUJUNG_RAMP_A_ON_R055,CIUJUNG,RAMP,A,ON,500.00,-6.14351178,106.28648307
14_CIUJUNG_RAMP_A_ON_R055,CIUJUNG,RAMP,A,ON,505.00,-6.14349550,106.28644092
14_CIUJUNG_RAMP_A_ON_R055,CIUJUNG,RAMP,A,ON,510.00,-6.14348136,106.28639800
14_CIUJUNG_RAMP_A_ON_R055,CIUJUNG,RAMP,A,ON,515.00,-6.14346769,106.28635491
14_CIUJUNG_RAMP_A_ON_R055,CIUJUNG,RAMP,A,ON,520.00,-6.14345726,106.28631094
14_CIUJUNG_RAMP_A_ON_R055,CIUJUNG,RAMP,A,ON,525.00,-6.14344730,106.28626684
14_CIUJUNG_RAMP_A_ON_R055,CIUJUNG,RAMP,A,ON,530.00,-6.14343733,106.28622274
14_CIUJUNG_RAMP_A_ON_R055,CIUJUNG,RAMP,A,ON,535.00,-6.14343040,106.28617814
14_CIUJUNG_RAMP_A_ON_R055,CIUJUNG,RAMP,A,ON,540.00,-6.14342602,106.28613313
14_CIUJUNG_RAMP_A_ON_R055,CIUJUNG,RAMP,A,ON,545.00,-6.14342163,106.28608812
14_CIUJUNG_RAMP_A_ON_R055,CIUJUNG,RAMP,A,ON,550.00,-6.14341724,106.28604311
14_CIUJUNG_RAMP_A_ON_R055,CIUJUNG,RAMP,A,ON,555.00,-6.14341285,106.28599810
14_CIUJUNG_RAMP_A_ON_R055,CIUJUNG,RAMP,A,ON,560.00,-6.14340846,106.28595309
14_CIUJUNG_RAMP_A_ON_R055,CIUJUNG,RAMP,A,ON,565.00,-6.14340407,106.28590808
14_CIUJUNG_RAMP_A_ON_R055,CIUJUNG,RAMP,A,ON,570.00,-6.14339968,106.28586307
14_CIUJUNG_RAMP_A_ON_R055,CIUJUNG,RAMP,A,ON,575.00,-6.14339529,106.28581806
14_CIUJUNG_RAMP_A_ON_R055,CIUJUNG,RAMP,A,ON,580.00,-6.14339090,106.28577305
14_CIUJUNG_RAMP_A_ON_R055,CIUJUNG,RAMP,A,ON,585.00,-6.14338651,106.28572804
14_CIUJUNG_RAMP_A_ON_R055,CIUJUNG,RAMP,A,ON,590.00,-6.14338212,106.28568303
14_CIUJUNG_RAMP_A_ON_R055,CIUJUNG,RAMP,A,ON,595.00,-6.14337839,106.28563797
14_CIUJUNG_RAMP_A_ON_R055,CIUJUNG,RAMP,A,ON,600.00,-6.14337573,106.28559282
14_CIUJUNG_RAMP_A_ON_R055,CIUJUNG,RAMP,A,ON,605.00,-6.14337307,106.28554768
14_CIUJUNG_RAMP_A_ON_R055,CIUJUNG,RAMP,A,ON,610.00,-6.14337042,106.28550253
14_CIUJUNG_RAMP_A_ON_R055,CIUJUNG,RAMP,A,ON,615.00,-6.14336777,106.28545738
14_CIUJUNG_RAMP_A_ON_R055,CIUJUNG,RAMP,A,ON,620.00,-6.14336611,106.28541219
14_CIUJUNG_RAMP_A_ON_R055,CIUJUNG,RAMP,A,ON,625.00,-6.14336445,106.28536699
14_CIUJUNG_RAMP_A_ON_R055,CIUJUNG,RAMP,A,ON,630.00,-6.14336278,106.28532180
14_CIUJUNG_RAMP_A_ON_R055,CIUJUNG,RAMP,A,ON,635.00,-6.14336112,106.28527660
14_CIUJUNG_RAMP_A_ON_R055,CIUJUNG,RAMP,A,ON,640.00,-6.14335946,106.28523141
14_CIUJUNG_RAMP_A_ON_R055,CIUJUNG,RAMP,A,ON,645.00,-6.14335779,106.28518621
14_CIUJUNG_RAMP_A_ON_R055,CIUJUNG,RAMP,A,ON,650.00,-6.14335695,106.28514100
14_CIUJUNG_RAMP_A_ON_R055,CIUJUNG,RAMP,A,ON,655.00,-6.14335629,106.28509578
14_CIUJUNG_RAMP_A_ON_R055,CIUJUNG,RAMP,A,ON,660.00,-6.14335563,106.28505055
14_CIUJUNG_RAMP_A_ON_R055,CIUJUNG,RAMP,A,ON,665.00,-6.14335692,106.28500536
14_CIUJUNG_RAMP_A_ON_R055,CIUJUNG,RAMP,A,ON,670.00,-6.14335869,106.28496017
14_CIUJUNG_RAMP_A_ON_R055,CIUJUNG,RAMP,A,ON,675.00,-6.14335043,106.28491866
14_CIUJUNG_RAMP_A_ON_R055,CIUJUNG,RAMP,A,ON,680.00,-6.14332012,106.28488525
14_CIUJUNG_RAMP_A_ON_R055,CIUJUNG,RAMP,A,ON,685.00,-6.14330943,106.28484470
14_CIUJUNG_RAMP_A_ON_R055,CIUJUNG,RAMP,A,ON,690.00,-6.14331146,106.28479952
14_CIUJUNG_RAMP_A_ON_R055,CIUJUNG,RAMP,A,ON,695.00,-6.14331349,106.28475434
14_CIUJUNG_RAMP_A_ON_R055,CIUJUNG,RAMP,A,ON,700.00,-6.14331552,106.28470916
14_CIUJUNG_RAMP_A_ON_R055,CIUJUNG,RAMP,A,ON,705.00,-6.14331755,106.28466398
14_CIUJUNG_RAMP_A_ON_R055,CIUJUNG,RAMP,A,ON,710.00,-6.14331958,106.28461880
14_CIUJUNG_RAMP_A_ON_R055,CIUJUNG,RAMP,A,ON,715.00,-6.14332161,106.28457362
14_CIUJUNG_RAMP_A_ON_R055,CIUJUNG,RAMP,A,ON,720.00,-6.14332364,106.28452844
14_CIUJUNG_RAMP_A_ON_R055,CIUJUNG,RAMP,A,ON,720.16,-6.14332370,106.28452700
25_SERANG_TIMUR_RAMP_A_OFF_R056,SERANG TIMUR,RAMP,A,OFF,0.00,-6.11635670,106.18678000
25_SERANG_TIMUR_RAMP_A_OFF_R056,SERANG TIMUR,RAMP,A,OFF,5.00,-6.11635104,106.18673564
25_SERANG_TIMUR_RAMP_A_OFF_R056,SERANG TIMUR,RAMP,A,OFF,10.00,-6.11633021,106.18669571
25_SERANG_TIMUR_RAMP_A_OFF_R056,SERANG TIMUR,RAMP,A,OFF,15.00,-6.11630362,106.18665927
25_SERANG_TIMUR_RAMP_A_OFF_R056,SERANG TIMUR,RAMP,A,OFF,20.00,-6.11627386,106.18662538
25_SERANG_TIMUR_RAMP_A_OFF_R056,SERANG TIMUR,RAMP,A,OFF,25.00,-6.11624155,106.18659395
25_SERANG_TIMUR_RAMP_A_OFF_R056,SERANG TIMUR,RAMP,A,OFF,30.00,-6.11620894,106.18656281
25_SERANG_TIMUR_RAMP_A_OFF_R056,SERANG TIMUR,RAMP,A,OFF,35.00,-6.11617596,106.18653207
25_SERANG_TIMUR_RAMP_A_OFF_R056,SERANG TIMUR,RAMP,A,OFF,40.00,-6.11614260,106.18650175
25_SERANG_TIMUR_RAMP_A_OFF_R056,SERANG TIMUR,RAMP,A,OFF,45.00,-6.11610924,106.18647143
25_SERANG_TIMUR_RAMP_A_OFF_R056,SERANG TIMUR,RAMP,A,OFF,50.00,-6.11607588,106.18644111
25_SERANG_TIMUR_RAMP_A_OFF_R056,SERANG TIMUR,RAMP,A,OFF,55.00,-6.11604252,106.18641078
25_SERANG_TIMUR_RAMP_A_OFF_R056,SERANG TIMUR,RAMP,A,OFF,60.00,-6.11600917,106.18638045
25_SERANG_TIMUR_RAMP_A_OFF_R056,SERANG TIMUR,RAMP,A,OFF,65.00,-6.11597599,106.18634993
25_SERANG_TIMUR_RAMP_A_OFF_R056,SERANG TIMUR,RAMP,A,OFF,70.00,-6.11594281,106.18631941
25_SERANG_TIMUR_RAMP_A_OFF_R056,SERANG TIMUR,RAMP,A,OFF,75.00,-6.11590963,106.18628888
25_SERANG_TIMUR_RAMP_A_OFF_R056,SERANG TIMUR,RAMP,A,OFF,80.00,-6.11587645,106.18625836
25_SERANG_TIMUR_RAMP_A_OFF_R056,SERANG TIMUR,RAMP,A,OFF,85.00,-6.11584346,106.18622763
25_SERANG_TIMUR_RAMP_A_OFF_R056,SERANG TIMUR,RAMP,A,OFF,90.00,-6.11581069,106.18619667
25_SERANG_TIMUR_RAMP_A_OFF_R056,SERANG TIMUR,RAMP,A,OFF,95.00,-6.11577791,106.18616570
25_SERANG_TIMUR_RAMP_A_OFF_R056,SERANG TIMUR,RAMP,A,OFF,100.00,-6.11574514,106.18613474
25_SERANG_TIMUR_RAMP_A_OFF_R056,SERANG TIMUR,RAMP,A,OFF,105.00,-6.11571239,106.18610375
25_SERANG_TIMUR_RAMP_A_OFF_R056,SERANG TIMUR,RAMP,A,OFF,110.00,-6.11567999,106.18607239
25_SERANG_TIMUR_RAMP_A_OFF_R056,SERANG TIMUR,RAMP,A,OFF,115.00,-6.11564760,106.18604103
25_SERANG_TIMUR_RAMP_A_OFF_R056,SERANG TIMUR,RAMP,A,OFF,120.00,-6.11561520,106.18600967
25_SERANG_TIMUR_RAMP_A_OFF_R056,SERANG TIMUR,RAMP,A,OFF,125.00,-6.11558280,106.18597831
25_SERANG_TIMUR_RAMP_A_OFF_R056,SERANG TIMUR,RAMP,A,OFF,130.00,-6.11555040,106.18594694
25_SERANG_TIMUR_RAMP_A_OFF_R056,SERANG TIMUR,RAMP,A,OFF,135.00,-6.11551838,106.18591519
25_SERANG_TIMUR_RAMP_A_OFF_R056,SERANG TIMUR,RAMP,A,OFF,140.00,-6.11548643,106.18588337
25_SERANG_TIMUR_RAMP_A_OFF_R056,SERANG TIMUR,RAMP,A,OFF,145.00,-6.11545448,106.18585155
25_SERANG_TIMUR_RAMP_A_OFF_R056,SERANG TIMUR,RAMP,A,OFF,150.00,-6.11542318,106.18581909
25_SERANG_TIMUR_RAMP_A_OFF_R056,SERANG TIMUR,RAMP,A,OFF,155.00,-6.11539206,106.18578645
25_SERANG_TIMUR_RAMP_A_OFF_R056,SERANG TIMUR,RAMP,A,OFF,160.00,-6.11536182,106.18575299
25_SERANG_TIMUR_RAMP_A_OFF_R056,SERANG TIMUR,RAMP,A,OFF,165.00,-6.11533214,106.18571902
25_SERANG_TIMUR_RAMP_A_OFF_R056,SERANG TIMUR,RAMP,A,OFF,170.00,-6.11530408,106.18568370
25_SERANG_TIMUR_RAMP_A_OFF_R056,SERANG TIMUR,RAMP,A,OFF,175.00,-6.11527687,106.18564771
25_SERANG_TIMUR_RAMP_A_OFF_R056,SERANG TIMUR,RAMP,A,OFF,180.00,-6.11525171,106.18561023
25_SERANG_TIMUR_RAMP_A_OFF_R056,SERANG TIMUR,RAMP,A,OFF,185.00,-6.11522766,106.18557203
25_SERANG_TIMUR_RAMP_A_OFF_R056,SERANG TIMUR,RAMP,A,OFF,190.00,-6.11520514,106.18553290
25_SERANG_TIMUR_RAMP_A_OFF_R056,SERANG TIMUR,RAMP,A,OFF,195.00,-6.11518684,106.18549160
25_SERANG_TIMUR_RAMP_A_OFF_R056,SERANG TIMUR,RAMP,A,OFF,200.00,-6.11516985,106.18544973
25_SERANG_TIMUR_RAMP_A_OFF_R056,SERANG TIMUR,RAMP,A,OFF,205.00,-6.11515309,106.18540776
25_SERANG_TIMUR_RAMP_A_OFF_R056,SERANG TIMUR,RAMP,A,OFF,210.00,-6.11513732,106.18536541
25_SERANG_TIMUR_RAMP_A_OFF_R056,SERANG TIMUR,RAMP,A,OFF,215.00,-6.11512155,106.18532306
25_SERANG_TIMUR_RAMP_A_OFF_R056,SERANG TIMUR,RAMP,A,OFF,220.00,-6.11510747,106.18528012
25_SERANG_TIMUR_RAMP_A_OFF_R056,SERANG TIMUR,RAMP,A,OFF,225.00,-6.11509504,106.18523669
25_SERANG_TIMUR_RAMP_A_OFF_R056,SERANG TIMUR,RAMP,A,OFF,230.00,-6.11508474,106.18519267
25_SERANG_TIMUR_RAMP_A_OFF_R056,SERANG TIMUR,RAMP,A,OFF,235.00,-6.11507591,106.18514833
25_SERANG_TIMUR_RAMP_A_OFF_R056,SERANG TIMUR,RAMP,A,OFF,240.00,-6.11506807,106.18510381
25_SERANG_TIMUR_RAMP_A_OFF_R056,SERANG TIMUR,RAMP,A,OFF,245.00,-6.11506173,106.18505905
25_SERANG_TIMUR_RAMP_A_OFF_R056,SERANG TIMUR,RAMP,A,OFF,250.00,-6.11505734,106.18501405
25_SERANG_TIMUR_RAMP_A_OFF_R056,SERANG TIMUR,RAMP,A,OFF,255.00,-6.11505488,106.18496890
25_SERANG_TIMUR_RAMP_A_OFF_R056,SERANG TIMUR,RAMP,A,OFF,260.00,-6.11505464,106.18492368
25_SERANG_TIMUR_RAMP_A_OFF_R056,SERANG TIMUR,RAMP,A,OFF,265.00,-6.11505631,106.18487849
25_SERANG_TIMUR_RAMP_A_OFF_R056,SERANG TIMUR,RAMP,A,OFF,270.00,-6.11505841,106.18483332
25_SERANG_TIMUR_RAMP_A_OFF_R056,SERANG TIMUR,RAMP,A,OFF,275.00,-6.11506227,106.18478827
25_SERANG_TIMUR_RAMP_A_OFF_R056,SERANG TIMUR,RAMP,A,OFF,280.00,-6.11506643,106.18474324
25_SERANG_TIMUR_RAMP_A_OFF_R056,SERANG TIMUR,RAMP,A,OFF,285.00,-6.11507152,106.18469831
25_SERANG_TIMUR_RAMP_A_OFF_R056,SERANG TIMUR,RAMP,A,OFF,290.00,-6.11507725,106.18465346
25_SERANG_TIMUR_RAMP_A_OFF_R056,SERANG TIMUR,RAMP,A,OFF,295.00,-6.11508365,106.18460871
25_SERANG_TIMUR_RAMP_A_OFF_R056,SERANG TIMUR,RAMP,A,OFF,300.00,-6.11509183,106.18456425
25_SERANG_TIMUR_RAMP_A_OFF_R056,SERANG TIMUR,RAMP,A,OFF,305.00,-6.11510375,106.18452066
25_SERANG_TIMUR_RAMP_A_OFF_R056,SERANG TIMUR,RAMP,A,OFF,310.00,-6.11511791,106.18447775
25_SERANG_TIMUR_RAMP_A_OFF_R056,SERANG TIMUR,RAMP,A,OFF,315.00,-6.11513379,106.18443544
25_SERANG_TIMUR_RAMP_A_OFF_R056,SERANG TIMUR,RAMP,A,OFF,320.00,-6.11514967,106.18439313
25_SERANG_TIMUR_RAMP_A_OFF_R056,SERANG TIMUR,RAMP,A,OFF,325.00,-6.11516674,106.18435129
25_SERANG_TIMUR_RAMP_A_OFF_R056,SERANG TIMUR,RAMP,A,OFF,330.00,-6.11518381,106.18430945
25_SERANG_TIMUR_RAMP_A_OFF_R056,SERANG TIMUR,RAMP,A,OFF,335.00,-6.11520168,106.18426795
25_SERANG_TIMUR_RAMP_A_OFF_R056,SERANG TIMUR,RAMP,A,OFF,340.00,-6.11522231,106.18422778
25_SERANG_TIMUR_RAMP_A_OFF_R056,SERANG TIMUR,RAMP,A,OFF,345.00,-6.11524377,106.18418804
25_SERANG_TIMUR_RAMP_A_OFF_R056,SERANG TIMUR,RAMP,A,OFF,350.00,-6.11526641,106.18414897
25_SERANG_TIMUR_RAMP_A_OFF_R056,SERANG TIMUR,RAMP,A,OFF,355.00,-6.11529013,106.18411056
25_SERANG_TIMUR_RAMP_A_OFF_R056,SERANG TIMUR,RAMP,A,OFF,360.00,-6.11531568,106.18407337
25_SERANG_TIMUR_RAMP_A_OFF_R056,SERANG TIMUR,RAMP,A,OFF,365.00,-6.11534222,106.18403686
25_SERANG_TIMUR_RAMP_A_OFF_R056,SERANG TIMUR,RAMP,A,OFF,370.00,-6.11536991,106.18400123
25_SERANG_TIMUR_RAMP_A_OFF_R056,SERANG TIMUR,RAMP,A,OFF,375.00,-6.11539778,106.18396574
25_SERANG_TIMUR_RAMP_A_OFF_R056,SERANG TIMUR,RAMP,A,OFF,380.00,-6.11542596,106.18393051
25_SERANG_TIMUR_RAMP_A_OFF_R056,SERANG TIMUR,RAMP,A,OFF,385.00,-6.11545468,106.18389571
25_SERANG_TIMUR_RAMP_A_OFF_R056,SERANG TIMUR,RAMP,A,OFF,390.00,-6.11548340,106.18386092
25_SERANG_TIMUR_RAMP_A_OFF_R056,SERANG TIMUR,RAMP,A,OFF,395.00,-6.11551214,106.18382613
25_SERANG_TIMUR_RAMP_A_OFF_R056,SERANG TIMUR,RAMP,A,OFF,400.00,-6.11554134,106.18379174
25_SERANG_TIMUR_RAMP_A_OFF_R056,SERANG TIMUR,RAMP,A,OFF,405.00,-6.11557055,106.18375736
25_SERANG_TIMUR_RAMP_A_OFF_R056,SERANG TIMUR,RAMP,A,OFF,410.00,-6.11559975,106.18372297
25_SERANG_TIMUR_RAMP_A_OFF_R056,SERANG TIMUR,RAMP,A,OFF,415.00,-6.11562896,106.18368858
25_SERANG_TIMUR_RAMP_A_OFF_R056,SERANG TIMUR,RAMP,A,OFF,420.00,-6.11565814,106.18365418
25_SERANG_TIMUR_RAMP_A_OFF_R056,SERANG TIMUR,RAMP,A,OFF,425.00,-6.11568715,106.18361962
25_SERANG_TIMUR_RAMP_A_OFF_R056,SERANG TIMUR,RAMP,A,OFF,430.00,-6.11571515,106.18358424
25_SERANG_TIMUR_RAMP_A_OFF_R056,SERANG TIMUR,RAMP,A,OFF,435.00,-6.11574314,106.18354885
25_SERANG_TIMUR_RAMP_A_OFF_R056,SERANG TIMUR,RAMP,A,OFF,440.00,-6.11577114,106.18351346
25_SERANG_TIMUR_RAMP_A_OFF_R056,SERANG TIMUR,RAMP,A,OFF,445.00,-6.11579914,106.18347808
25_SERANG_TIMUR_RAMP_A_OFF_R056,SERANG TIMUR,RAMP,A,OFF,450.00,-6.11582714,106.18344269
25_SERANG_TIMUR_RAMP_A_OFF_R056,SERANG TIMUR,RAMP,A,OFF,455.00,-6.11585514,106.18340730
25_SERANG_TIMUR_RAMP_A_OFF_R056,SERANG TIMUR,RAMP,A,OFF,460.00,-6.11588314,106.18337192
25_SERANG_TIMUR_RAMP_A_OFF_R056,SERANG TIMUR,RAMP,A,OFF,465.00,-6.11589672,106.18332975
25_SERANG_TIMUR_RAMP_A_OFF_R056,SERANG TIMUR,RAMP,A,OFF,465.93,-6.11589760,106.18332140
25_SERANG_TIMUR_RAMP_B_OFF_R057,SERANG TIMUR,RAMP,B,OFF,0.00,-6.11393330,106.18478290
25_SERANG_TIMUR_RAMP_B_OFF_R057,SERANG TIMUR,RAMP,B,OFF,5.00,-6.11396450,106.18481547
25_SERANG_TIMUR_RAMP_B_OFF_R057,SERANG TIMUR,RAMP,B,OFF,10.00,-6.11397949,106.18485627
25_SERANG_TIMUR_RAMP_B_OFF_R057,SERANG TIMUR,RAMP,B,OFF,15.00,-6.11398705,106.18490085
25_SERANG_TIMUR_RAMP_B_OFF_R057,SERANG TIMUR,RAMP,B,OFF,20.00,-6.11401034,106.18493862
25_SERANG_TIMUR_RAMP_B_OFF_R057,SERANG TIMUR,RAMP,B,OFF,25.00,-6.11403735,106.18497477
25_SERANG_TIMUR_RAMP_B_OFF_R057,SERANG TIMUR,RAMP,B,OFF,30.00,-6.11406790,106.18500785
25_SERANG_TIMUR_RAMP_B_OFF_R057,SERANG TIMUR,RAMP,B,OFF,35.00,-6.11409950,106.18504003
25_SERANG_TIMUR_RAMP_B_OFF_R057,SERANG TIMUR,RAMP,B,OFF,40.00,-6.11413113,106.18507218
25_SERANG_TIMUR_RAMP_B_OFF_R057,SERANG TIMUR,RAMP,B,OFF,45.00,-6.11416274,106.18510434
25_SERANG_TIMUR_RAMP_B_OFF_R057,SERANG TIMUR,RAMP,B,OFF,50.00,-6.11419434,106.18513651
25_SERANG_TIMUR_RAMP_B_OFF_R057,SERANG TIMUR,RAMP,B,OFF,55.00,-6.11422525,106.18516935
25_SERANG_TIMUR_RAMP_B_OFF_R057,SERANG TIMUR,RAMP,B,OFF,60.00,-6.11425614,106.18520222
25_SERANG_TIMUR_RAMP_B_OFF_R057,SERANG TIMUR,RAMP,B,OFF,65.00,-6.11428703,106.18523509
25_SERANG_TIMUR_RAMP_B_OFF_R057,SERANG TIMUR,RAMP,B,OFF,70.00,-6.11431791,106.18526795
25_SERANG_TIMUR_RAMP_B_OFF_R057,SERANG TIMUR,RAMP,B,OFF,75.00,-6.11434880,106.18530082
25_SERANG_TIMUR_RAMP_B_OFF_R057,SERANG TIMUR,RAMP,B,OFF,80.00,-6.11437968,106.18533369
25_SERANG_TIMUR_RAMP_B_OFF_R057,SERANG TIMUR,RAMP,B,OFF,85.00,-6.11441057,106.18536655
25_SERANG_TIMUR_RAMP_B_OFF_R057,SERANG TIMUR,RAMP,B,OFF,90.00,-6.11444146,106.18539942
25_SERANG_TIMUR_RAMP_B_OFF_R057,SERANG TIMUR,RAMP,B,OFF,95.00,-6.11447231,106.18543232
25_SERANG_TIMUR_RAMP_B_OFF_R057,SERANG TIMUR,RAMP,B,OFF,100.00,-6.11450310,106.18546528
25_SERANG_TIMUR_RAMP_B_OFF_R057,SERANG TIMUR,RAMP,B,OFF,105.00,-6.11453389,106.18549823
25_SERANG_TIMUR_RAMP_B_OFF_R057,SERANG TIMUR,RAMP,B,OFF,110.00,-6.11456454,106.18553132
25_SERANG_TIMUR_RAMP_B_OFF_R057,SERANG TIMUR,RAMP,B,OFF,115.00,-6.11459255,106.18556670
25_SERANG_TIMUR_RAMP_B_OFF_R057,SERANG TIMUR,RAMP,B,OFF,120.00,-6.11462054,106.18560208
25_SERANG_TIMUR_RAMP_B_OFF_R057,SERANG TIMUR,RAMP,B,OFF,125.00,-6.11464784,106.18563802
25_SERANG_TIMUR_RAMP_B_OFF_R057,SERANG TIMUR,RAMP,B,OFF,130.00,-6.11467361,106.18567503
25_SERANG_TIMUR_RAMP_B_OFF_R057,SERANG TIMUR,RAMP,B,OFF,135.00,-6.11469765,106.18571325
25_SERANG_TIMUR_RAMP_B_OFF_R057,SERANG TIMUR,RAMP,B,OFF,140.00,-6.11471822,106.18575345
25_SERANG_TIMUR_RAMP_B_OFF_R057,SERANG TIMUR,RAMP,B,OFF,145.00,-6.11473593,106.18579490
25_SERANG_TIMUR_RAMP_B_OFF_R057,SERANG TIMUR,RAMP,B,OFF,150.00,-6.11475022,106.18583777
25_SERANG_TIMUR_RAMP_B_OFF_R057,SERANG TIMUR,RAMP,B,OFF,155.00,-6.11476302,106.18588112
25_SERANG_TIMUR_RAMP_B_OFF_R057,SERANG TIMUR,RAMP,B,OFF,160.00,-6.11477393,106.18592499
25_SERANG_TIMUR_RAMP_B_OFF_R057,SERANG TIMUR,RAMP,B,OFF,165.00,-6.11478135,106.18596955
25_SERANG_TIMUR_RAMP_B_OFF_R057,SERANG TIMUR,RAMP,B,OFF,170.00,-6.11478526,106.18601448
25_SERANG_TIMUR_RAMP_B_OFF_R057,SERANG TIMUR,RAMP,B,OFF,175.00,-6.11478487,106.18605970
25_SERANG_TIMUR_RAMP_B_OFF_R057,SERANG TIMUR,RAMP,B,OFF,180.00,-6.11478430,106.18610491
25_SERANG_TIMUR_RAMP_B_OFF_R057,SERANG TIMUR,RAMP,B,OFF,185.00,-6.11477736,106.18614959
25_SERANG_TIMUR_RAMP_B_OFF_R057,SERANG TIMUR,RAMP,B,OFF,190.00,-6.11476672,106.18619347
25_SERANG_TIMUR_RAMP_B_OFF_R057,SERANG TIMUR,RAMP,B,OFF,195.00,-6.11475278,106.18623638
25_SERANG_TIMUR_RAMP_B_OFF_R057,SERANG TIMUR,RAMP,B,OFF,200.00,-6.11473542,106.18627809
25_SERANG_TIMUR_RAMP_B_OFF_R057,SERANG TIMUR,RAMP,B,OFF,205.00,-6.11470972,106.18631517
25_SERANG_TIMUR_RAMP_B_OFF_R057,SERANG TIMUR,RAMP,B,OFF,210.00,-6.11468382,106.18635214
25_SERANG_TIMUR_RAMP_B_OFF_R057,SERANG TIMUR,RAMP,B,OFF,215.00,-6.11465229,106.18638422
25_SERANG_TIMUR_RAMP_B_OFF_R057,SERANG TIMUR,RAMP,B,OFF,220.00,-6.11461829,106.18641369
25_SERANG_TIMUR_RAMP_B_OFF_R057,SERANG TIMUR,RAMP,B,OFF,225.00,-6.11458215,106.18644057
25_SERANG_TIMUR_RAMP_B_OFF_R057,SERANG TIMUR,RAMP,B,OFF,230.00,-6.11454342,106.18646355
25_SERANG_TIMUR_RAMP_B_OFF_R057,SERANG TIMUR,RAMP,B,OFF,235.00,-6.11450093,106.18647832
25_SERANG_TIMUR_RAMP_B_OFF_R057,SERANG TIMUR,RAMP,B,OFF,240.00,-6.11445776,106.18649078
25_SERANG_TIMUR_RAMP_B_OFF_R057,SERANG TIMUR,RAMP,B,OFF,245.00,-6.11441399,106.18650114
25_SERANG_TIMUR_RAMP_B_OFF_R057,SERANG TIMUR,RAMP,B,OFF,250.00,-6.11436949,106.18650702
25_SERANG_TIMUR_RAMP_B_OFF_R057,SERANG TIMUR,RAMP,B,OFF,255.00,-6.11432479,106.18650756
25_SERANG_TIMUR_RAMP_B_OFF_R057,SERANG TIMUR,RAMP,B,OFF,260.00,-6.11428037,106.18650072
25_SERANG_TIMUR_RAMP_B_OFF_R057,SERANG TIMUR,RAMP,B,OFF,265.00,-6.11423647,106.18649099
25_SERANG_TIMUR_RAMP_B_OFF_R057,SERANG TIMUR,RAMP,B,OFF,270.00,-6.11419315,106.18647887
25_SERANG_TIMUR_RAMP_B_OFF_R057,SERANG TIMUR,RAMP,B,OFF,275.00,-6.11415002,106.18646622
25_SERANG_TIMUR_RAMP_B_OFF_R057,SERANG TIMUR,RAMP,B,OFF,280.00,-6.11410924,106.18644717
25_SERANG_TIMUR_RAMP_B_OFF_R057,SERANG TIMUR,RAMP,B,OFF,285.00,-6.11407059,106.18642429
25_SERANG_TIMUR_RAMP_B_OFF_R057,SERANG TIMUR,RAMP,B,OFF,290.00,-6.11403322,106.18639915
25_SERANG_TIMUR_RAMP_B_OFF_R057,SERANG TIMUR,RAMP,B,OFF,295.00,-6.11399697,106.18637243
25_SERANG_TIMUR_RAMP_B_OFF_R057,SERANG TIMUR,RAMP,B,OFF,300.00,-6.11396212,106.18634395
25_SERANG_TIMUR_RAMP_B_OFF_R057,SERANG TIMUR,RAMP,B,OFF,305.00,-6.11393042,106.18631187
25_SERANG_TIMUR_RAMP_B_OFF_R057,SERANG TIMUR,RAMP,B,OFF,310.00,-6.11390248,106.18627649
25_SERANG_TIMUR_RAMP_B_OFF_R057,SERANG TIMUR,RAMP,B,OFF,315.00,-6.11387509,106.18624063
25_SERANG_TIMUR_RAMP_B_OFF_R057,SERANG TIMUR,RAMP,B,OFF,320.00,-6.11384919,106.18620368
25_SERANG_TIMUR_RAMP_B_OFF_R057,SERANG TIMUR,RAMP,B,OFF,325.00,-6.11382404,106.18616619
25_SERANG_TIMUR_RAMP_B_OFF_R057,SERANG TIMUR,RAMP,B,OFF,330.00,-6.11380224,106.18612666
25_SERANG_TIMUR_RAMP_B_OFF_R057,SERANG TIMUR,RAMP,B,OFF,335.00,-6.11378323,106.18608573
25_SERANG_TIMUR_RAMP_B_OFF_R057,SERANG TIMUR,RAMP,B,OFF,340.00,-6.11376794,106.18604334
25_SERANG_TIMUR_RAMP_B_OFF_R057,SERANG TIMUR,RAMP,B,OFF,345.00,-6.11375743,106.18599937
25_SERANG_TIMUR_RAMP_B_OFF_R057,SERANG TIMUR,RAMP,B,OFF,350.00,-6.11375078,106.18595468
25_SERANG_TIMUR_RAMP_B_OFF_R057,SERANG TIMUR,RAMP,B,OFF,355.00,-6.11374397,106.18590998
25_SERANG_TIMUR_RAMP_B_OFF_R057,SERANG TIMUR,RAMP,B,OFF,360.00,-6.11374075,106.18586490
25_SERANG_TIMUR_RAMP_B_OFF_R057,SERANG TIMUR,RAMP,B,OFF,365.00,-6.11374061,106.18581974
25_SERANG_TIMUR_RAMP_B_OFF_R057,SERANG TIMUR,RAMP,B,OFF,370.00,-6.11374320,106.18577461
25_SERANG_TIMUR_RAMP_B_OFF_R057,SERANG TIMUR,RAMP,B,OFF,375.00,-6.11374945,106.18572983
25_SERANG_TIMUR_RAMP_B_OFF_R057,SERANG TIMUR,RAMP,B,OFF,380.00,-6.11376134,106.18568622
25_SERANG_TIMUR_RAMP_B_OFF_R057,SERANG TIMUR,RAMP,B,OFF,385.00,-6.11377437,106.18564294
25_SERANG_TIMUR_RAMP_B_OFF_R057,SERANG TIMUR,RAMP,B,OFF,390.00,-6.11378772,106.18559975
25_SERANG_TIMUR_RAMP_B_OFF_R057,SERANG TIMUR,RAMP,B,OFF,395.00,-6.11380730,106.18555904
25_SERANG_TIMUR_RAMP_B_OFF_R057,SERANG TIMUR,RAMP,B,OFF,400.00,-6.11382928,106.18551972
25_SERANG_TIMUR_RAMP_B_OFF_R057,SERANG TIMUR,RAMP,B,OFF,405.00,-6.11385441,106.18548222
25_SERANG_TIMUR_RAMP_B_OFF_R057,SERANG TIMUR,RAMP,B,OFF,410.00,-6.11388275,106.18544712
25_SERANG_TIMUR_RAMP_B_OFF_R057,SERANG TIMUR,RAMP,B,OFF,415.00,-6.11391118,106.18541208
25_SERANG_TIMUR_RAMP_B_OFF_R057,SERANG TIMUR,RAMP,B,OFF,420.00,-6.11393961,106.18537704
25_SERANG_TIMUR_RAMP_B_OFF_R057,SERANG TIMUR,RAMP,B,OFF,425.00,-6.11396803,106.18534200
25_SERANG_TIMUR_RAMP_B_OFF_R057,SERANG TIMUR,RAMP,B,OFF,430.00,-6.11399824,106.18530851
25_SERANG_TIMUR_RAMP_B_OFF_R057,SERANG TIMUR,RAMP,B,OFF,435.00,-6.11402871,106.18527525
25_SERANG_TIMUR_RAMP_B_OFF_R057,SERANG TIMUR,RAMP,B,OFF,440.00,-6.11405918,106.18524199
25_SERANG_TIMUR_RAMP_B_OFF_R057,SERANG TIMUR,RAMP,B,OFF,445.00,-6.11408964,106.18520873
25_SERANG_TIMUR_RAMP_B_OFF_R057,SERANG TIMUR,RAMP,B,OFF,450.00,-6.11412011,106.18517547
25_SERANG_TIMUR_RAMP_B_OFF_R057,SERANG TIMUR,RAMP,B,OFF,455.00,-6.11415084,106.18514246
25_SERANG_TIMUR_RAMP_B_OFF_R057,SERANG TIMUR,RAMP,B,OFF,460.00,-6.11418023,106.18510836
25_SERANG_TIMUR_RAMP_B_OFF_R057,SERANG TIMUR,RAMP,B,OFF,465.00,-6.11421146,106.18507582
25_SERANG_TIMUR_RAMP_B_OFF_R057,SERANG TIMUR,RAMP,B,OFF,470.00,-6.11424266,106.18504326
25_SERANG_TIMUR_RAMP_B_OFF_R057,SERANG TIMUR,RAMP,B,OFF,475.00,-6.11427386,106.18501069
25_SERANG_TIMUR_RAMP_B_OFF_R057,SERANG TIMUR,RAMP,B,OFF,480.00,-6.11430506,106.18497812
25_SERANG_TIMUR_RAMP_B_OFF_R057,SERANG TIMUR,RAMP,B,OFF,485.00,-6.11433626,106.18494556
25_SERANG_TIMUR_RAMP_B_OFF_R057,SERANG TIMUR,RAMP,B,OFF,490.00,-6.11436746,106.18491300
25_SERANG_TIMUR_RAMP_B_OFF_R057,SERANG TIMUR,RAMP,B,OFF,495.00,-6.11439868,106.18488045
25_SERANG_TIMUR_RAMP_B_OFF_R057,SERANG TIMUR,RAMP,B,OFF,500.00,-6.11442992,106.18484792
25_SERANG_TIMUR_RAMP_B_OFF_R057,SERANG TIMUR,RAMP,B,OFF,505.00,-6.11446116,106.18481539
25_SERANG_TIMUR_RAMP_B_OFF_R057,SERANG TIMUR,RAMP,B,OFF,510.00,-6.11449239,106.18478286
25_SERANG_TIMUR_RAMP_B_OFF_R057,SERANG TIMUR,RAMP,B,OFF,515.00,-6.11452363,106.18475033
25_SERANG_TIMUR_RAMP_B_OFF_R057,SERANG TIMUR,RAMP,B,OFF,520.00,-6.11455487,106.18471780
25_SERANG_TIMUR_RAMP_B_OFF_R057,SERANG TIMUR,RAMP,B,OFF,525.00,-6.11458610,106.18468527
25_SERANG_TIMUR_RAMP_B_OFF_R057,SERANG TIMUR,RAMP,B,OFF,530.00,-6.11461734,106.18465274
25_SERANG_TIMUR_RAMP_B_OFF_R057,SERANG TIMUR,RAMP,B,OFF,535.00,-6.11464858,106.18462021
25_SERANG_TIMUR_RAMP_B_OFF_R057,SERANG TIMUR,RAMP,B,OFF,540.00,-6.11467982,106.18458768
25_SERANG_TIMUR_RAMP_B_OFF_R057,SERANG TIMUR,RAMP,B,OFF,545.00,-6.11471105,106.18455515
25_SERANG_TIMUR_RAMP_B_OFF_R057,SERANG TIMUR,RAMP,B,OFF,550.00,-6.11474229,106.18452262
25_SERANG_TIMUR_RAMP_B_OFF_R057,SERANG TIMUR,RAMP,B,OFF,555.00,-6.11477353,106.18449009
25_SERANG_TIMUR_RAMP_B_OFF_R057,SERANG TIMUR,RAMP,B,OFF,560.00,-6.11480476,106.18445756
25_SERANG_TIMUR_RAMP_B_OFF_R057,SERANG TIMUR,RAMP,B,OFF,565.00,-6.11483600,106.18442503
25_SERANG_TIMUR_RAMP_B_OFF_R057,SERANG TIMUR,RAMP,B,OFF,570.00,-6.11486724,106.18439250
25_SERANG_TIMUR_RAMP_B_OFF_R057,SERANG TIMUR,RAMP,B,OFF,575.00,-6.11489847,106.18435997
25_SERANG_TIMUR_RAMP_B_OFF_R057,SERANG TIMUR,RAMP,B,OFF,580.00,-6.11492971,106.18432744
25_SERANG_TIMUR_RAMP_B_OFF_R057,SERANG TIMUR,RAMP,B,OFF,585.00,-6.11496095,106.18429491
25_SERANG_TIMUR_RAMP_B_OFF_R057,SERANG TIMUR,RAMP,B,OFF,590.00,-6.11499218,106.18426238
25_SERANG_TIMUR_RAMP_B_OFF_R057,SERANG TIMUR,RAMP,B,OFF,595.00,-6.11502342,106.18422985
25_SERANG_TIMUR_RAMP_B_OFF_R057,SERANG TIMUR,RAMP,B,OFF,600.00,-6.11505393,106.18419663
25_SERANG_TIMUR_RAMP_B_OFF_R057,SERANG TIMUR,RAMP,B,OFF,605.00,-6.11508403,106.18416304
25_SERANG_TIMUR_RAMP_B_OFF_R057,SERANG TIMUR,RAMP,B,OFF,610.00,-6.11511413,106.18412944
25_SERANG_TIMUR_RAMP_B_OFF_R057,SERANG TIMUR,RAMP,B,OFF,615.00,-6.11514423,106.18409584
25_SERANG_TIMUR_RAMP_B_OFF_R057,SERANG TIMUR,RAMP,B,OFF,620.00,-6.11517433,106.18406224
25_SERANG_TIMUR_RAMP_B_OFF_R057,SERANG TIMUR,RAMP,B,OFF,625.00,-6.11520452,106.18402873
25_SERANG_TIMUR_RAMP_B_OFF_R057,SERANG TIMUR,RAMP,B,OFF,630.00,-6.11523542,106.18399588
25_SERANG_TIMUR_RAMP_B_OFF_R057,SERANG TIMUR,RAMP,B,OFF,635.00,-6.11526632,106.18396302
25_SERANG_TIMUR_RAMP_B_OFF_R057,SERANG TIMUR,RAMP,B,OFF,640.00,-6.11529721,106.18393016
25_SERANG_TIMUR_RAMP_B_OFF_R057,SERANG TIMUR,RAMP,B,OFF,645.00,-6.11532811,106.18389731
25_SERANG_TIMUR_RAMP_B_OFF_R057,SERANG TIMUR,RAMP,B,OFF,650.00,-6.11535901,106.18386445
25_SERANG_TIMUR_RAMP_B_OFF_R057,SERANG TIMUR,RAMP,B,OFF,655.00,-6.11539056,106.18383224
25_SERANG_TIMUR_RAMP_B_OFF_R057,SERANG TIMUR,RAMP,B,OFF,660.00,-6.11542275,106.18380066
25_SERANG_TIMUR_RAMP_B_OFF_R057,SERANG TIMUR,RAMP,B,OFF,665.00,-6.11545493,106.18376908
25_SERANG_TIMUR_RAMP_B_OFF_R057,SERANG TIMUR,RAMP,B,OFF,670.00,-6.11548711,106.18373750
25_SERANG_TIMUR_RAMP_B_OFF_R057,SERANG TIMUR,RAMP,B,OFF,675.00,-6.11551927,106.18370589
25_SERANG_TIMUR_RAMP_B_OFF_R057,SERANG TIMUR,RAMP,B,OFF,680.00,-6.11555023,106.18367309
25_SERANG_TIMUR_RAMP_B_OFF_R057,SERANG TIMUR,RAMP,B,OFF,685.00,-6.11558119,106.18364029
25_SERANG_TIMUR_RAMP_B_OFF_R057,SERANG TIMUR,RAMP,B,OFF,690.00,-6.11561214,106.18360749
25_SERANG_TIMUR_RAMP_B_OFF_R057,SERANG TIMUR,RAMP,B,OFF,695.00,-6.11564310,106.18357469
25_SERANG_TIMUR_RAMP_B_OFF_R057,SERANG TIMUR,RAMP,B,OFF,700.00,-6.11567405,106.18354189
25_SERANG_TIMUR_RAMP_B_OFF_R057,SERANG TIMUR,RAMP,B,OFF,705.00,-6.11570501,106.18350909
25_SERANG_TIMUR_RAMP_B_OFF_R057,SERANG TIMUR,RAMP,B,OFF,710.00,-6.11573597,106.18347629
25_SERANG_TIMUR_RAMP_B_OFF_R057,SERANG TIMUR,RAMP,B,OFF,715.00,-6.11576692,106.18344348
25_SERANG_TIMUR_RAMP_B_OFF_R057,SERANG TIMUR,RAMP,B,OFF,720.00,-6.11579788,106.18341068
25_SERANG_TIMUR_RAMP_B_OFF_R057,SERANG TIMUR,RAMP,B,OFF,725.00,-6.11582883,106.18337788
25_SERANG_TIMUR_RAMP_B_OFF_R057,SERANG TIMUR,RAMP,B,OFF,730.00,-6.11585979,106.18334508
25_SERANG_TIMUR_RAMP_B_OFF_R057,SERANG TIMUR,RAMP,B,OFF,735.00,-6.11589075,106.18331228
25_SERANG_TIMUR_RAMP_B_OFF_R057,SERANG TIMUR,RAMP,B,OFF,736.43,-6.11589960,106.18330290
25_SERANG_TIMUR_GATE_PLAZA_EXIT_R058,SERANG TIMUR,GATE,PLAZA,EXIT,0.00,-6.11589960,106.18330290
25_SERANG_TIMUR_GATE_PLAZA_EXIT_R058,SERANG TIMUR,GATE,PLAZA,EXIT,5.00,-6.11592940,106.18326903
25_SERANG_TIMUR_GATE_PLAZA_EXIT_R058,SERANG TIMUR,GATE,PLAZA,EXIT,10.00,-6.11595920,106.18323516
25_SERANG_TIMUR_GATE_PLAZA_EXIT_R058,SERANG TIMUR,GATE,PLAZA,EXIT,15.00,-6.11598899,106.18320130
25_SERANG_TIMUR_GATE_PLAZA_EXIT_R058,SERANG TIMUR,GATE,PLAZA,EXIT,20.00,-6.11601879,106.18316743
25_SERANG_TIMUR_GATE_PLAZA_EXIT_R058,SERANG TIMUR,GATE,PLAZA,EXIT,25.00,-6.11605070,106.18313564
25_SERANG_TIMUR_GATE_PLAZA_EXIT_R058,SERANG TIMUR,GATE,PLAZA,EXIT,30.00,-6.11608404,106.18310529
25_SERANG_TIMUR_GATE_PLAZA_EXIT_R058,SERANG TIMUR,GATE,PLAZA,EXIT,35.00,-6.11611738,106.18307495
25_SERANG_TIMUR_GATE_PLAZA_EXIT_R058,SERANG TIMUR,GATE,PLAZA,EXIT,40.00,-6.11615072,106.18304461
25_SERANG_TIMUR_GATE_PLAZA_EXIT_R058,SERANG TIMUR,GATE,PLAZA,EXIT,45.00,-6.11618407,106.18301427
25_SERANG_TIMUR_GATE_PLAZA_EXIT_R058,SERANG TIMUR,GATE,PLAZA,EXIT,50.00,-6.11621577,106.18298230
25_SERANG_TIMUR_GATE_PLAZA_EXIT_R058,SERANG TIMUR,GATE,PLAZA,EXIT,55.00,-6.11624543,106.18294831
25_SERANG_TIMUR_GATE_PLAZA_EXIT_R058,SERANG TIMUR,GATE,PLAZA,EXIT,60.00,-6.11627509,106.18291432
25_SERANG_TIMUR_GATE_PLAZA_EXIT_R058,SERANG TIMUR,GATE,PLAZA,EXIT,65.00,-6.11630475,106.18288033
25_SERANG_TIMUR_GATE_PLAZA_EXIT_R058,SERANG TIMUR,GATE,PLAZA,EXIT,70.00,-6.11633441,106.18284634
25_SERANG_TIMUR_GATE_PLAZA_EXIT_R058,SERANG TIMUR,GATE,PLAZA,EXIT,75.00,-6.11636407,106.18281235
25_SERANG_TIMUR_GATE_PLAZA_EXIT_R058,SERANG TIMUR,GATE,PLAZA,EXIT,80.00,-6.11639481,106.18277936
25_SERANG_TIMUR_GATE_PLAZA_EXIT_R058,SERANG TIMUR,GATE,PLAZA,EXIT,85.00,-6.11642620,106.18274698
25_SERANG_TIMUR_GATE_PLAZA_EXIT_R058,SERANG TIMUR,GATE,PLAZA,EXIT,90.00,-6.11645769,106.18271470
25_SERANG_TIMUR_GATE_PLAZA_EXIT_R058,SERANG TIMUR,GATE,PLAZA,EXIT,95.00,-6.11648929,106.18268253
25_SERANG_TIMUR_GATE_PLAZA_EXIT_R058,SERANG TIMUR,GATE,PLAZA,EXIT,98.58,-6.11651190,106.18265950
25_SERANG_TIMUR_ACCESS_EXIT_R059,SERANG TIMUR,ACCESS,-,EXIT,0.00,-6.11651190,106.18265950
25_SERANG_TIMUR_ACCESS_EXIT_R059,SERANG TIMUR,ACCESS,-,EXIT,5.00,-6.11654350,106.18262732
25_SERANG_TIMUR_ACCESS_EXIT_R059,SERANG TIMUR,ACCESS,-,EXIT,10.00,-6.11657510,106.18259515
25_SERANG_TIMUR_ACCESS_EXIT_R059,SERANG TIMUR,ACCESS,-,EXIT,15.00,-6.11660973,106.18256643
25_SERANG_TIMUR_ACCESS_EXIT_R059,SERANG TIMUR,ACCESS,-,EXIT,20.00,-6.11664553,106.18253907
25_SERANG_TIMUR_ACCESS_EXIT_R059,SERANG TIMUR,ACCESS,-,EXIT,25.00,-6.11668183,106.18251238
25_SERANG_TIMUR_ACCESS_EXIT_R059,SERANG TIMUR,ACCESS,-,EXIT,30.00,-6.11671812,106.18248568
25_SERANG_TIMUR_ACCESS_EXIT_R059,SERANG TIMUR,ACCESS,-,EXIT,35.00,-6.11675442,106.18245899
25_SERANG_TIMUR_ACCESS_EXIT_R059,SERANG TIMUR,ACCESS,-,EXIT,40.00,-6.11679072,106.18243230
25_SERANG_TIMUR_ACCESS_EXIT_R059,SERANG TIMUR,ACCESS,-,EXIT,45.00,-6.11682764,106.18240650
25_SERANG_TIMUR_ACCESS_EXIT_R059,SERANG TIMUR,ACCESS,-,EXIT,50.00,-6.11686479,106.18238101
25_SERANG_TIMUR_ACCESS_EXIT_R059,SERANG TIMUR,ACCESS,-,EXIT,55.00,-6.11690193,106.18235552
25_SERANG_TIMUR_ACCESS_EXIT_R059,SERANG TIMUR,ACCESS,-,EXIT,60.00,-6.11693907,106.18233003
25_SERANG_TIMUR_ACCESS_EXIT_R059,SERANG TIMUR,ACCESS,-,EXIT,65.00,-6.11697621,106.18230454
25_SERANG_TIMUR_ACCESS_EXIT_R059,SERANG TIMUR,ACCESS,-,EXIT,70.00,-6.11701348,106.18227924
25_SERANG_TIMUR_ACCESS_EXIT_R059,SERANG TIMUR,ACCESS,-,EXIT,75.00,-6.11705239,106.18225658
25_SERANG_TIMUR_ACCESS_EXIT_R059,SERANG TIMUR,ACCESS,-,EXIT,80.00,-6.11709131,106.18223393
25_SERANG_TIMUR_ACCESS_EXIT_R059,SERANG TIMUR,ACCESS,-,EXIT,85.00,-6.11713023,106.18221127
25_SERANG_TIMUR_ACCESS_EXIT_R059,SERANG TIMUR,ACCESS,-,EXIT,90.00,-6.11716914,106.18218861
25_SERANG_TIMUR_ACCESS_EXIT_R059,SERANG TIMUR,ACCESS,-,EXIT,95.00,-6.11720855,106.18216683
25_SERANG_TIMUR_ACCESS_EXIT_R059,SERANG TIMUR,ACCESS,-,EXIT,100.00,-6.11724866,106.18214701
25_SERANG_TIMUR_ACCESS_EXIT_R059,SERANG TIMUR,ACCESS,-,EXIT,105.00,-6.11729305,106.18213978
25_SERANG_TIMUR_ACCESS_EXIT_R059,SERANG TIMUR,ACCESS,-,EXIT,110.00,-6.11733729,106.18213597
25_SERANG_TIMUR_ACCESS_EXIT_R059,SERANG TIMUR,ACCESS,-,EXIT,115.00,-6.11738089,106.18214702
25_SERANG_TIMUR_ACCESS_EXIT_R059,SERANG TIMUR,ACCESS,-,EXIT,120.00,-6.11742449,106.18215807
25_SERANG_TIMUR_ACCESS_EXIT_R059,SERANG TIMUR,ACCESS,-,EXIT,125.00,-6.11746653,106.18217330
25_SERANG_TIMUR_ACCESS_EXIT_R059,SERANG TIMUR,ACCESS,-,EXIT,130.00,-6.11750653,106.18219395
25_SERANG_TIMUR_ACCESS_EXIT_R059,SERANG TIMUR,ACCESS,-,EXIT,135.00,-6.11754654,106.18221460
25_SERANG_TIMUR_ACCESS_EXIT_R059,SERANG TIMUR,ACCESS,-,EXIT,140.00,-6.11758654,106.18223526
25_SERANG_TIMUR_ACCESS_EXIT_R059,SERANG TIMUR,ACCESS,-,EXIT,145.00,-6.11761679,106.18226832
25_SERANG_TIMUR_ACCESS_EXIT_R059,SERANG TIMUR,ACCESS,-,EXIT,150.00,-6.11764604,106.18230268
25_SERANG_TIMUR_ACCESS_EXIT_R059,SERANG TIMUR,ACCESS,-,EXIT,155.00,-6.11767528,106.18233703
25_SERANG_TIMUR_ACCESS_EXIT_R059,SERANG TIMUR,ACCESS,-,EXIT,160.00,-6.11770452,106.18237138
25_SERANG_TIMUR_ACCESS_EXIT_R059,SERANG TIMUR,ACCESS,-,EXIT,165.00,-6.11773377,106.18240574
25_SERANG_TIMUR_ACCESS_EXIT_R059,SERANG TIMUR,ACCESS,-,EXIT,170.00,-6.11776301,106.18244009
25_SERANG_TIMUR_ACCESS_EXIT_R059,SERANG TIMUR,ACCESS,-,EXIT,175.00,-6.11779225,106.18247444
25_SERANG_TIMUR_ACCESS_EXIT_R059,SERANG TIMUR,ACCESS,-,EXIT,180.00,-6.11782150,106.18250880
25_SERANG_TIMUR_ACCESS_EXIT_R059,SERANG TIMUR,ACCESS,-,EXIT,185.00,-6.11785074,106.18254315
25_SERANG_TIMUR_ACCESS_EXIT_R059,SERANG TIMUR,ACCESS,-,EXIT,190.00,-6.11787999,106.18257751
25_SERANG_TIMUR_ACCESS_EXIT_R059,SERANG TIMUR,ACCESS,-,EXIT,195.00,-6.11790923,106.18261186
25_SERANG_TIMUR_ACCESS_EXIT_R059,SERANG TIMUR,ACCESS,-,EXIT,200.00,-6.11793847,106.18264621
25_SERANG_TIMUR_ACCESS_EXIT_R059,SERANG TIMUR,ACCESS,-,EXIT,205.00,-6.11796772,106.18268057
25_SERANG_TIMUR_ACCESS_EXIT_R059,SERANG TIMUR,ACCESS,-,EXIT,210.00,-6.11799696,106.18271492
25_SERANG_TIMUR_ACCESS_EXIT_R059,SERANG TIMUR,ACCESS,-,EXIT,215.00,-6.11802620,106.18274927
25_SERANG_TIMUR_ACCESS_EXIT_R059,SERANG TIMUR,ACCESS,-,EXIT,220.00,-6.11805545,106.18278363
25_SERANG_TIMUR_ACCESS_EXIT_R059,SERANG TIMUR,ACCESS,-,EXIT,225.00,-6.11808469,106.18281798
25_SERANG_TIMUR_ACCESS_EXIT_R059,SERANG TIMUR,ACCESS,-,EXIT,230.00,-6.11811393,106.18285233
25_SERANG_TIMUR_ACCESS_EXIT_R059,SERANG TIMUR,ACCESS,-,EXIT,235.00,-6.11814318,106.18288669
25_SERANG_TIMUR_ACCESS_EXIT_R059,SERANG TIMUR,ACCESS,-,EXIT,240.00,-6.11817242,106.18292104
25_SERANG_TIMUR_ACCESS_EXIT_R059,SERANG TIMUR,ACCESS,-,EXIT,245.00,-6.11820166,106.18295540
25_SERANG_TIMUR_ACCESS_EXIT_R059,SERANG TIMUR,ACCESS,-,EXIT,250.00,-6.11823091,106.18298975
25_SERANG_TIMUR_ACCESS_EXIT_R059,SERANG TIMUR,ACCESS,-,EXIT,255.00,-6.11826015,106.18302410
25_SERANG_TIMUR_ACCESS_EXIT_R059,SERANG TIMUR,ACCESS,-,EXIT,260.00,-6.11828939,106.18305846
25_SERANG_TIMUR_ACCESS_EXIT_R059,SERANG TIMUR,ACCESS,-,EXIT,265.00,-6.11831864,106.18309281
25_SERANG_TIMUR_ACCESS_EXIT_R059,SERANG TIMUR,ACCESS,-,EXIT,270.00,-6.11834619,106.18312851
25_SERANG_TIMUR_ACCESS_EXIT_R059,SERANG TIMUR,ACCESS,-,EXIT,275.00,-6.11837281,106.18316496
25_SERANG_TIMUR_ACCESS_EXIT_R059,SERANG TIMUR,ACCESS,-,EXIT,280.00,-6.11839943,106.18320141
25_SERANG_TIMUR_ACCESS_EXIT_R059,SERANG TIMUR,ACCESS,-,EXIT,285.00,-6.11842605,106.18323786
25_SERANG_TIMUR_ACCESS_EXIT_R059,SERANG TIMUR,ACCESS,-,EXIT,290.00,-6.11845266,106.18327431
25_SERANG_TIMUR_ACCESS_EXIT_R059,SERANG TIMUR,ACCESS,-,EXIT,295.00,-6.11847928,106.18331076
25_SERANG_TIMUR_ACCESS_EXIT_R059,SERANG TIMUR,ACCESS,-,EXIT,300.00,-6.11850590,106.18334720
25_SERANG_TIMUR_ACCESS_EXIT_R059,SERANG TIMUR,ACCESS,-,EXIT,305.00,-6.11853252,106.18338365
25_SERANG_TIMUR_ACCESS_EXIT_R059,SERANG TIMUR,ACCESS,-,EXIT,310.00,-6.11855914,106.18342010
25_SERANG_TIMUR_ACCESS_EXIT_R059,SERANG TIMUR,ACCESS,-,EXIT,315.00,-6.11858412,106.18345770
25_SERANG_TIMUR_ACCESS_EXIT_R059,SERANG TIMUR,ACCESS,-,EXIT,320.00,-6.11860889,106.18349544
25_SERANG_TIMUR_ACCESS_EXIT_R059,SERANG TIMUR,ACCESS,-,EXIT,325.00,-6.11863366,106.18353318
25_SERANG_TIMUR_ACCESS_EXIT_R059,SERANG TIMUR,ACCESS,-,EXIT,330.00,-6.11866057,106.18356941
25_SERANG_TIMUR_ACCESS_EXIT_R059,SERANG TIMUR,ACCESS,-,EXIT,335.00,-6.11868755,106.18360559
25_SERANG_TIMUR_ACCESS_EXIT_R059,SERANG TIMUR,ACCESS,-,EXIT,340.00,-6.11871452,106.18364178
25_SERANG_TIMUR_ACCESS_EXIT_R059,SERANG TIMUR,ACCESS,-,EXIT,345.00,-6.11873913,106.18367956
25_SERANG_TIMUR_ACCESS_EXIT_R059,SERANG TIMUR,ACCESS,-,EXIT,350.00,-6.11876251,106.18371819
25_SERANG_TIMUR_ACCESS_EXIT_R059,SERANG TIMUR,ACCESS,-,EXIT,355.00,-6.11878589,106.18375681
25_SERANG_TIMUR_ACCESS_EXIT_R059,SERANG TIMUR,ACCESS,-,EXIT,360.00,-6.11880837,106.18379595
25_SERANG_TIMUR_ACCESS_EXIT_R059,SERANG TIMUR,ACCESS,-,EXIT,365.00,-6.11882905,106.18383611
25_SERANG_TIMUR_ACCESS_EXIT_R059,SERANG TIMUR,ACCESS,-,EXIT,370.00,-6.11884973,106.18387627
25_SERANG_TIMUR_ACCESS_EXIT_R059,SERANG TIMUR,ACCESS,-,EXIT,375.00,-6.11887084,106.18391620
25_SERANG_TIMUR_ACCESS_EXIT_R059,SERANG TIMUR,ACCESS,-,EXIT,380.00,-6.11889196,106.18395613
25_SERANG_TIMUR_ACCESS_EXIT_R059,SERANG TIMUR,ACCESS,-,EXIT,385.00,-6.11891307,106.18399606
25_SERANG_TIMUR_ACCESS_EXIT_R059,SERANG TIMUR,ACCESS,-,EXIT,390.00,-6.11893418,106.18403598
25_SERANG_TIMUR_ACCESS_EXIT_R059,SERANG TIMUR,ACCESS,-,EXIT,395.00,-6.11895529,106.18407591
25_SERANG_TIMUR_ACCESS_EXIT_R059,SERANG TIMUR,ACCESS,-,EXIT,400.00,-6.11897633,106.18411588
25_SERANG_TIMUR_ACCESS_EXIT_R059,SERANG TIMUR,ACCESS,-,EXIT,405.00,-6.11899737,106.18415585
25_SERANG_TIMUR_ACCESS_EXIT_R059,SERANG TIMUR,ACCESS,-,EXIT,410.00,-6.11901840,106.18419582
25_SERANG_TIMUR_ACCESS_EXIT_R059,SERANG TIMUR,ACCESS,-,EXIT,415.00,-6.11903943,106.18423579
25_SERANG_TIMUR_ACCESS_EXIT_R059,SERANG TIMUR,ACCESS,-,EXIT,420.00,-6.11906056,106.18427572
25_SERANG_TIMUR_ACCESS_EXIT_R059,SERANG TIMUR,ACCESS,-,EXIT,425.00,-6.11908170,106.18431563
25_SERANG_TIMUR_ACCESS_EXIT_R059,SERANG TIMUR,ACCESS,-,EXIT,430.00,-6.11910285,106.18435554
25_SERANG_TIMUR_ACCESS_EXIT_R059,SERANG TIMUR,ACCESS,-,EXIT,435.00,-6.11912400,106.18439545
25_SERANG_TIMUR_ACCESS_EXIT_R059,SERANG TIMUR,ACCESS,-,EXIT,440.00,-6.11914514,106.18443536
25_SERANG_TIMUR_ACCESS_EXIT_R059,SERANG TIMUR,ACCESS,-,EXIT,445.00,-6.11916629,106.18447527
25_SERANG_TIMUR_ACCESS_EXIT_R059,SERANG TIMUR,ACCESS,-,EXIT,450.00,-6.11918744,106.18451518
25_SERANG_TIMUR_ACCESS_EXIT_R059,SERANG TIMUR,ACCESS,-,EXIT,455.00,-6.11920858,106.18455509
25_SERANG_TIMUR_ACCESS_EXIT_R059,SERANG TIMUR,ACCESS,-,EXIT,460.00,-6.11922973,106.18459500
25_SERANG_TIMUR_ACCESS_EXIT_R059,SERANG TIMUR,ACCESS,-,EXIT,465.00,-6.11925088,106.18463491
25_SERANG_TIMUR_ACCESS_EXIT_R059,SERANG TIMUR,ACCESS,-,EXIT,470.00,-6.11927202,106.18467483
25_SERANG_TIMUR_ACCESS_EXIT_R059,SERANG TIMUR,ACCESS,-,EXIT,475.00,-6.11929236,106.18471511
25_SERANG_TIMUR_ACCESS_EXIT_R059,SERANG TIMUR,ACCESS,-,EXIT,480.00,-6.11930871,106.18475724
25_SERANG_TIMUR_ACCESS_EXIT_R059,SERANG TIMUR,ACCESS,-,EXIT,485.00,-6.11932507,106.18479936
25_SERANG_TIMUR_ACCESS_EXIT_R059,SERANG TIMUR,ACCESS,-,EXIT,490.00,-6.11934142,106.18484149
25_SERANG_TIMUR_ACCESS_EXIT_R059,SERANG TIMUR,ACCESS,-,EXIT,495.00,-6.11935778,106.18488362
25_SERANG_TIMUR_ACCESS_EXIT_R059,SERANG TIMUR,ACCESS,-,EXIT,500.00,-6.11937413,106.18492574
25_SERANG_TIMUR_ACCESS_EXIT_R059,SERANG TIMUR,ACCESS,-,EXIT,505.00,-6.11939049,106.18496787
25_SERANG_TIMUR_ACCESS_EXIT_R059,SERANG TIMUR,ACCESS,-,EXIT,510.00,-6.11940684,106.18501000
25_SERANG_TIMUR_ACCESS_EXIT_R059,SERANG TIMUR,ACCESS,-,EXIT,515.00,-6.11942319,106.18505212
25_SERANG_TIMUR_ACCESS_EXIT_R059,SERANG TIMUR,ACCESS,-,EXIT,520.00,-6.11943955,106.18509425
25_SERANG_TIMUR_ACCESS_EXIT_R059,SERANG TIMUR,ACCESS,-,EXIT,525.00,-6.11945590,106.18513638
25_SERANG_TIMUR_ACCESS_EXIT_R059,SERANG TIMUR,ACCESS,-,EXIT,530.00,-6.11947226,106.18517850
25_SERANG_TIMUR_ACCESS_EXIT_R059,SERANG TIMUR,ACCESS,-,EXIT,535.00,-6.11948861,106.18522063
25_SERANG_TIMUR_ACCESS_EXIT_R059,SERANG TIMUR,ACCESS,-,EXIT,540.00,-6.11950496,106.18526276
25_SERANG_TIMUR_ACCESS_EXIT_R059,SERANG TIMUR,ACCESS,-,EXIT,545.00,-6.11952132,106.18530488
25_SERANG_TIMUR_ACCESS_EXIT_R059,SERANG TIMUR,ACCESS,-,EXIT,550.00,-6.11953698,106.18534728
25_SERANG_TIMUR_ACCESS_EXIT_R059,SERANG TIMUR,ACCESS,-,EXIT,555.00,-6.11955257,106.18538969
25_SERANG_TIMUR_ACCESS_EXIT_R059,SERANG TIMUR,ACCESS,-,EXIT,560.00,-6.11956816,106.18543211
25_SERANG_TIMUR_ACCESS_EXIT_R059,SERANG TIMUR,ACCESS,-,EXIT,565.00,-6.11958375,106.18547453
25_SERANG_TIMUR_ACCESS_EXIT_R059,SERANG TIMUR,ACCESS,-,EXIT,570.00,-6.11959934,106.18551695
25_SERANG_TIMUR_ACCESS_EXIT_R059,SERANG TIMUR,ACCESS,-,EXIT,575.00,-6.11961493,106.18555937
25_SERANG_TIMUR_ACCESS_EXIT_R059,SERANG TIMUR,ACCESS,-,EXIT,580.00,-6.11963053,106.18560179
25_SERANG_TIMUR_ACCESS_EXIT_R059,SERANG TIMUR,ACCESS,-,EXIT,585.00,-6.11964612,106.18564420
25_SERANG_TIMUR_ACCESS_EXIT_R059,SERANG TIMUR,ACCESS,-,EXIT,590.00,-6.11966171,106.18568662
25_SERANG_TIMUR_ACCESS_EXIT_R059,SERANG TIMUR,ACCESS,-,EXIT,595.00,-6.11967730,106.18572904
25_SERANG_TIMUR_ACCESS_EXIT_R059,SERANG TIMUR,ACCESS,-,EXIT,600.00,-6.11969289,106.18577146
25_SERANG_TIMUR_ACCESS_EXIT_R059,SERANG TIMUR,ACCESS,-,EXIT,605.00,-6.11970899,106.18581368
25_SERANG_TIMUR_ACCESS_EXIT_R059,SERANG TIMUR,ACCESS,-,EXIT,610.00,-6.11972529,106.18585583
25_SERANG_TIMUR_ACCESS_EXIT_R059,SERANG TIMUR,ACCESS,-,EXIT,615.00,-6.11974160,106.18589797
25_SERANG_TIMUR_ACCESS_EXIT_R059,SERANG TIMUR,ACCESS,-,EXIT,617.85,-6.11975090,106.18592200
25_SERANG_TIMUR_ACCESS_MOS_JL_PANTURA_ENTRANCE_R060,SERANG TIMUR,ACCESS,MOS (Jl. Pantura),ENTRANCE,0.00,-6.12062480,106.18166330
25_SERANG_TIMUR_ACCESS_MOS_JL_PANTURA_ENTRANCE_R060,SERANG TIMUR,ACCESS,MOS (Jl. Pantura),ENTRANCE,5.00,-6.12060796,106.18162137
25_SERANG_TIMUR_ACCESS_MOS_JL_PANTURA_ENTRANCE_R060,SERANG TIMUR,ACCESS,MOS (Jl. Pantura),ENTRANCE,10.00,-6.12058931,106.18158026
25_SERANG_TIMUR_ACCESS_MOS_JL_PANTURA_ENTRANCE_R060,SERANG TIMUR,ACCESS,MOS (Jl. Pantura),ENTRANCE,15.00,-6.12056798,106.18154061
25_SERANG_TIMUR_ACCESS_MOS_JL_PANTURA_ENTRANCE_R060,SERANG TIMUR,ACCESS,MOS (Jl. Pantura),ENTRANCE,20.00,-6.12054317,106.18150289
25_SERANG_TIMUR_ACCESS_MOS_JL_PANTURA_ENTRANCE_R060,SERANG TIMUR,ACCESS,MOS (Jl. Pantura),ENTRANCE,25.00,-6.12051765,106.18146574
25_SERANG_TIMUR_ACCESS_MOS_JL_PANTURA_ENTRANCE_R060,SERANG TIMUR,ACCESS,MOS (Jl. Pantura),ENTRANCE,30.00,-6.12048687,106.18143282
25_SERANG_TIMUR_ACCESS_MOS_JL_PANTURA_ENTRANCE_R060,SERANG TIMUR,ACCESS,MOS (Jl. Pantura),ENTRANCE,35.00,-6.12044982,106.18140719
25_SERANG_TIMUR_ACCESS_MOS_JL_PANTURA_ENTRANCE_R060,SERANG TIMUR,ACCESS,MOS (Jl. Pantura),ENTRANCE,40.00,-6.12040740,106.18139295
25_SERANG_TIMUR_ACCESS_MOS_JL_PANTURA_ENTRANCE_R060,SERANG TIMUR,ACCESS,MOS (Jl. Pantura),ENTRANCE,45.00,-6.12036310,106.18138623
25_SERANG_TIMUR_ACCESS_MOS_JL_PANTURA_ENTRANCE_R060,SERANG TIMUR,ACCESS,MOS (Jl. Pantura),ENTRANCE,50.00,-6.12031831,106.18138246
25_SERANG_TIMUR_ACCESS_MOS_JL_PANTURA_ENTRANCE_R060,SERANG TIMUR,ACCESS,MOS (Jl. Pantura),ENTRANCE,55.00,-6.12027334,106.18138216
25_SERANG_TIMUR_ACCESS_MOS_JL_PANTURA_ENTRANCE_R060,SERANG TIMUR,ACCESS,MOS (Jl. Pantura),ENTRANCE,60.00,-6.12022838,106.18138210
25_SERANG_TIMUR_ACCESS_MOS_JL_PANTURA_ENTRANCE_R060,SERANG TIMUR,ACCESS,MOS (Jl. Pantura),ENTRANCE,65.00,-6.12018343,106.18138324
25_SERANG_TIMUR_ACCESS_MOS_JL_PANTURA_ENTRANCE_R060,SERANG TIMUR,ACCESS,MOS (Jl. Pantura),ENTRANCE,70.00,-6.12013848,106.18138438
25_SERANG_TIMUR_ACCESS_MOS_JL_PANTURA_ENTRANCE_R060,SERANG TIMUR,ACCESS,MOS (Jl. Pantura),ENTRANCE,75.00,-6.12009353,106.18138552
25_SERANG_TIMUR_ACCESS_MOS_JL_PANTURA_ENTRANCE_R060,SERANG TIMUR,ACCESS,MOS (Jl. Pantura),ENTRANCE,80.00,-6.12004857,106.18138666
25_SERANG_TIMUR_ACCESS_MOS_JL_PANTURA_ENTRANCE_R060,SERANG TIMUR,ACCESS,MOS (Jl. Pantura),ENTRANCE,85.00,-6.12000362,106.18138780
25_SERANG_TIMUR_ACCESS_MOS_JL_PANTURA_ENTRANCE_R060,SERANG TIMUR,ACCESS,MOS (Jl. Pantura),ENTRANCE,90.00,-6.11995867,106.18138894
25_SERANG_TIMUR_ACCESS_MOS_JL_PANTURA_ENTRANCE_R060,SERANG TIMUR,ACCESS,MOS (Jl. Pantura),ENTRANCE,95.00,-6.11991372,106.18139008
25_SERANG_TIMUR_ACCESS_MOS_JL_PANTURA_ENTRANCE_R060,SERANG TIMUR,ACCESS,MOS (Jl. Pantura),ENTRANCE,100.00,-6.11986900,106.18138839
25_SERANG_TIMUR_ACCESS_MOS_JL_PANTURA_ENTRANCE_R060,SERANG TIMUR,ACCESS,MOS (Jl. Pantura),ENTRANCE,105.00,-6.11982553,106.18137696
25_SERANG_TIMUR_ACCESS_MOS_JL_PANTURA_ENTRANCE_R060,SERANG TIMUR,ACCESS,MOS (Jl. Pantura),ENTRANCE,110.00,-6.11978176,106.18136662
25_SERANG_TIMUR_ACCESS_MOS_JL_PANTURA_ENTRANCE_R060,SERANG TIMUR,ACCESS,MOS (Jl. Pantura),ENTRANCE,115.00,-6.11973701,106.18136813
25_SERANG_TIMUR_ACCESS_MOS_JL_PANTURA_ENTRANCE_R060,SERANG TIMUR,ACCESS,MOS (Jl. Pantura),ENTRANCE,120.00,-6.11969213,106.18137108
25_SERANG_TIMUR_ACCESS_MOS_JL_PANTURA_ENTRANCE_R060,SERANG TIMUR,ACCESS,MOS (Jl. Pantura),ENTRANCE,125.00,-6.11964726,106.18137403
25_SERANG_TIMUR_ACCESS_MOS_JL_PANTURA_ENTRANCE_R060,SERANG TIMUR,ACCESS,MOS (Jl. Pantura),ENTRANCE,130.00,-6.11960239,106.18137697
25_SERANG_TIMUR_ACCESS_MOS_JL_PANTURA_ENTRANCE_R060,SERANG TIMUR,ACCESS,MOS (Jl. Pantura),ENTRANCE,135.00,-6.11955752,106.18137992
25_SERANG_TIMUR_ACCESS_MOS_JL_PANTURA_ENTRANCE_R060,SERANG TIMUR,ACCESS,MOS (Jl. Pantura),ENTRANCE,140.00,-6.11951265,106.18138287
25_SERANG_TIMUR_ACCESS_MOS_JL_PANTURA_ENTRANCE_R060,SERANG TIMUR,ACCESS,MOS (Jl. Pantura),ENTRANCE,145.00,-6.11946778,106.18138582
25_SERANG_TIMUR_ACCESS_MOS_JL_PANTURA_ENTRANCE_R060,SERANG TIMUR,ACCESS,MOS (Jl. Pantura),ENTRANCE,150.00,-6.11942291,106.18138877
25_SERANG_TIMUR_ACCESS_MOS_JL_PANTURA_ENTRANCE_R060,SERANG TIMUR,ACCESS,MOS (Jl. Pantura),ENTRANCE,155.00,-6.11937804,106.18139172
25_SERANG_TIMUR_ACCESS_MOS_JL_PANTURA_ENTRANCE_R060,SERANG TIMUR,ACCESS,MOS (Jl. Pantura),ENTRANCE,160.00,-6.11933317,106.18139467
25_SERANG_TIMUR_ACCESS_MOS_JL_PANTURA_ENTRANCE_R060,SERANG TIMUR,ACCESS,MOS (Jl. Pantura),ENTRANCE,165.00,-6.11928830,106.18139762
25_SERANG_TIMUR_ACCESS_MOS_JL_PANTURA_ENTRANCE_R060,SERANG TIMUR,ACCESS,MOS (Jl. Pantura),ENTRANCE,170.00,-6.11924343,106.18140056
25_SERANG_TIMUR_ACCESS_MOS_JL_PANTURA_ENTRANCE_R060,SERANG TIMUR,ACCESS,MOS (Jl. Pantura),ENTRANCE,175.00,-6.11919856,106.18140351
25_SERANG_TIMUR_ACCESS_MOS_JL_PANTURA_ENTRANCE_R060,SERANG TIMUR,ACCESS,MOS (Jl. Pantura),ENTRANCE,180.00,-6.11915369,106.18140646
25_SERANG_TIMUR_ACCESS_MOS_JL_PANTURA_ENTRANCE_R060,SERANG TIMUR,ACCESS,MOS (Jl. Pantura),ENTRANCE,185.00,-6.11910882,106.18140941
25_SERANG_TIMUR_ACCESS_MOS_JL_PANTURA_ENTRANCE_R060,SERANG TIMUR,ACCESS,MOS (Jl. Pantura),ENTRANCE,190.00,-6.11906395,106.18141236
25_SERANG_TIMUR_ACCESS_MOS_JL_PANTURA_ENTRANCE_R060,SERANG TIMUR,ACCESS,MOS (Jl. Pantura),ENTRANCE,195.00,-6.11901929,106.18141749
25_SERANG_TIMUR_ACCESS_MOS_JL_PANTURA_ENTRANCE_R060,SERANG TIMUR,ACCESS,MOS (Jl. Pantura),ENTRANCE,200.00,-6.11897468,106.18142322
25_SERANG_TIMUR_ACCESS_MOS_JL_PANTURA_ENTRANCE_R060,SERANG TIMUR,ACCESS,MOS (Jl. Pantura),ENTRANCE,205.00,-6.11893009,106.18142901
25_SERANG_TIMUR_ACCESS_MOS_JL_PANTURA_ENTRANCE_R060,SERANG TIMUR,ACCESS,MOS (Jl. Pantura),ENTRANCE,210.00,-6.11888550,106.18143486
25_SERANG_TIMUR_ACCESS_MOS_JL_PANTURA_ENTRANCE_R060,SERANG TIMUR,ACCESS,MOS (Jl. Pantura),ENTRANCE,215.00,-6.11884091,106.18144072
25_SERANG_TIMUR_ACCESS_MOS_JL_PANTURA_ENTRANCE_R060,SERANG TIMUR,ACCESS,MOS (Jl. Pantura),ENTRANCE,220.00,-6.11879647,106.18144734
25_SERANG_TIMUR_ACCESS_MOS_JL_PANTURA_ENTRANCE_R060,SERANG TIMUR,ACCESS,MOS (Jl. Pantura),ENTRANCE,225.00,-6.11875284,106.18145829
25_SERANG_TIMUR_ACCESS_MOS_JL_PANTURA_ENTRANCE_R060,SERANG TIMUR,ACCESS,MOS (Jl. Pantura),ENTRANCE,230.00,-6.11870921,106.18146924
25_SERANG_TIMUR_ACCESS_MOS_JL_PANTURA_ENTRANCE_R060,SERANG TIMUR,ACCESS,MOS (Jl. Pantura),ENTRANCE,235.00,-6.11866559,106.18148019
25_SERANG_TIMUR_ACCESS_MOS_JL_PANTURA_ENTRANCE_R060,SERANG TIMUR,ACCESS,MOS (Jl. Pantura),ENTRANCE,240.00,-6.11862196,106.18149115
25_SERANG_TIMUR_ACCESS_MOS_JL_PANTURA_ENTRANCE_R060,SERANG TIMUR,ACCESS,MOS (Jl. Pantura),ENTRANCE,245.00,-6.11857833,106.18150210
25_SERANG_TIMUR_ACCESS_MOS_JL_PANTURA_ENTRANCE_R060,SERANG TIMUR,ACCESS,MOS (Jl. Pantura),ENTRANCE,250.00,-6.11853466,106.18151286
25_SERANG_TIMUR_ACCESS_MOS_JL_PANTURA_ENTRANCE_R060,SERANG TIMUR,ACCESS,MOS (Jl. Pantura),ENTRANCE,255.00,-6.11849095,106.18152347
25_SERANG_TIMUR_ACCESS_MOS_JL_PANTURA_ENTRANCE_R060,SERANG TIMUR,ACCESS,MOS (Jl. Pantura),ENTRANCE,260.00,-6.11844734,106.18153446
25_SERANG_TIMUR_ACCESS_MOS_JL_PANTURA_ENTRANCE_R060,SERANG TIMUR,ACCESS,MOS (Jl. Pantura),ENTRANCE,265.00,-6.11840416,106.18154708
25_SERANG_TIMUR_ACCESS_MOS_JL_PANTURA_ENTRANCE_R060,SERANG TIMUR,ACCESS,MOS (Jl. Pantura),ENTRANCE,270.00,-6.11836098,106.18155971
25_SERANG_TIMUR_ACCESS_MOS_JL_PANTURA_ENTRANCE_R060,SERANG TIMUR,ACCESS,MOS (Jl. Pantura),ENTRANCE,275.00,-6.11831780,106.18157233
25_SERANG_TIMUR_ACCESS_MOS_JL_PANTURA_ENTRANCE_R060,SERANG TIMUR,ACCESS,MOS (Jl. Pantura),ENTRANCE,280.00,-6.11827462,106.18158496
25_SERANG_TIMUR_ACCESS_MOS_JL_PANTURA_ENTRANCE_R060,SERANG TIMUR,ACCESS,MOS (Jl. Pantura),ENTRANCE,285.00,-6.11823147,106.18159768
25_SERANG_TIMUR_ACCESS_MOS_JL_PANTURA_ENTRANCE_R060,SERANG TIMUR,ACCESS,MOS (Jl. Pantura),ENTRANCE,290.00,-6.11818869,106.18161161
25_SERANG_TIMUR_ACCESS_MOS_JL_PANTURA_ENTRANCE_R060,SERANG TIMUR,ACCESS,MOS (Jl. Pantura),ENTRANCE,295.00,-6.11814635,106.18162678
25_SERANG_TIMUR_ACCESS_MOS_JL_PANTURA_ENTRANCE_R060,SERANG TIMUR,ACCESS,MOS (Jl. Pantura),ENTRANCE,300.00,-6.11810500,106.18164452
25_SERANG_TIMUR_ACCESS_MOS_JL_PANTURA_ENTRANCE_R060,SERANG TIMUR,ACCESS,MOS (Jl. Pantura),ENTRANCE,305.00,-6.11806348,106.18166188
25_SERANG_TIMUR_ACCESS_MOS_JL_PANTURA_ENTRANCE_R060,SERANG TIMUR,ACCESS,MOS (Jl. Pantura),ENTRANCE,310.00,-6.11802196,106.18167924
25_SERANG_TIMUR_ACCESS_MOS_JL_PANTURA_ENTRANCE_R060,SERANG TIMUR,ACCESS,MOS (Jl. Pantura),ENTRANCE,315.00,-6.11798044,106.18169661
25_SERANG_TIMUR_ACCESS_MOS_JL_PANTURA_ENTRANCE_R060,SERANG TIMUR,ACCESS,MOS (Jl. Pantura),ENTRANCE,320.00,-6.11793892,106.18171397
25_SERANG_TIMUR_ACCESS_MOS_JL_PANTURA_ENTRANCE_R060,SERANG TIMUR,ACCESS,MOS (Jl. Pantura),ENTRANCE,325.00,-6.11789740,106.18173134
25_SERANG_TIMUR_ACCESS_MOS_JL_PANTURA_ENTRANCE_R060,SERANG TIMUR,ACCESS,MOS (Jl. Pantura),ENTRANCE,330.00,-6.11785588,106.18174870
25_SERANG_TIMUR_ACCESS_MOS_JL_PANTURA_ENTRANCE_R060,SERANG TIMUR,ACCESS,MOS (Jl. Pantura),ENTRANCE,335.00,-6.11781488,106.18176721
25_SERANG_TIMUR_ACCESS_MOS_JL_PANTURA_ENTRANCE_R060,SERANG TIMUR,ACCESS,MOS (Jl. Pantura),ENTRANCE,340.00,-6.11777441,106.18178692
25_SERANG_TIMUR_ACCESS_MOS_JL_PANTURA_ENTRANCE_R060,SERANG TIMUR,ACCESS,MOS (Jl. Pantura),ENTRANCE,345.00,-6.11773394,106.18180663
25_SERANG_TIMUR_ACCESS_MOS_JL_PANTURA_ENTRANCE_R060,SERANG TIMUR,ACCESS,MOS (Jl. Pantura),ENTRANCE,350.00,-6.11769347,106.18182634
25_SERANG_TIMUR_ACCESS_MOS_JL_PANTURA_ENTRANCE_R060,SERANG TIMUR,ACCESS,MOS (Jl. Pantura),ENTRANCE,355.00,-6.11765300,106.18184605
25_SERANG_TIMUR_ACCESS_MOS_JL_PANTURA_ENTRANCE_R060,SERANG TIMUR,ACCESS,MOS (Jl. Pantura),ENTRANCE,360.00,-6.11761253,106.18186577
25_SERANG_TIMUR_ACCESS_MOS_JL_PANTURA_ENTRANCE_R060,SERANG TIMUR,ACCESS,MOS (Jl. Pantura),ENTRANCE,365.00,-6.11757194,106.18188524
25_SERANG_TIMUR_ACCESS_MOS_JL_PANTURA_ENTRANCE_R060,SERANG TIMUR,ACCESS,MOS (Jl. Pantura),ENTRANCE,370.00,-6.11753134,106.18190468
25_SERANG_TIMUR_ACCESS_MOS_JL_PANTURA_ENTRANCE_R060,SERANG TIMUR,ACCESS,MOS (Jl. Pantura),ENTRANCE,375.00,-6.11749074,106.18192411
25_SERANG_TIMUR_ACCESS_MOS_JL_PANTURA_ENTRANCE_R060,SERANG TIMUR,ACCESS,MOS (Jl. Pantura),ENTRANCE,380.00,-6.11745014,106.18194354
25_SERANG_TIMUR_ACCESS_MOS_JL_PANTURA_ENTRANCE_R060,SERANG TIMUR,ACCESS,MOS (Jl. Pantura),ENTRANCE,385.00,-6.11740953,106.18196298
25_SERANG_TIMUR_ACCESS_MOS_JL_PANTURA_ENTRANCE_R060,SERANG TIMUR,ACCESS,MOS (Jl. Pantura),ENTRANCE,390.00,-6.11736893,106.18198241
25_SERANG_TIMUR_ACCESS_MOS_JL_PANTURA_ENTRANCE_R060,SERANG TIMUR,ACCESS,MOS (Jl. Pantura),ENTRANCE,395.00,-6.11732852,106.18200223
25_SERANG_TIMUR_ACCESS_MOS_JL_PANTURA_ENTRANCE_R060,SERANG TIMUR,ACCESS,MOS (Jl. Pantura),ENTRANCE,400.00,-6.11728849,106.18202283
25_SERANG_TIMUR_ACCESS_MOS_JL_PANTURA_ENTRANCE_R060,SERANG TIMUR,ACCESS,MOS (Jl. Pantura),ENTRANCE,405.00,-6.11724846,106.18204343
25_SERANG_TIMUR_ACCESS_MOS_JL_PANTURA_ENTRANCE_R060,SERANG TIMUR,ACCESS,MOS (Jl. Pantura),ENTRANCE,410.00,-6.11720843,106.18206403
25_SERANG_TIMUR_ACCESS_MOS_JL_PANTURA_ENTRANCE_R060,SERANG TIMUR,ACCESS,MOS (Jl. Pantura),ENTRANCE,415.00,-6.11716840,106.18208463
25_SERANG_TIMUR_ACCESS_MOS_JL_PANTURA_ENTRANCE_R060,SERANG TIMUR,ACCESS,MOS (Jl. Pantura),ENTRANCE,420.00,-6.11712837,106.18210523
25_SERANG_TIMUR_ACCESS_MOS_JL_PANTURA_ENTRANCE_R060,SERANG TIMUR,ACCESS,MOS (Jl. Pantura),ENTRANCE,425.00,-6.11708834,106.18212583
25_SERANG_TIMUR_ACCESS_MOS_JL_PANTURA_ENTRANCE_R060,SERANG TIMUR,ACCESS,MOS (Jl. Pantura),ENTRANCE,430.00,-6.11704831,106.18214643
25_SERANG_TIMUR_ACCESS_MOS_JL_PANTURA_ENTRANCE_R060,SERANG TIMUR,ACCESS,MOS (Jl. Pantura),ENTRANCE,435.00,-6.11700857,106.18216757
25_SERANG_TIMUR_ACCESS_MOS_JL_PANTURA_ENTRANCE_R060,SERANG TIMUR,ACCESS,MOS (Jl. Pantura),ENTRANCE,440.00,-6.11696993,106.18219069
25_SERANG_TIMUR_ACCESS_MOS_JL_PANTURA_ENTRANCE_R060,SERANG TIMUR,ACCESS,MOS (Jl. Pantura),ENTRANCE,445.00,-6.11693129,106.18221382
25_SERANG_TIMUR_ACCESS_MOS_JL_PANTURA_ENTRANCE_R060,SERANG TIMUR,ACCESS,MOS (Jl. Pantura),ENTRANCE,450.00,-6.11689265,106.18223695
25_SERANG_TIMUR_ACCESS_MOS_JL_PANTURA_ENTRANCE_R060,SERANG TIMUR,ACCESS,MOS (Jl. Pantura),ENTRANCE,455.00,-6.11685401,106.18226008
25_SERANG_TIMUR_ACCESS_MOS_JL_PANTURA_ENTRANCE_R060,SERANG TIMUR,ACCESS,MOS (Jl. Pantura),ENTRANCE,460.00,-6.11681537,106.18228321
25_SERANG_TIMUR_ACCESS_MOS_JL_PANTURA_ENTRANCE_R060,SERANG TIMUR,ACCESS,MOS (Jl. Pantura),ENTRANCE,465.00,-6.11677673,106.18230634
25_SERANG_TIMUR_ACCESS_MOS_JL_PANTURA_ENTRANCE_R060,SERANG TIMUR,ACCESS,MOS (Jl. Pantura),ENTRANCE,470.00,-6.11673809,106.18232947
25_SERANG_TIMUR_ACCESS_MOS_JL_PANTURA_ENTRANCE_R060,SERANG TIMUR,ACCESS,MOS (Jl. Pantura),ENTRANCE,475.00,-6.11670010,106.18235364
25_SERANG_TIMUR_ACCESS_MOS_JL_PANTURA_ENTRANCE_R060,SERANG TIMUR,ACCESS,MOS (Jl. Pantura),ENTRANCE,480.00,-6.11666240,106.18237830
25_SERANG_TIMUR_ACCESS_MOS_JL_PANTURA_ENTRANCE_R060,SERANG TIMUR,ACCESS,MOS (Jl. Pantura),ENTRANCE,485.00,-6.11662471,106.18240296
25_SERANG_TIMUR_ACCESS_MOS_JL_PANTURA_ENTRANCE_R060,SERANG TIMUR,ACCESS,MOS (Jl. Pantura),ENTRANCE,490.00,-6.11658702,106.18242762
25_SERANG_TIMUR_ACCESS_MOS_JL_PANTURA_ENTRANCE_R060,SERANG TIMUR,ACCESS,MOS (Jl. Pantura),ENTRANCE,495.00,-6.11655024,106.18245363
25_SERANG_TIMUR_ACCESS_MOS_JL_PANTURA_ENTRANCE_R060,SERANG TIMUR,ACCESS,MOS (Jl. Pantura),ENTRANCE,500.00,-6.11651475,106.18248131
25_SERANG_TIMUR_ACCESS_MOS_JL_PANTURA_ENTRANCE_R060,SERANG TIMUR,ACCESS,MOS (Jl. Pantura),ENTRANCE,505.00,-6.11648116,106.18251137
25_SERANG_TIMUR_ACCESS_MOS_JL_PANTURA_ENTRANCE_R060,SERANG TIMUR,ACCESS,MOS (Jl. Pantura),ENTRANCE,510.00,-6.11644757,106.18254143
25_SERANG_TIMUR_ACCESS_MOS_JL_PANTURA_ENTRANCE_R060,SERANG TIMUR,ACCESS,MOS (Jl. Pantura),ENTRANCE,511.42,-6.11643800,106.18255000
25_SERANG_TIMUR_ACCESS_PETAK_PAPAT_JL_ARMADA_ALL_R061,SERANG TIMUR,ACCESS,PETAK PAPAT (Jl. Armada),ALL,0.00,-6.10566340,106.17642300
25_SERANG_TIMUR_ACCESS_PETAK_PAPAT_JL_ARMADA_ALL_R061,SERANG TIMUR,ACCESS,PETAK PAPAT (Jl. Armada),ALL,5.00,-6.10569988,106.17644943
25_SERANG_TIMUR_ACCESS_PETAK_PAPAT_JL_ARMADA_ALL_R061,SERANG TIMUR,ACCESS,PETAK PAPAT (Jl. Armada),ALL,10.00,-6.10573637,106.17647587
25_SERANG_TIMUR_ACCESS_PETAK_PAPAT_JL_ARMADA_ALL_R061,SERANG TIMUR,ACCESS,PETAK PAPAT (Jl. Armada),ALL,15.00,-6.10577285,106.17650230
25_SERANG_TIMUR_ACCESS_PETAK_PAPAT_JL_ARMADA_ALL_R061,SERANG TIMUR,ACCESS,PETAK PAPAT (Jl. Armada),ALL,20.00,-6.10580934,106.17652874
25_SERANG_TIMUR_ACCESS_PETAK_PAPAT_JL_ARMADA_ALL_R061,SERANG TIMUR,ACCESS,PETAK PAPAT (Jl. Armada),ALL,25.00,-6.10584582,106.17655517
25_SERANG_TIMUR_ACCESS_PETAK_PAPAT_JL_ARMADA_ALL_R061,SERANG TIMUR,ACCESS,PETAK PAPAT (Jl. Armada),ALL,30.00,-6.10588230,106.17658161
25_SERANG_TIMUR_ACCESS_PETAK_PAPAT_JL_ARMADA_ALL_R061,SERANG TIMUR,ACCESS,PETAK PAPAT (Jl. Armada),ALL,35.00,-6.10591905,106.17660766
25_SERANG_TIMUR_ACCESS_PETAK_PAPAT_JL_ARMADA_ALL_R061,SERANG TIMUR,ACCESS,PETAK PAPAT (Jl. Armada),ALL,40.00,-6.10595619,106.17663315
25_SERANG_TIMUR_ACCESS_PETAK_PAPAT_JL_ARMADA_ALL_R061,SERANG TIMUR,ACCESS,PETAK PAPAT (Jl. Armada),ALL,45.00,-6.10599334,106.17665864
25_SERANG_TIMUR_ACCESS_PETAK_PAPAT_JL_ARMADA_ALL_R061,SERANG TIMUR,ACCESS,PETAK PAPAT (Jl. Armada),ALL,50.00,-6.10603049,106.17668411
25_SERANG_TIMUR_ACCESS_PETAK_PAPAT_JL_ARMADA_ALL_R061,SERANG TIMUR,ACCESS,PETAK PAPAT (Jl. Armada),ALL,55.00,-6.10606767,106.17670956
25_SERANG_TIMUR_ACCESS_PETAK_PAPAT_JL_ARMADA_ALL_R061,SERANG TIMUR,ACCESS,PETAK PAPAT (Jl. Armada),ALL,60.00,-6.10610484,106.17673500
25_SERANG_TIMUR_ACCESS_PETAK_PAPAT_JL_ARMADA_ALL_R061,SERANG TIMUR,ACCESS,PETAK PAPAT (Jl. Armada),ALL,65.00,-6.10614201,106.17676045
25_SERANG_TIMUR_ACCESS_PETAK_PAPAT_JL_ARMADA_ALL_R061,SERANG TIMUR,ACCESS,PETAK PAPAT (Jl. Armada),ALL,70.00,-6.10617913,106.17678597
25_SERANG_TIMUR_ACCESS_PETAK_PAPAT_JL_ARMADA_ALL_R061,SERANG TIMUR,ACCESS,PETAK PAPAT (Jl. Armada),ALL,75.00,-6.10621645,106.17681120
25_SERANG_TIMUR_ACCESS_PETAK_PAPAT_JL_ARMADA_ALL_R061,SERANG TIMUR,ACCESS,PETAK PAPAT (Jl. Armada),ALL,80.00,-6.10625421,106.17683575
25_SERANG_TIMUR_ACCESS_PETAK_PAPAT_JL_ARMADA_ALL_R061,SERANG TIMUR,ACCESS,PETAK PAPAT (Jl. Armada),ALL,85.00,-6.10629197,106.17686030
25_SERANG_TIMUR_ACCESS_PETAK_PAPAT_JL_ARMADA_ALL_R061,SERANG TIMUR,ACCESS,PETAK PAPAT (Jl. Armada),ALL,90.00,-6.10632974,106.17688484
25_SERANG_TIMUR_ACCESS_PETAK_PAPAT_JL_ARMADA_ALL_R061,SERANG TIMUR,ACCESS,PETAK PAPAT (Jl. Armada),ALL,95.00,-6.10636750,106.17690939
25_SERANG_TIMUR_ACCESS_PETAK_PAPAT_JL_ARMADA_ALL_R061,SERANG TIMUR,ACCESS,PETAK PAPAT (Jl. Armada),ALL,100.00,-6.10640527,106.17693394
25_SERANG_TIMUR_ACCESS_PETAK_PAPAT_JL_ARMADA_ALL_R061,SERANG TIMUR,ACCESS,PETAK PAPAT (Jl. Armada),ALL,105.00,-6.10644303,106.17695849
25_SERANG_TIMUR_ACCESS_PETAK_PAPAT_JL_ARMADA_ALL_R061,SERANG TIMUR,ACCESS,PETAK PAPAT (Jl. Armada),ALL,110.00,-6.10648149,106.17698192
25_SERANG_TIMUR_ACCESS_PETAK_PAPAT_JL_ARMADA_ALL_R061,SERANG TIMUR,ACCESS,PETAK PAPAT (Jl. Armada),ALL,115.00,-6.10652018,106.17700495
25_SERANG_TIMUR_ACCESS_PETAK_PAPAT_JL_ARMADA_ALL_R061,SERANG TIMUR,ACCESS,PETAK PAPAT (Jl. Armada),ALL,120.00,-6.10655888,106.17702798
25_SERANG_TIMUR_ACCESS_PETAK_PAPAT_JL_ARMADA_ALL_R061,SERANG TIMUR,ACCESS,PETAK PAPAT (Jl. Armada),ALL,125.00,-6.10659758,106.17705101
25_SERANG_TIMUR_ACCESS_PETAK_PAPAT_JL_ARMADA_ALL_R061,SERANG TIMUR,ACCESS,PETAK PAPAT (Jl. Armada),ALL,130.00,-6.10663627,106.17707405
25_SERANG_TIMUR_ACCESS_PETAK_PAPAT_JL_ARMADA_ALL_R061,SERANG TIMUR,ACCESS,PETAK PAPAT (Jl. Armada),ALL,135.00,-6.10667497,106.17709707
25_SERANG_TIMUR_ACCESS_PETAK_PAPAT_JL_ARMADA_ALL_R061,SERANG TIMUR,ACCESS,PETAK PAPAT (Jl. Armada),ALL,140.00,-6.10671367,106.17712010
25_SERANG_TIMUR_ACCESS_PETAK_PAPAT_JL_ARMADA_ALL_R061,SERANG TIMUR,ACCESS,PETAK PAPAT (Jl. Armada),ALL,145.00,-6.10675237,106.17714313
25_SERANG_TIMUR_ACCESS_PETAK_PAPAT_JL_ARMADA_ALL_R061,SERANG TIMUR,ACCESS,PETAK PAPAT (Jl. Armada),ALL,150.00,-6.10679107,106.17716616
25_SERANG_TIMUR_ACCESS_PETAK_PAPAT_JL_ARMADA_ALL_R061,SERANG TIMUR,ACCESS,PETAK PAPAT (Jl. Armada),ALL,155.00,-6.10682977,106.17718919
25_SERANG_TIMUR_ACCESS_PETAK_PAPAT_JL_ARMADA_ALL_R061,SERANG TIMUR,ACCESS,PETAK PAPAT (Jl. Armada),ALL,160.00,-6.10686847,106.17721222
25_SERANG_TIMUR_ACCESS_PETAK_PAPAT_JL_ARMADA_ALL_R061,SERANG TIMUR,ACCESS,PETAK PAPAT (Jl. Armada),ALL,165.00,-6.10690717,106.17723524
25_SERANG_TIMUR_ACCESS_PETAK_PAPAT_JL_ARMADA_ALL_R061,SERANG TIMUR,ACCESS,PETAK PAPAT (Jl. Armada),ALL,170.00,-6.10694587,106.17725827
25_SERANG_TIMUR_ACCESS_PETAK_PAPAT_JL_ARMADA_ALL_R061,SERANG TIMUR,ACCESS,PETAK PAPAT (Jl. Armada),ALL,175.00,-6.10698457,106.17728130
25_SERANG_TIMUR_ACCESS_PETAK_PAPAT_JL_ARMADA_ALL_R061,SERANG TIMUR,ACCESS,PETAK PAPAT (Jl. Armada),ALL,180.00,-6.10702381,106.17730337
25_SERANG_TIMUR_ACCESS_PETAK_PAPAT_JL_ARMADA_ALL_R061,SERANG TIMUR,ACCESS,PETAK PAPAT (Jl. Armada),ALL,185.00,-6.10706319,106.17732520
25_SERANG_TIMUR_ACCESS_PETAK_PAPAT_JL_ARMADA_ALL_R061,SERANG TIMUR,ACCESS,PETAK PAPAT (Jl. Armada),ALL,190.00,-6.10710257,106.17734704
25_SERANG_TIMUR_ACCESS_PETAK_PAPAT_JL_ARMADA_ALL_R061,SERANG TIMUR,ACCESS,PETAK PAPAT (Jl. Armada),ALL,195.00,-6.10714195,106.17736887
25_SERANG_TIMUR_ACCESS_PETAK_PAPAT_JL_ARMADA_ALL_R061,SERANG TIMUR,ACCESS,PETAK PAPAT (Jl. Armada),ALL,200.00,-6.10718132,106.17739071
25_SERANG_TIMUR_ACCESS_PETAK_PAPAT_JL_ARMADA_ALL_R061,SERANG TIMUR,ACCESS,PETAK PAPAT (Jl. Armada),ALL,205.00,-6.10722070,106.17741254
25_SERANG_TIMUR_ACCESS_PETAK_PAPAT_JL_ARMADA_ALL_R061,SERANG TIMUR,ACCESS,PETAK PAPAT (Jl. Armada),ALL,210.00,-6.10726008,106.17743438
25_SERANG_TIMUR_ACCESS_PETAK_PAPAT_JL_ARMADA_ALL_R061,SERANG TIMUR,ACCESS,PETAK PAPAT (Jl. Armada),ALL,215.00,-6.10729945,106.17745622
25_SERANG_TIMUR_ACCESS_PETAK_PAPAT_JL_ARMADA_ALL_R061,SERANG TIMUR,ACCESS,PETAK PAPAT (Jl. Armada),ALL,220.00,-6.10733883,106.17747805
25_SERANG_TIMUR_ACCESS_PETAK_PAPAT_JL_ARMADA_ALL_R061,SERANG TIMUR,ACCESS,PETAK PAPAT (Jl. Armada),ALL,225.00,-6.10737821,106.17749989
25_SERANG_TIMUR_ACCESS_PETAK_PAPAT_JL_ARMADA_ALL_R061,SERANG TIMUR,ACCESS,PETAK PAPAT (Jl. Armada),ALL,230.00,-6.10741758,106.17752173
25_SERANG_TIMUR_ACCESS_PETAK_PAPAT_JL_ARMADA_ALL_R061,SERANG TIMUR,ACCESS,PETAK PAPAT (Jl. Armada),ALL,235.00,-6.10745696,106.17754356
25_SERANG_TIMUR_ACCESS_PETAK_PAPAT_JL_ARMADA_ALL_R061,SERANG TIMUR,ACCESS,PETAK PAPAT (Jl. Armada),ALL,240.00,-6.10749634,106.17756540
25_SERANG_TIMUR_ACCESS_PETAK_PAPAT_JL_ARMADA_ALL_R061,SERANG TIMUR,ACCESS,PETAK PAPAT (Jl. Armada),ALL,245.00,-6.10753571,106.17758723
25_SERANG_TIMUR_ACCESS_PETAK_PAPAT_JL_ARMADA_ALL_R061,SERANG TIMUR,ACCESS,PETAK PAPAT (Jl. Armada),ALL,250.00,-6.10757509,106.17760907
25_SERANG_TIMUR_ACCESS_PETAK_PAPAT_JL_ARMADA_ALL_R061,SERANG TIMUR,ACCESS,PETAK PAPAT (Jl. Armada),ALL,255.00,-6.10761498,106.17762991
25_SERANG_TIMUR_ACCESS_PETAK_PAPAT_JL_ARMADA_ALL_R061,SERANG TIMUR,ACCESS,PETAK PAPAT (Jl. Armada),ALL,260.00,-6.10765544,106.17764965
25_SERANG_TIMUR_ACCESS_PETAK_PAPAT_JL_ARMADA_ALL_R061,SERANG TIMUR,ACCESS,PETAK PAPAT (Jl. Armada),ALL,265.00,-6.10769589,106.17766940
25_SERANG_TIMUR_ACCESS_PETAK_PAPAT_JL_ARMADA_ALL_R061,SERANG TIMUR,ACCESS,PETAK PAPAT (Jl. Armada),ALL,270.00,-6.10773634,106.17768914
25_SERANG_TIMUR_ACCESS_PETAK_PAPAT_JL_ARMADA_ALL_R061,SERANG TIMUR,ACCESS,PETAK PAPAT (Jl. Armada),ALL,275.00,-6.10777680,106.17770888
25_SERANG_TIMUR_ACCESS_PETAK_PAPAT_JL_ARMADA_ALL_R061,SERANG TIMUR,ACCESS,PETAK PAPAT (Jl. Armada),ALL,280.00,-6.10781725,106.17772863
25_SERANG_TIMUR_ACCESS_PETAK_PAPAT_JL_ARMADA_ALL_R061,SERANG TIMUR,ACCESS,PETAK PAPAT (Jl. Armada),ALL,285.00,-6.10785771,106.17774837
25_SERANG_TIMUR_ACCESS_PETAK_PAPAT_JL_ARMADA_ALL_R061,SERANG TIMUR,ACCESS,PETAK PAPAT (Jl. Armada),ALL,290.00,-6.10789816,106.17776811
25_SERANG_TIMUR_ACCESS_PETAK_PAPAT_JL_ARMADA_ALL_R061,SERANG TIMUR,ACCESS,PETAK PAPAT (Jl. Armada),ALL,295.00,-6.10793890,106.17778724
25_SERANG_TIMUR_ACCESS_PETAK_PAPAT_JL_ARMADA_ALL_R061,SERANG TIMUR,ACCESS,PETAK PAPAT (Jl. Armada),ALL,300.00,-6.10798024,106.17780501
25_SERANG_TIMUR_ACCESS_PETAK_PAPAT_JL_ARMADA_ALL_R061,SERANG TIMUR,ACCESS,PETAK PAPAT (Jl. Armada),ALL,305.00,-6.10802159,106.17782278
25_SERANG_TIMUR_ACCESS_PETAK_PAPAT_JL_ARMADA_ALL_R061,SERANG TIMUR,ACCESS,PETAK PAPAT (Jl. Armada),ALL,310.00,-6.10806294,106.17784055
25_SERANG_TIMUR_ACCESS_PETAK_PAPAT_JL_ARMADA_ALL_R061,SERANG TIMUR,ACCESS,PETAK PAPAT (Jl. Armada),ALL,315.00,-6.10810429,106.17785832
25_SERANG_TIMUR_ACCESS_PETAK_PAPAT_JL_ARMADA_ALL_R061,SERANG TIMUR,ACCESS,PETAK PAPAT (Jl. Armada),ALL,320.00,-6.10814564,106.17787609
25_SERANG_TIMUR_ACCESS_PETAK_PAPAT_JL_ARMADA_ALL_R061,SERANG TIMUR,ACCESS,PETAK PAPAT (Jl. Armada),ALL,325.00,-6.10818699,106.17789386
25_SERANG_TIMUR_ACCESS_PETAK_PAPAT_JL_ARMADA_ALL_R061,SERANG TIMUR,ACCESS,PETAK PAPAT (Jl. Armada),ALL,330.00,-6.10822814,106.17791208
25_SERANG_TIMUR_ACCESS_PETAK_PAPAT_JL_ARMADA_ALL_R061,SERANG TIMUR,ACCESS,PETAK PAPAT (Jl. Armada),ALL,335.00,-6.10826905,106.17793085
25_SERANG_TIMUR_ACCESS_PETAK_PAPAT_JL_ARMADA_ALL_R061,SERANG TIMUR,ACCESS,PETAK PAPAT (Jl. Armada),ALL,340.00,-6.10830997,106.17794961
25_SERANG_TIMUR_ACCESS_PETAK_PAPAT_JL_ARMADA_ALL_R061,SERANG TIMUR,ACCESS,PETAK PAPAT (Jl. Armada),ALL,345.00,-6.10835088,106.17796837
25_SERANG_TIMUR_ACCESS_PETAK_PAPAT_JL_ARMADA_ALL_R061,SERANG TIMUR,ACCESS,PETAK PAPAT (Jl. Armada),ALL,350.00,-6.10839180,106.17798713
25_SERANG_TIMUR_ACCESS_PETAK_PAPAT_JL_ARMADA_ALL_R061,SERANG TIMUR,ACCESS,PETAK PAPAT (Jl. Armada),ALL,355.00,-6.10843271,106.17800589
25_SERANG_TIMUR_ACCESS_PETAK_PAPAT_JL_ARMADA_ALL_R061,SERANG TIMUR,ACCESS,PETAK PAPAT (Jl. Armada),ALL,360.00,-6.10847362,106.17802465
25_SERANG_TIMUR_ACCESS_PETAK_PAPAT_JL_ARMADA_ALL_R061,SERANG TIMUR,ACCESS,PETAK PAPAT (Jl. Armada),ALL,365.00,-6.10851454,106.17804341
25_SERANG_TIMUR_ACCESS_PETAK_PAPAT_JL_ARMADA_ALL_R061,SERANG TIMUR,ACCESS,PETAK PAPAT (Jl. Armada),ALL,370.00,-6.10855545,106.17806217
25_SERANG_TIMUR_ACCESS_PETAK_PAPAT_JL_ARMADA_ALL_R061,SERANG TIMUR,ACCESS,PETAK PAPAT (Jl. Armada),ALL,375.00,-6.10859637,106.17808093
25_SERANG_TIMUR_ACCESS_PETAK_PAPAT_JL_ARMADA_ALL_R061,SERANG TIMUR,ACCESS,PETAK PAPAT (Jl. Armada),ALL,380.00,-6.10863728,106.17809969
25_SERANG_TIMUR_ACCESS_PETAK_PAPAT_JL_ARMADA_ALL_R061,SERANG TIMUR,ACCESS,PETAK PAPAT (Jl. Armada),ALL,385.00,-6.10867820,106.17811845
25_SERANG_TIMUR_ACCESS_PETAK_PAPAT_JL_ARMADA_ALL_R061,SERANG TIMUR,ACCESS,PETAK PAPAT (Jl. Armada),ALL,390.00,-6.10871911,106.17813721
25_SERANG_TIMUR_ACCESS_PETAK_PAPAT_JL_ARMADA_ALL_R061,SERANG TIMUR,ACCESS,PETAK PAPAT (Jl. Armada),ALL,395.00,-6.10876002,106.17815597
25_SERANG_TIMUR_ACCESS_PETAK_PAPAT_JL_ARMADA_ALL_R061,SERANG TIMUR,ACCESS,PETAK PAPAT (Jl. Armada),ALL,400.00,-6.10880094,106.17817474
25_SERANG_TIMUR_ACCESS_PETAK_PAPAT_JL_ARMADA_ALL_R061,SERANG TIMUR,ACCESS,PETAK PAPAT (Jl. Armada),ALL,405.00,-6.10884185,106.17819350
25_SERANG_TIMUR_ACCESS_PETAK_PAPAT_JL_ARMADA_ALL_R061,SERANG TIMUR,ACCESS,PETAK PAPAT (Jl. Armada),ALL,410.00,-6.10888332,106.17821094
25_SERANG_TIMUR_ACCESS_PETAK_PAPAT_JL_ARMADA_ALL_R061,SERANG TIMUR,ACCESS,PETAK PAPAT (Jl. Armada),ALL,415.00,-6.10892508,106.17822773
25_SERANG_TIMUR_ACCESS_PETAK_PAPAT_JL_ARMADA_ALL_R061,SERANG TIMUR,ACCESS,PETAK PAPAT (Jl. Armada),ALL,420.00,-6.10896683,106.17824451
25_SERANG_TIMUR_ACCESS_PETAK_PAPAT_JL_ARMADA_ALL_R061,SERANG TIMUR,ACCESS,PETAK PAPAT (Jl. Armada),ALL,425.00,-6.10900859,106.17826130
25_SERANG_TIMUR_ACCESS_PETAK_PAPAT_JL_ARMADA_ALL_R061,SERANG TIMUR,ACCESS,PETAK PAPAT (Jl. Armada),ALL,430.00,-6.10905034,106.17827808
25_SERANG_TIMUR_ACCESS_PETAK_PAPAT_JL_ARMADA_ALL_R061,SERANG TIMUR,ACCESS,PETAK PAPAT (Jl. Armada),ALL,435.00,-6.10909210,106.17829487
25_SERANG_TIMUR_ACCESS_PETAK_PAPAT_JL_ARMADA_ALL_R061,SERANG TIMUR,ACCESS,PETAK PAPAT (Jl. Armada),ALL,440.00,-6.10913384,106.17831167
25_SERANG_TIMUR_ACCESS_PETAK_PAPAT_JL_ARMADA_ALL_R061,SERANG TIMUR,ACCESS,PETAK PAPAT (Jl. Armada),ALL,445.00,-6.10917558,106.17832849
25_SERANG_TIMUR_ACCESS_PETAK_PAPAT_JL_ARMADA_ALL_R061,SERANG TIMUR,ACCESS,PETAK PAPAT (Jl. Armada),ALL,450.00,-6.10921735,106.17834525
25_SERANG_TIMUR_ACCESS_PETAK_PAPAT_JL_ARMADA_ALL_R061,SERANG TIMUR,ACCESS,PETAK PAPAT (Jl. Armada),ALL,455.00,-6.10925933,106.17836143
25_SERANG_TIMUR_ACCESS_PETAK_PAPAT_JL_ARMADA_ALL_R061,SERANG TIMUR,ACCESS,PETAK PAPAT (Jl. Armada),ALL,460.00,-6.10930132,106.17837762
25_SERANG_TIMUR_ACCESS_PETAK_PAPAT_JL_ARMADA_ALL_R061,SERANG TIMUR,ACCESS,PETAK PAPAT (Jl. Armada),ALL,465.00,-6.10934331,106.17839381
25_SERANG_TIMUR_ACCESS_PETAK_PAPAT_JL_ARMADA_ALL_R061,SERANG TIMUR,ACCESS,PETAK PAPAT (Jl. Armada),ALL,470.00,-6.10938529,106.17841000
25_SERANG_TIMUR_ACCESS_PETAK_PAPAT_JL_ARMADA_ALL_R061,SERANG TIMUR,ACCESS,PETAK PAPAT (Jl. Armada),ALL,475.00,-6.10942728,106.17842619
25_SERANG_TIMUR_ACCESS_PETAK_PAPAT_JL_ARMADA_ALL_R061,SERANG TIMUR,ACCESS,PETAK PAPAT (Jl. Armada),ALL,480.00,-6.10946926,106.17844238
25_SERANG_TIMUR_ACCESS_PETAK_PAPAT_JL_ARMADA_ALL_R061,SERANG TIMUR,ACCESS,PETAK PAPAT (Jl. Armada),ALL,485.00,-6.10951125,106.17845857
25_SERANG_TIMUR_ACCESS_PETAK_PAPAT_JL_ARMADA_ALL_R061,SERANG TIMUR,ACCESS,PETAK PAPAT (Jl. Armada),ALL,490.00,-6.10955324,106.17847476
25_SERANG_TIMUR_ACCESS_PETAK_PAPAT_JL_ARMADA_ALL_R061,SERANG TIMUR,ACCESS,PETAK PAPAT (Jl. Armada),ALL,495.00,-6.10959522,106.17849095
25_SERANG_TIMUR_ACCESS_PETAK_PAPAT_JL_ARMADA_ALL_R061,SERANG TIMUR,ACCESS,PETAK PAPAT (Jl. Armada),ALL,500.00,-6.10963721,106.17850714
25_SERANG_TIMUR_ACCESS_PETAK_PAPAT_JL_ARMADA_ALL_R061,SERANG TIMUR,ACCESS,PETAK PAPAT (Jl. Armada),ALL,505.00,-6.10967919,106.17852333
25_SERANG_TIMUR_ACCESS_PETAK_PAPAT_JL_ARMADA_ALL_R061,SERANG TIMUR,ACCESS,PETAK PAPAT (Jl. Armada),ALL,510.00,-6.10972118,106.17853953
25_SERANG_TIMUR_ACCESS_PETAK_PAPAT_JL_ARMADA_ALL_R061,SERANG TIMUR,ACCESS,PETAK PAPAT (Jl. Armada),ALL,515.00,-6.10976356,106.17855462
25_SERANG_TIMUR_ACCESS_PETAK_PAPAT_JL_ARMADA_ALL_R061,SERANG TIMUR,ACCESS,PETAK PAPAT (Jl. Armada),ALL,520.00,-6.10980610,106.17856927
25_SERANG_TIMUR_ACCESS_PETAK_PAPAT_JL_ARMADA_ALL_R061,SERANG TIMUR,ACCESS,PETAK PAPAT (Jl. Armada),ALL,525.00,-6.10984864,106.17858391
25_SERANG_TIMUR_ACCESS_PETAK_PAPAT_JL_ARMADA_ALL_R061,SERANG TIMUR,ACCESS,PETAK PAPAT (Jl. Armada),ALL,530.00,-6.10989119,106.17859856
25_SERANG_TIMUR_ACCESS_PETAK_PAPAT_JL_ARMADA_ALL_R061,SERANG TIMUR,ACCESS,PETAK PAPAT (Jl. Armada),ALL,535.00,-6.10993373,106.17861321
25_SERANG_TIMUR_ACCESS_PETAK_PAPAT_JL_ARMADA_ALL_R061,SERANG TIMUR,ACCESS,PETAK PAPAT (Jl. Armada),ALL,540.00,-6.10997627,106.17862785
25_SERANG_TIMUR_ACCESS_PETAK_PAPAT_JL_ARMADA_ALL_R061,SERANG TIMUR,ACCESS,PETAK PAPAT (Jl. Armada),ALL,545.00,-6.11001881,106.17864250
25_SERANG_TIMUR_ACCESS_PETAK_PAPAT_JL_ARMADA_ALL_R061,SERANG TIMUR,ACCESS,PETAK PAPAT (Jl. Armada),ALL,550.00,-6.11006135,106.17865715
25_SERANG_TIMUR_ACCESS_PETAK_PAPAT_JL_ARMADA_ALL_R061,SERANG TIMUR,ACCESS,PETAK PAPAT (Jl. Armada),ALL,555.00,-6.11010390,106.17867180
25_SERANG_TIMUR_ACCESS_PETAK_PAPAT_JL_ARMADA_ALL_R061,SERANG TIMUR,ACCESS,PETAK PAPAT (Jl. Armada),ALL,560.00,-6.11014644,106.17868644
25_SERANG_TIMUR_ACCESS_PETAK_PAPAT_JL_ARMADA_ALL_R061,SERANG TIMUR,ACCESS,PETAK PAPAT (Jl. Armada),ALL,565.00,-6.11018898,106.17870109
25_SERANG_TIMUR_ACCESS_PETAK_PAPAT_JL_ARMADA_ALL_R061,SERANG TIMUR,ACCESS,PETAK PAPAT (Jl. Armada),ALL,570.00,-6.11023152,106.17871574
25_SERANG_TIMUR_ACCESS_PETAK_PAPAT_JL_ARMADA_ALL_R061,SERANG TIMUR,ACCESS,PETAK PAPAT (Jl. Armada),ALL,575.00,-6.11027407,106.17873038
25_SERANG_TIMUR_ACCESS_PETAK_PAPAT_JL_ARMADA_ALL_R061,SERANG TIMUR,ACCESS,PETAK PAPAT (Jl. Armada),ALL,580.00,-6.11031665,106.17874491
25_SERANG_TIMUR_ACCESS_PETAK_PAPAT_JL_ARMADA_ALL_R061,SERANG TIMUR,ACCESS,PETAK PAPAT (Jl. Armada),ALL,585.00,-6.11035927,106.17875931
25_SERANG_TIMUR_ACCESS_PETAK_PAPAT_JL_ARMADA_ALL_R061,SERANG TIMUR,ACCESS,PETAK PAPAT (Jl. Armada),ALL,590.00,-6.11040190,106.17877372
25_SERANG_TIMUR_ACCESS_PETAK_PAPAT_JL_ARMADA_ALL_R061,SERANG TIMUR,ACCESS,PETAK PAPAT (Jl. Armada),ALL,595.00,-6.11044452,106.17878813
25_SERANG_TIMUR_ACCESS_PETAK_PAPAT_JL_ARMADA_ALL_R061,SERANG TIMUR,ACCESS,PETAK PAPAT (Jl. Armada),ALL,600.00,-6.11048714,106.17880253
25_SERANG_TIMUR_ACCESS_PETAK_PAPAT_JL_ARMADA_ALL_R061,SERANG TIMUR,ACCESS,PETAK PAPAT (Jl. Armada),ALL,605.00,-6.11052976,106.17881697
25_SERANG_TIMUR_ACCESS_PETAK_PAPAT_JL_ARMADA_ALL_R061,SERANG TIMUR,ACCESS,PETAK PAPAT (Jl. Armada),ALL,610.00,-6.11057170,106.17883324
25_SERANG_TIMUR_ACCESS_PETAK_PAPAT_JL_ARMADA_ALL_R061,SERANG TIMUR,ACCESS,PETAK PAPAT (Jl. Armada),ALL,615.00,-6.11061422,106.17884792
25_SERANG_TIMUR_ACCESS_PETAK_PAPAT_JL_ARMADA_ALL_R061,SERANG TIMUR,ACCESS,PETAK PAPAT (Jl. Armada),ALL,620.00,-6.11065701,106.17886182
25_SERANG_TIMUR_ACCESS_PETAK_PAPAT_JL_ARMADA_ALL_R061,SERANG TIMUR,ACCESS,PETAK PAPAT (Jl. Armada),ALL,625.00,-6.11069980,106.17887572
25_SERANG_TIMUR_ACCESS_PETAK_PAPAT_JL_ARMADA_ALL_R061,SERANG TIMUR,ACCESS,PETAK PAPAT (Jl. Armada),ALL,630.00,-6.11074259,106.17888961
25_SERANG_TIMUR_ACCESS_PETAK_PAPAT_JL_ARMADA_ALL_R061,SERANG TIMUR,ACCESS,PETAK PAPAT (Jl. Armada),ALL,635.00,-6.11078536,106.17890355
25_SERANG_TIMUR_ACCESS_PETAK_PAPAT_JL_ARMADA_ALL_R061,SERANG TIMUR,ACCESS,PETAK PAPAT (Jl. Armada),ALL,640.00,-6.11082774,106.17891867
25_SERANG_TIMUR_ACCESS_PETAK_PAPAT_JL_ARMADA_ALL_R061,SERANG TIMUR,ACCESS,PETAK PAPAT (Jl. Armada),ALL,645.00,-6.11087012,106.17893380
25_SERANG_TIMUR_ACCESS_PETAK_PAPAT_JL_ARMADA_ALL_R061,SERANG TIMUR,ACCESS,PETAK PAPAT (Jl. Armada),ALL,650.00,-6.11091250,106.17894892
25_SERANG_TIMUR_ACCESS_PETAK_PAPAT_JL_ARMADA_ALL_R061,SERANG TIMUR,ACCESS,PETAK PAPAT (Jl. Armada),ALL,655.00,-6.11095487,106.17896404
25_SERANG_TIMUR_ACCESS_PETAK_PAPAT_JL_ARMADA_ALL_R061,SERANG TIMUR,ACCESS,PETAK PAPAT (Jl. Armada),ALL,660.00,-6.11099725,106.17897916
25_SERANG_TIMUR_ACCESS_PETAK_PAPAT_JL_ARMADA_ALL_R061,SERANG TIMUR,ACCESS,PETAK PAPAT (Jl. Armada),ALL,665.00,-6.11103963,106.17899429
25_SERANG_TIMUR_ACCESS_PETAK_PAPAT_JL_ARMADA_ALL_R061,SERANG TIMUR,ACCESS,PETAK PAPAT (Jl. Armada),ALL,670.00,-6.11108201,106.17900941
25_SERANG_TIMUR_ACCESS_PETAK_PAPAT_JL_ARMADA_ALL_R061,SERANG TIMUR,ACCESS,PETAK PAPAT (Jl. Armada),ALL,675.00,-6.11112438,106.17902453
25_SERANG_TIMUR_ACCESS_PETAK_PAPAT_JL_ARMADA_ALL_R061,SERANG TIMUR,ACCESS,PETAK PAPAT (Jl. Armada),ALL,680.00,-6.11116676,106.17903965
25_SERANG_TIMUR_ACCESS_PETAK_PAPAT_JL_ARMADA_ALL_R061,SERANG TIMUR,ACCESS,PETAK PAPAT (Jl. Armada),ALL,685.00,-6.11120914,106.17905478
25_SERANG_TIMUR_ACCESS_PETAK_PAPAT_JL_ARMADA_ALL_R061,SERANG TIMUR,ACCESS,PETAK PAPAT (Jl. Armada),ALL,690.00,-6.11125152,106.17906990
25_SERANG_TIMUR_ACCESS_PETAK_PAPAT_JL_ARMADA_ALL_R061,SERANG TIMUR,ACCESS,PETAK PAPAT (Jl. Armada),ALL,695.00,-6.11129414,106.17908427
25_SERANG_TIMUR_ACCESS_PETAK_PAPAT_JL_ARMADA_ALL_R061,SERANG TIMUR,ACCESS,PETAK PAPAT (Jl. Armada),ALL,700.00,-6.11133720,106.17909729
25_SERANG_TIMUR_ACCESS_PETAK_PAPAT_JL_ARMADA_ALL_R061,SERANG TIMUR,ACCESS,PETAK PAPAT (Jl. Armada),ALL,705.00,-6.11138026,106.17911030
25_SERANG_TIMUR_ACCESS_PETAK_PAPAT_JL_ARMADA_ALL_R061,SERANG TIMUR,ACCESS,PETAK PAPAT (Jl. Armada),ALL,710.00,-6.11142332,106.17912335
25_SERANG_TIMUR_ACCESS_PETAK_PAPAT_JL_ARMADA_ALL_R061,SERANG TIMUR,ACCESS,PETAK PAPAT (Jl. Armada),ALL,715.00,-6.11146637,106.17913640
25_SERANG_TIMUR_ACCESS_PETAK_PAPAT_JL_ARMADA_ALL_R061,SERANG TIMUR,ACCESS,PETAK PAPAT (Jl. Armada),ALL,720.00,-6.11150943,106.17914945
25_SERANG_TIMUR_ACCESS_PETAK_PAPAT_JL_ARMADA_ALL_R061,SERANG TIMUR,ACCESS,PETAK PAPAT (Jl. Armada),ALL,725.00,-6.11155248,106.17916250
25_SERANG_TIMUR_ACCESS_PETAK_PAPAT_JL_ARMADA_ALL_R061,SERANG TIMUR,ACCESS,PETAK PAPAT (Jl. Armada),ALL,730.00,-6.11159554,106.17917553
25_SERANG_TIMUR_ACCESS_PETAK_PAPAT_JL_ARMADA_ALL_R061,SERANG TIMUR,ACCESS,PETAK PAPAT (Jl. Armada),ALL,735.00,-6.11163860,106.17918856
25_SERANG_TIMUR_ACCESS_PETAK_PAPAT_JL_ARMADA_ALL_R061,SERANG TIMUR,ACCESS,PETAK PAPAT (Jl. Armada),ALL,740.00,-6.11168166,106.17920158
25_SERANG_TIMUR_ACCESS_PETAK_PAPAT_JL_ARMADA_ALL_R061,SERANG TIMUR,ACCESS,PETAK PAPAT (Jl. Armada),ALL,745.00,-6.11172472,106.17921461
25_SERANG_TIMUR_ACCESS_PETAK_PAPAT_JL_ARMADA_ALL_R061,SERANG TIMUR,ACCESS,PETAK PAPAT (Jl. Armada),ALL,750.00,-6.11176778,106.17922764
25_SERANG_TIMUR_ACCESS_PETAK_PAPAT_JL_ARMADA_ALL_R061,SERANG TIMUR,ACCESS,PETAK PAPAT (Jl. Armada),ALL,755.00,-6.11181084,106.17924066
25_SERANG_TIMUR_ACCESS_PETAK_PAPAT_JL_ARMADA_ALL_R061,SERANG TIMUR,ACCESS,PETAK PAPAT (Jl. Armada),ALL,760.00,-6.11185390,106.17925369
25_SERANG_TIMUR_ACCESS_PETAK_PAPAT_JL_ARMADA_ALL_R061,SERANG TIMUR,ACCESS,PETAK PAPAT (Jl. Armada),ALL,765.00,-6.11189696,106.17926671
25_SERANG_TIMUR_ACCESS_PETAK_PAPAT_JL_ARMADA_ALL_R061,SERANG TIMUR,ACCESS,PETAK PAPAT (Jl. Armada),ALL,770.00,-6.11194002,106.17927974
25_SERANG_TIMUR_ACCESS_PETAK_PAPAT_JL_ARMADA_ALL_R061,SERANG TIMUR,ACCESS,PETAK PAPAT (Jl. Armada),ALL,775.00,-6.11198308,106.17929277
25_SERANG_TIMUR_ACCESS_PETAK_PAPAT_JL_ARMADA_ALL_R061,SERANG TIMUR,ACCESS,PETAK PAPAT (Jl. Armada),ALL,780.00,-6.11202614,106.17930579
25_SERANG_TIMUR_ACCESS_PETAK_PAPAT_JL_ARMADA_ALL_R061,SERANG TIMUR,ACCESS,PETAK PAPAT (Jl. Armada),ALL,785.00,-6.11206919,106.17931887
25_SERANG_TIMUR_ACCESS_PETAK_PAPAT_JL_ARMADA_ALL_R061,SERANG TIMUR,ACCESS,PETAK PAPAT (Jl. Armada),ALL,790.00,-6.11211216,106.17933219
25_SERANG_TIMUR_ACCESS_PETAK_PAPAT_JL_ARMADA_ALL_R061,SERANG TIMUR,ACCESS,PETAK PAPAT (Jl. Armada),ALL,795.00,-6.11215507,106.17934569
25_SERANG_TIMUR_ACCESS_PETAK_PAPAT_JL_ARMADA_ALL_R061,SERANG TIMUR,ACCESS,PETAK PAPAT (Jl. Armada),ALL,800.00,-6.11219788,106.17935952
25_SERANG_TIMUR_ACCESS_PETAK_PAPAT_JL_ARMADA_ALL_R061,SERANG TIMUR,ACCESS,PETAK PAPAT (Jl. Armada),ALL,805.00,-6.11224070,106.17937334
25_SERANG_TIMUR_ACCESS_PETAK_PAPAT_JL_ARMADA_ALL_R061,SERANG TIMUR,ACCESS,PETAK PAPAT (Jl. Armada),ALL,810.00,-6.11228351,106.17938717
25_SERANG_TIMUR_ACCESS_PETAK_PAPAT_JL_ARMADA_ALL_R061,SERANG TIMUR,ACCESS,PETAK PAPAT (Jl. Armada),ALL,815.00,-6.11232632,106.17940099
25_SERANG_TIMUR_ACCESS_PETAK_PAPAT_JL_ARMADA_ALL_R061,SERANG TIMUR,ACCESS,PETAK PAPAT (Jl. Armada),ALL,820.00,-6.11236914,106.17941482
25_SERANG_TIMUR_ACCESS_PETAK_PAPAT_JL_ARMADA_ALL_R061,SERANG TIMUR,ACCESS,PETAK PAPAT (Jl. Armada),ALL,825.00,-6.11241195,106.17942864
25_SERANG_TIMUR_ACCESS_PETAK_PAPAT_JL_ARMADA_ALL_R061,SERANG TIMUR,ACCESS,PETAK PAPAT (Jl. Armada),ALL,830.00,-6.11245476,106.17944247
25_SERANG_TIMUR_ACCESS_PETAK_PAPAT_JL_ARMADA_ALL_R061,SERANG TIMUR,ACCESS,PETAK PAPAT (Jl. Armada),ALL,835.00,-6.11249758,106.17945629
25_SERANG_TIMUR_ACCESS_PETAK_PAPAT_JL_ARMADA_ALL_R061,SERANG TIMUR,ACCESS,PETAK PAPAT (Jl. Armada),ALL,840.00,-6.11254039,106.17947012
25_SERANG_TIMUR_ACCESS_PETAK_PAPAT_JL_ARMADA_ALL_R061,SERANG TIMUR,ACCESS,PETAK PAPAT (Jl. Armada),ALL,845.00,-6.11258320,106.17948394
25_SERANG_TIMUR_ACCESS_PETAK_PAPAT_JL_ARMADA_ALL_R061,SERANG TIMUR,ACCESS,PETAK PAPAT (Jl. Armada),ALL,850.00,-6.11262599,106.17949787
25_SERANG_TIMUR_ACCESS_PETAK_PAPAT_JL_ARMADA_ALL_R061,SERANG TIMUR,ACCESS,PETAK PAPAT (Jl. Armada),ALL,855.00,-6.11266866,106.17951212
25_SERANG_TIMUR_ACCESS_PETAK_PAPAT_JL_ARMADA_ALL_R061,SERANG TIMUR,ACCESS,PETAK PAPAT (Jl. Armada),ALL,860.00,-6.11271134,106.17952637
25_SERANG_TIMUR_ACCESS_PETAK_PAPAT_JL_ARMADA_ALL_R061,SERANG TIMUR,ACCESS,PETAK PAPAT (Jl. Armada),ALL,865.00,-6.11275401,106.17954062
25_SERANG_TIMUR_ACCESS_PETAK_PAPAT_JL_ARMADA_ALL_R061,SERANG TIMUR,ACCESS,PETAK PAPAT (Jl. Armada),ALL,870.00,-6.11279669,106.17955487
25_SERANG_TIMUR_ACCESS_PETAK_PAPAT_JL_ARMADA_ALL_R061,SERANG TIMUR,ACCESS,PETAK PAPAT (Jl. Armada),ALL,875.00,-6.11283936,106.17956911
25_SERANG_TIMUR_ACCESS_PETAK_PAPAT_JL_ARMADA_ALL_R061,SERANG TIMUR,ACCESS,PETAK PAPAT (Jl. Armada),ALL,880.00,-6.11288204,106.17958336
25_SERANG_TIMUR_ACCESS_PETAK_PAPAT_JL_ARMADA_ALL_R061,SERANG TIMUR,ACCESS,PETAK PAPAT (Jl. Armada),ALL,885.00,-6.11292471,106.17959761
25_SERANG_TIMUR_ACCESS_PETAK_PAPAT_JL_ARMADA_ALL_R061,SERANG TIMUR,ACCESS,PETAK PAPAT (Jl. Armada),ALL,890.00,-6.11296739,106.17961186
25_SERANG_TIMUR_ACCESS_PETAK_PAPAT_JL_ARMADA_ALL_R061,SERANG TIMUR,ACCESS,PETAK PAPAT (Jl. Armada),ALL,895.00,-6.11301007,106.17962611
25_SERANG_TIMUR_ACCESS_PETAK_PAPAT_JL_ARMADA_ALL_R061,SERANG TIMUR,ACCESS,PETAK PAPAT (Jl. Armada),ALL,900.00,-6.11305274,106.17964036
25_SERANG_TIMUR_ACCESS_PETAK_PAPAT_JL_ARMADA_ALL_R061,SERANG TIMUR,ACCESS,PETAK PAPAT (Jl. Armada),ALL,905.00,-6.11309542,106.17965461
25_SERANG_TIMUR_ACCESS_PETAK_PAPAT_JL_ARMADA_ALL_R061,SERANG TIMUR,ACCESS,PETAK PAPAT (Jl. Armada),ALL,910.00,-6.11313809,106.17966886
25_SERANG_TIMUR_ACCESS_PETAK_PAPAT_JL_ARMADA_ALL_R061,SERANG TIMUR,ACCESS,PETAK PAPAT (Jl. Armada),ALL,915.00,-6.11318077,106.17968311
25_SERANG_TIMUR_ACCESS_PETAK_PAPAT_JL_ARMADA_ALL_R061,SERANG TIMUR,ACCESS,PETAK PAPAT (Jl. Armada),ALL,920.00,-6.11322344,106.17969736
25_SERANG_TIMUR_ACCESS_PETAK_PAPAT_JL_ARMADA_ALL_R061,SERANG TIMUR,ACCESS,PETAK PAPAT (Jl. Armada),ALL,925.00,-6.11326612,106.17971161
25_SERANG_TIMUR_ACCESS_PETAK_PAPAT_JL_ARMADA_ALL_R061,SERANG TIMUR,ACCESS,PETAK PAPAT (Jl. Armada),ALL,930.00,-6.11330879,106.17972586
25_SERANG_TIMUR_ACCESS_PETAK_PAPAT_JL_ARMADA_ALL_R061,SERANG TIMUR,ACCESS,PETAK PAPAT (Jl. Armada),ALL,935.00,-6.11335151,106.17973997
25_SERANG_TIMUR_ACCESS_PETAK_PAPAT_JL_ARMADA_ALL_R061,SERANG TIMUR,ACCESS,PETAK PAPAT (Jl. Armada),ALL,940.00,-6.11339425,106.17975403
25_SERANG_TIMUR_ACCESS_PETAK_PAPAT_JL_ARMADA_ALL_R061,SERANG TIMUR,ACCESS,PETAK PAPAT (Jl. Armada),ALL,945.00,-6.11343699,106.17976809
25_SERANG_TIMUR_ACCESS_PETAK_PAPAT_JL_ARMADA_ALL_R061,SERANG TIMUR,ACCESS,PETAK PAPAT (Jl. Armada),ALL,950.00,-6.11347973,106.17978215
25_SERANG_TIMUR_ACCESS_PETAK_PAPAT_JL_ARMADA_ALL_R061,SERANG TIMUR,ACCESS,PETAK PAPAT (Jl. Armada),ALL,955.00,-6.11352246,106.17979622
25_SERANG_TIMUR_ACCESS_PETAK_PAPAT_JL_ARMADA_ALL_R061,SERANG TIMUR,ACCESS,PETAK PAPAT (Jl. Armada),ALL,960.00,-6.11356520,106.17981028
25_SERANG_TIMUR_ACCESS_PETAK_PAPAT_JL_ARMADA_ALL_R061,SERANG TIMUR,ACCESS,PETAK PAPAT (Jl. Armada),ALL,965.00,-6.11360794,106.17982434
25_SERANG_TIMUR_ACCESS_PETAK_PAPAT_JL_ARMADA_ALL_R061,SERANG TIMUR,ACCESS,PETAK PAPAT (Jl. Armada),ALL,970.00,-6.11365068,106.17983840
25_SERANG_TIMUR_ACCESS_PETAK_PAPAT_JL_ARMADA_ALL_R061,SERANG TIMUR,ACCESS,PETAK PAPAT (Jl. Armada),ALL,975.00,-6.11369341,106.17985246
25_SERANG_TIMUR_ACCESS_PETAK_PAPAT_JL_ARMADA_ALL_R061,SERANG TIMUR,ACCESS,PETAK PAPAT (Jl. Armada),ALL,980.00,-6.11373615,106.17986652
25_SERANG_TIMUR_ACCESS_PETAK_PAPAT_JL_ARMADA_ALL_R061,SERANG TIMUR,ACCESS,PETAK PAPAT (Jl. Armada),ALL,985.00,-6.11377889,106.17988058
25_SERANG_TIMUR_ACCESS_PETAK_PAPAT_JL_ARMADA_ALL_R061,SERANG TIMUR,ACCESS,PETAK PAPAT (Jl. Armada),ALL,990.00,-6.11382162,106.17989464
25_SERANG_TIMUR_ACCESS_PETAK_PAPAT_JL_ARMADA_ALL_R061,SERANG TIMUR,ACCESS,PETAK PAPAT (Jl. Armada),ALL,995.00,-6.11386427,106.17990897
25_SERANG_TIMUR_ACCESS_PETAK_PAPAT_JL_ARMADA_ALL_R061,SERANG TIMUR,ACCESS,PETAK PAPAT (Jl. Armada),ALL,1000.00,-6.11390690,106.17992337
25_SERANG_TIMUR_ACCESS_PETAK_PAPAT_JL_ARMADA_ALL_R061,SERANG TIMUR,ACCESS,PETAK PAPAT (Jl. Armada),ALL,1005.00,-6.11394953,106.17993777
25_SERANG_TIMUR_ACCESS_PETAK_PAPAT_JL_ARMADA_ALL_R061,SERANG TIMUR,ACCESS,PETAK PAPAT (Jl. Armada),ALL,1010.00,-6.11399215,106.17995216
25_SERANG_TIMUR_ACCESS_PETAK_PAPAT_JL_ARMADA_ALL_R061,SERANG TIMUR,ACCESS,PETAK PAPAT (Jl. Armada),ALL,1015.00,-6.11403478,106.17996656
25_SERANG_TIMUR_ACCESS_PETAK_PAPAT_JL_ARMADA_ALL_R061,SERANG TIMUR,ACCESS,PETAK PAPAT (Jl. Armada),ALL,1020.00,-6.11407741,106.17998095
25_SERANG_TIMUR_ACCESS_PETAK_PAPAT_JL_ARMADA_ALL_R061,SERANG TIMUR,ACCESS,PETAK PAPAT (Jl. Armada),ALL,1025.00,-6.11411957,106.17999663
25_SERANG_TIMUR_ACCESS_PETAK_PAPAT_JL_ARMADA_ALL_R061,SERANG TIMUR,ACCESS,PETAK PAPAT (Jl. Armada),ALL,1030.00,-6.11416136,106.18001332
25_SERANG_TIMUR_ACCESS_PETAK_PAPAT_JL_ARMADA_ALL_R061,SERANG TIMUR,ACCESS,PETAK PAPAT (Jl. Armada),ALL,1035.00,-6.11420331,106.18002959
25_SERANG_TIMUR_ACCESS_PETAK_PAPAT_JL_ARMADA_ALL_R061,SERANG TIMUR,ACCESS,PETAK PAPAT (Jl. Armada),ALL,1040.00,-6.11424503,106.18004646
25_SERANG_TIMUR_ACCESS_PETAK_PAPAT_JL_ARMADA_ALL_R061,SERANG TIMUR,ACCESS,PETAK PAPAT (Jl. Armada),ALL,1045.00,-6.11428648,106.18006398
25_SERANG_TIMUR_ACCESS_PETAK_PAPAT_JL_ARMADA_ALL_R061,SERANG TIMUR,ACCESS,PETAK PAPAT (Jl. Armada),ALL,1050.00,-6.11432794,106.18008151
25_SERANG_TIMUR_ACCESS_PETAK_PAPAT_JL_ARMADA_ALL_R061,SERANG TIMUR,ACCESS,PETAK PAPAT (Jl. Armada),ALL,1055.00,-6.11436939,106.18009904
25_SERANG_TIMUR_ACCESS_PETAK_PAPAT_JL_ARMADA_ALL_R061,SERANG TIMUR,ACCESS,PETAK PAPAT (Jl. Armada),ALL,1060.00,-6.11441084,106.18011656
25_SERANG_TIMUR_ACCESS_PETAK_PAPAT_JL_ARMADA_ALL_R061,SERANG TIMUR,ACCESS,PETAK PAPAT (Jl. Armada),ALL,1065.00,-6.11445229,106.18013409
25_SERANG_TIMUR_ACCESS_PETAK_PAPAT_JL_ARMADA_ALL_R061,SERANG TIMUR,ACCESS,PETAK PAPAT (Jl. Armada),ALL,1070.00,-6.11449374,106.18015162
25_SERANG_TIMUR_ACCESS_PETAK_PAPAT_JL_ARMADA_ALL_R061,SERANG TIMUR,ACCESS,PETAK PAPAT (Jl. Armada),ALL,1075.00,-6.11453514,106.18016927
25_SERANG_TIMUR_ACCESS_PETAK_PAPAT_JL_ARMADA_ALL_R061,SERANG TIMUR,ACCESS,PETAK PAPAT (Jl. Armada),ALL,1080.00,-6.11457641,106.18018723
25_SERANG_TIMUR_ACCESS_PETAK_PAPAT_JL_ARMADA_ALL_R061,SERANG TIMUR,ACCESS,PETAK PAPAT (Jl. Armada),ALL,1085.00,-6.11461768,106.18020518
25_SERANG_TIMUR_ACCESS_PETAK_PAPAT_JL_ARMADA_ALL_R061,SERANG TIMUR,ACCESS,PETAK PAPAT (Jl. Armada),ALL,1090.00,-6.11465895,106.18022314
25_SERANG_TIMUR_ACCESS_PETAK_PAPAT_JL_ARMADA_ALL_R061,SERANG TIMUR,ACCESS,PETAK PAPAT (Jl. Armada),ALL,1095.00,-6.11470022,106.18024110
25_SERANG_TIMUR_ACCESS_PETAK_PAPAT_JL_ARMADA_ALL_R061,SERANG TIMUR,ACCESS,PETAK PAPAT (Jl. Armada),ALL,1100.00,-6.11474148,106.18025906
25_SERANG_TIMUR_ACCESS_PETAK_PAPAT_JL_ARMADA_ALL_R061,SERANG TIMUR,ACCESS,PETAK PAPAT (Jl. Armada),ALL,1105.00,-6.11478275,106.18027702
25_SERANG_TIMUR_ACCESS_PETAK_PAPAT_JL_ARMADA_ALL_R061,SERANG TIMUR,ACCESS,PETAK PAPAT (Jl. Armada),ALL,1110.00,-6.11482370,106.18029569
25_SERANG_TIMUR_ACCESS_PETAK_PAPAT_JL_ARMADA_ALL_R061,SERANG TIMUR,ACCESS,PETAK PAPAT (Jl. Armada),ALL,1115.00,-6.11486447,106.18031478
25_SERANG_TIMUR_ACCESS_PETAK_PAPAT_JL_ARMADA_ALL_R061,SERANG TIMUR,ACCESS,PETAK PAPAT (Jl. Armada),ALL,1120.00,-6.11490523,106.18033388
25_SERANG_TIMUR_ACCESS_PETAK_PAPAT_JL_ARMADA_ALL_R061,SERANG TIMUR,ACCESS,PETAK PAPAT (Jl. Armada),ALL,1125.00,-6.11494599,106.18035297
25_SERANG_TIMUR_ACCESS_PETAK_PAPAT_JL_ARMADA_ALL_R061,SERANG TIMUR,ACCESS,PETAK PAPAT (Jl. Armada),ALL,1130.00,-6.11498675,106.18037206
25_SERANG_TIMUR_ACCESS_PETAK_PAPAT_JL_ARMADA_ALL_R061,SERANG TIMUR,ACCESS,PETAK PAPAT (Jl. Armada),ALL,1135.00,-6.11502751,106.18039115
25_SERANG_TIMUR_ACCESS_PETAK_PAPAT_JL_ARMADA_ALL_R061,SERANG TIMUR,ACCESS,PETAK PAPAT (Jl. Armada),ALL,1140.00,-6.11506828,106.18041025
25_SERANG_TIMUR_ACCESS_PETAK_PAPAT_JL_ARMADA_ALL_R061,SERANG TIMUR,ACCESS,PETAK PAPAT (Jl. Armada),ALL,1145.00,-6.11510904,106.18042934
25_SERANG_TIMUR_ACCESS_PETAK_PAPAT_JL_ARMADA_ALL_R061,SERANG TIMUR,ACCESS,PETAK PAPAT (Jl. Armada),ALL,1150.00,-6.11514967,106.18044871
25_SERANG_TIMUR_ACCESS_PETAK_PAPAT_JL_ARMADA_ALL_R061,SERANG TIMUR,ACCESS,PETAK PAPAT (Jl. Armada),ALL,1155.00,-6.11519003,106.18046864
25_SERANG_TIMUR_ACCESS_PETAK_PAPAT_JL_ARMADA_ALL_R061,SERANG TIMUR,ACCESS,PETAK PAPAT (Jl. Armada),ALL,1160.00,-6.11523039,106.18048858
25_SERANG_TIMUR_ACCESS_PETAK_PAPAT_JL_ARMADA_ALL_R061,SERANG TIMUR,ACCESS,PETAK PAPAT (Jl. Armada),ALL,1165.00,-6.11527075,106.18050851
25_SERANG_TIMUR_ACCESS_PETAK_PAPAT_JL_ARMADA_ALL_R061,SERANG TIMUR,ACCESS,PETAK PAPAT (Jl. Armada),ALL,1170.00,-6.11531111,106.18052845
25_SERANG_TIMUR_ACCESS_PETAK_PAPAT_JL_ARMADA_ALL_R061,SERANG TIMUR,ACCESS,PETAK PAPAT (Jl. Armada),ALL,1175.00,-6.11535148,106.18054839
25_SERANG_TIMUR_ACCESS_PETAK_PAPAT_JL_ARMADA_ALL_R061,SERANG TIMUR,ACCESS,PETAK PAPAT (Jl. Armada),ALL,1180.00,-6.11539184,106.18056832
25_SERANG_TIMUR_ACCESS_PETAK_PAPAT_JL_ARMADA_ALL_R061,SERANG TIMUR,ACCESS,PETAK PAPAT (Jl. Armada),ALL,1185.00,-6.11543220,106.18058826
25_SERANG_TIMUR_ACCESS_PETAK_PAPAT_JL_ARMADA_ALL_R061,SERANG TIMUR,ACCESS,PETAK PAPAT (Jl. Armada),ALL,1190.00,-6.11547120,106.18061062
25_SERANG_TIMUR_ACCESS_PETAK_PAPAT_JL_ARMADA_ALL_R061,SERANG TIMUR,ACCESS,PETAK PAPAT (Jl. Armada),ALL,1195.00,-6.11550905,106.18063503
25_SERANG_TIMUR_ACCESS_PETAK_PAPAT_JL_ARMADA_ALL_R061,SERANG TIMUR,ACCESS,PETAK PAPAT (Jl. Armada),ALL,1200.00,-6.11554691,106.18065944
25_SERANG_TIMUR_ACCESS_PETAK_PAPAT_JL_ARMADA_ALL_R061,SERANG TIMUR,ACCESS,PETAK PAPAT (Jl. Armada),ALL,1205.00,-6.11558476,106.18068385
25_SERANG_TIMUR_ACCESS_PETAK_PAPAT_JL_ARMADA_ALL_R061,SERANG TIMUR,ACCESS,PETAK PAPAT (Jl. Armada),ALL,1210.00,-6.11562261,106.18070826
25_SERANG_TIMUR_ACCESS_PETAK_PAPAT_JL_ARMADA_ALL_R061,SERANG TIMUR,ACCESS,PETAK PAPAT (Jl. Armada),ALL,1215.00,-6.11566047,106.18073267
25_SERANG_TIMUR_ACCESS_PETAK_PAPAT_JL_ARMADA_ALL_R061,SERANG TIMUR,ACCESS,PETAK PAPAT (Jl. Armada),ALL,1220.00,-6.11569832,106.18075708
25_SERANG_TIMUR_ACCESS_PETAK_PAPAT_JL_ARMADA_ALL_R061,SERANG TIMUR,ACCESS,PETAK PAPAT (Jl. Armada),ALL,1225.00,-6.11573617,106.18078149
25_SERANG_TIMUR_ACCESS_PETAK_PAPAT_JL_ARMADA_ALL_R061,SERANG TIMUR,ACCESS,PETAK PAPAT (Jl. Armada),ALL,1230.00,-6.11577403,106.18080590
25_SERANG_TIMUR_ACCESS_PETAK_PAPAT_JL_ARMADA_ALL_R061,SERANG TIMUR,ACCESS,PETAK PAPAT (Jl. Armada),ALL,1235.00,-6.11581188,106.18083031
25_SERANG_TIMUR_ACCESS_PETAK_PAPAT_JL_ARMADA_ALL_R061,SERANG TIMUR,ACCESS,PETAK PAPAT (Jl. Armada),ALL,1240.00,-6.11584984,106.18085455
25_SERANG_TIMUR_ACCESS_PETAK_PAPAT_JL_ARMADA_ALL_R061,SERANG TIMUR,ACCESS,PETAK PAPAT (Jl. Armada),ALL,1245.00,-6.11588762,106.18087907
25_SERANG_TIMUR_ACCESS_PETAK_PAPAT_JL_ARMADA_ALL_R061,SERANG TIMUR,ACCESS,PETAK PAPAT (Jl. Armada),ALL,1250.00,-6.11592540,106.18090359
25_SERANG_TIMUR_ACCESS_PETAK_PAPAT_JL_ARMADA_ALL_R061,SERANG TIMUR,ACCESS,PETAK PAPAT (Jl. Armada),ALL,1255.00,-6.11596318,106.18092812
25_SERANG_TIMUR_ACCESS_PETAK_PAPAT_JL_ARMADA_ALL_R061,SERANG TIMUR,ACCESS,PETAK PAPAT (Jl. Armada),ALL,1260.00,-6.11600096,106.18095264
25_SERANG_TIMUR_ACCESS_PETAK_PAPAT_JL_ARMADA_ALL_R061,SERANG TIMUR,ACCESS,PETAK PAPAT (Jl. Armada),ALL,1265.00,-6.11603875,106.18097716
25_SERANG_TIMUR_ACCESS_PETAK_PAPAT_JL_ARMADA_ALL_R061,SERANG TIMUR,ACCESS,PETAK PAPAT (Jl. Armada),ALL,1270.00,-6.11607653,106.18100168
25_SERANG_TIMUR_ACCESS_PETAK_PAPAT_JL_ARMADA_ALL_R061,SERANG TIMUR,ACCESS,PETAK PAPAT (Jl. Armada),ALL,1275.00,-6.11611431,106.18102620
25_SERANG_TIMUR_ACCESS_PETAK_PAPAT_JL_ARMADA_ALL_R061,SERANG TIMUR,ACCESS,PETAK PAPAT (Jl. Armada),ALL,1280.00,-6.11615209,106.18105073
25_SERANG_TIMUR_ACCESS_PETAK_PAPAT_JL_ARMADA_ALL_R061,SERANG TIMUR,ACCESS,PETAK PAPAT (Jl. Armada),ALL,1285.00,-6.11618928,106.18107611
25_SERANG_TIMUR_ACCESS_PETAK_PAPAT_JL_ARMADA_ALL_R061,SERANG TIMUR,ACCESS,PETAK PAPAT (Jl. Armada),ALL,1290.00,-6.11622559,106.18110279
25_SERANG_TIMUR_ACCESS_PETAK_PAPAT_JL_ARMADA_ALL_R061,SERANG TIMUR,ACCESS,PETAK PAPAT (Jl. Armada),ALL,1295.00,-6.11626190,106.18112947
25_SERANG_TIMUR_ACCESS_PETAK_PAPAT_JL_ARMADA_ALL_R061,SERANG TIMUR,ACCESS,PETAK PAPAT (Jl. Armada),ALL,1300.00,-6.11629821,106.18115614
25_SERANG_TIMUR_ACCESS_PETAK_PAPAT_JL_ARMADA_ALL_R061,SERANG TIMUR,ACCESS,PETAK PAPAT (Jl. Armada),ALL,1305.00,-6.11633452,106.18118282
25_SERANG_TIMUR_ACCESS_PETAK_PAPAT_JL_ARMADA_ALL_R061,SERANG TIMUR,ACCESS,PETAK PAPAT (Jl. Armada),ALL,1310.00,-6.11637083,106.18120950
25_SERANG_TIMUR_ACCESS_PETAK_PAPAT_JL_ARMADA_ALL_R061,SERANG TIMUR,ACCESS,PETAK PAPAT (Jl. Armada),ALL,1315.00,-6.11640714,106.18123617
25_SERANG_TIMUR_ACCESS_PETAK_PAPAT_JL_ARMADA_ALL_R061,SERANG TIMUR,ACCESS,PETAK PAPAT (Jl. Armada),ALL,1320.00,-6.11644345,106.18126285
25_SERANG_TIMUR_ACCESS_PETAK_PAPAT_JL_ARMADA_ALL_R061,SERANG TIMUR,ACCESS,PETAK PAPAT (Jl. Armada),ALL,1325.00,-6.11647976,106.18128953
25_SERANG_TIMUR_ACCESS_PETAK_PAPAT_JL_ARMADA_ALL_R061,SERANG TIMUR,ACCESS,PETAK PAPAT (Jl. Armada),ALL,1330.00,-6.11651607,106.18131620
25_SERANG_TIMUR_ACCESS_PETAK_PAPAT_JL_ARMADA_ALL_R061,SERANG TIMUR,ACCESS,PETAK PAPAT (Jl. Armada),ALL,1335.00,-6.11655238,106.18134288
25_SERANG_TIMUR_ACCESS_PETAK_PAPAT_JL_ARMADA_ALL_R061,SERANG TIMUR,ACCESS,PETAK PAPAT (Jl. Armada),ALL,1340.00,-6.11658754,106.18137107
25_SERANG_TIMUR_ACCESS_PETAK_PAPAT_JL_ARMADA_ALL_R061,SERANG TIMUR,ACCESS,PETAK PAPAT (Jl. Armada),ALL,1345.00,-6.11662270,106.18139925
25_SERANG_TIMUR_ACCESS_PETAK_PAPAT_JL_ARMADA_ALL_R061,SERANG TIMUR,ACCESS,PETAK PAPAT (Jl. Armada),ALL,1350.00,-6.11665787,106.18142744
25_SERANG_TIMUR_ACCESS_PETAK_PAPAT_JL_ARMADA_ALL_R061,SERANG TIMUR,ACCESS,PETAK PAPAT (Jl. Armada),ALL,1355.00,-6.11669303,106.18145563
25_SERANG_TIMUR_ACCESS_PETAK_PAPAT_JL_ARMADA_ALL_R061,SERANG TIMUR,ACCESS,PETAK PAPAT (Jl. Armada),ALL,1360.00,-6.11672819,106.18148382
25_SERANG_TIMUR_ACCESS_PETAK_PAPAT_JL_ARMADA_ALL_R061,SERANG TIMUR,ACCESS,PETAK PAPAT (Jl. Armada),ALL,1365.00,-6.11676336,106.18151200
25_SERANG_TIMUR_ACCESS_PETAK_PAPAT_JL_ARMADA_ALL_R061,SERANG TIMUR,ACCESS,PETAK PAPAT (Jl. Armada),ALL,1370.00,-6.11679852,106.18154019
25_SERANG_TIMUR_ACCESS_PETAK_PAPAT_JL_ARMADA_ALL_R061,SERANG TIMUR,ACCESS,PETAK PAPAT (Jl. Armada),ALL,1375.00,-6.11683368,106.18156838
25_SERANG_TIMUR_ACCESS_PETAK_PAPAT_JL_ARMADA_ALL_R061,SERANG TIMUR,ACCESS,PETAK PAPAT (Jl. Armada),ALL,1380.00,-6.11686885,106.18159656
25_SERANG_TIMUR_ACCESS_PETAK_PAPAT_JL_ARMADA_ALL_R061,SERANG TIMUR,ACCESS,PETAK PAPAT (Jl. Armada),ALL,1385.00,-6.11690321,106.18162572
25_SERANG_TIMUR_ACCESS_PETAK_PAPAT_JL_ARMADA_ALL_R061,SERANG TIMUR,ACCESS,PETAK PAPAT (Jl. Armada),ALL,1390.00,-6.11693732,106.18165519
25_SERANG_TIMUR_ACCESS_PETAK_PAPAT_JL_ARMADA_ALL_R061,SERANG TIMUR,ACCESS,PETAK PAPAT (Jl. Armada),ALL,1395.00,-6.11697142,106.18168466
25_SERANG_TIMUR_ACCESS_PETAK_PAPAT_JL_ARMADA_ALL_R061,SERANG TIMUR,ACCESS,PETAK PAPAT (Jl. Armada),ALL,1400.00,-6.11700553,106.18171414
25_SERANG_TIMUR_ACCESS_PETAK_PAPAT_JL_ARMADA_ALL_R061,SERANG TIMUR,ACCESS,PETAK PAPAT (Jl. Armada),ALL,1405.00,-6.11703964,106.18174361
25_SERANG_TIMUR_ACCESS_PETAK_PAPAT_JL_ARMADA_ALL_R061,SERANG TIMUR,ACCESS,PETAK PAPAT (Jl. Armada),ALL,1410.00,-6.11707374,106.18177308
25_SERANG_TIMUR_ACCESS_PETAK_PAPAT_JL_ARMADA_ALL_R061,SERANG TIMUR,ACCESS,PETAK PAPAT (Jl. Armada),ALL,1415.00,-6.11708472,106.18181585
25_SERANG_TIMUR_ACCESS_PETAK_PAPAT_JL_ARMADA_ALL_R061,SERANG TIMUR,ACCESS,PETAK PAPAT (Jl. Armada),ALL,1420.00,-6.11709266,106.18186036
25_SERANG_TIMUR_ACCESS_PETAK_PAPAT_JL_ARMADA_ALL_R061,SERANG TIMUR,ACCESS,PETAK PAPAT (Jl. Armada),ALL,1425.00,-6.11710060,106.18190487
25_SERANG_TIMUR_ACCESS_PETAK_PAPAT_JL_ARMADA_ALL_R061,SERANG TIMUR,ACCESS,PETAK PAPAT (Jl. Armada),ALL,1430.00,-6.11710130,106.18195003
25_SERANG_TIMUR_ACCESS_PETAK_PAPAT_JL_ARMADA_ALL_R061,SERANG TIMUR,ACCESS,PETAK PAPAT (Jl. Armada),ALL,1435.00,-6.11710130,106.18199526
25_SERANG_TIMUR_ACCESS_PETAK_PAPAT_JL_ARMADA_ALL_R061,SERANG TIMUR,ACCESS,PETAK PAPAT (Jl. Armada),ALL,1440.00,-6.11708953,106.18203825
25_SERANG_TIMUR_ACCESS_PETAK_PAPAT_JL_ARMADA_ALL_R061,SERANG TIMUR,ACCESS,PETAK PAPAT (Jl. Armada),ALL,1445.00,-6.11706643,106.18207705
25_SERANG_TIMUR_ACCESS_PETAK_PAPAT_JL_ARMADA_ALL_R061,SERANG TIMUR,ACCESS,PETAK PAPAT (Jl. Armada),ALL,1450.00,-6.11704376,106.18211610
25_SERANG_TIMUR_ACCESS_PETAK_PAPAT_JL_ARMADA_ALL_R061,SERANG TIMUR,ACCESS,PETAK PAPAT (Jl. Armada),ALL,1455.00,-6.11702108,106.18215515
25_SERANG_TIMUR_ACCESS_PETAK_PAPAT_JL_ARMADA_ALL_R061,SERANG TIMUR,ACCESS,PETAK PAPAT (Jl. Armada),ALL,1460.00,-6.11698553,106.18218136
25_SERANG_TIMUR_ACCESS_PETAK_PAPAT_JL_ARMADA_ALL_R061,SERANG TIMUR,ACCESS,PETAK PAPAT (Jl. Armada),ALL,1465.00,-6.11694689,106.18220449
25_SERANG_TIMUR_ACCESS_PETAK_PAPAT_JL_ARMADA_ALL_R061,SERANG TIMUR,ACCESS,PETAK PAPAT (Jl. Armada),ALL,1470.00,-6.11690825,106.18222762
25_SERANG_TIMUR_ACCESS_PETAK_PAPAT_JL_ARMADA_ALL_R061,SERANG TIMUR,ACCESS,PETAK PAPAT (Jl. Armada),ALL,1475.00,-6.11686960,106.18225074
25_SERANG_TIMUR_ACCESS_PETAK_PAPAT_JL_ARMADA_ALL_R061,SERANG TIMUR,ACCESS,PETAK PAPAT (Jl. Armada),ALL,1480.00,-6.11683096,106.18227387
25_SERANG_TIMUR_ACCESS_PETAK_PAPAT_JL_ARMADA_ALL_R061,SERANG TIMUR,ACCESS,PETAK PAPAT (Jl. Armada),ALL,1485.00,-6.11679232,106.18229700
25_SERANG_TIMUR_ACCESS_PETAK_PAPAT_JL_ARMADA_ALL_R061,SERANG TIMUR,ACCESS,PETAK PAPAT (Jl. Armada),ALL,1490.00,-6.11675368,106.18232013
25_SERANG_TIMUR_ACCESS_PETAK_PAPAT_JL_ARMADA_ALL_R061,SERANG TIMUR,ACCESS,PETAK PAPAT (Jl. Armada),ALL,1495.00,-6.11671531,106.18234369
25_SERANG_TIMUR_ACCESS_PETAK_PAPAT_JL_ARMADA_ALL_R061,SERANG TIMUR,ACCESS,PETAK PAPAT (Jl. Armada),ALL,1500.00,-6.11667762,106.18236835
25_SERANG_TIMUR_ACCESS_PETAK_PAPAT_JL_ARMADA_ALL_R061,SERANG TIMUR,ACCESS,PETAK PAPAT (Jl. Armada),ALL,1505.00,-6.11663992,106.18239301
25_SERANG_TIMUR_ACCESS_PETAK_PAPAT_JL_ARMADA_ALL_R061,SERANG TIMUR,ACCESS,PETAK PAPAT (Jl. Armada),ALL,1510.00,-6.11660223,106.18241767
25_SERANG_TIMUR_ACCESS_PETAK_PAPAT_JL_ARMADA_ALL_R061,SERANG TIMUR,ACCESS,PETAK PAPAT (Jl. Armada),ALL,1515.00,-6.11656502,106.18244305
25_SERANG_TIMUR_ACCESS_PETAK_PAPAT_JL_ARMADA_ALL_R061,SERANG TIMUR,ACCESS,PETAK PAPAT (Jl. Armada),ALL,1520.00,-6.11652839,106.18246927
25_SERANG_TIMUR_ACCESS_PETAK_PAPAT_JL_ARMADA_ALL_R061,SERANG TIMUR,ACCESS,PETAK PAPAT (Jl. Armada),ALL,1525.00,-6.11649472,106.18249924
25_SERANG_TIMUR_ACCESS_PETAK_PAPAT_JL_ARMADA_ALL_R061,SERANG TIMUR,ACCESS,PETAK PAPAT (Jl. Armada),ALL,1530.00,-6.11646113,106.18252930
25_SERANG_TIMUR_ACCESS_PETAK_PAPAT_JL_ARMADA_ALL_R061,SERANG TIMUR,ACCESS,PETAK PAPAT (Jl. Armada),ALL,1533.44,-6.11643800,106.18255000
25_SERANG_TIMUR_GATE_PLAZA_ENTRANCE_R062,SERANG TIMUR,GATE,PLAZA,ENTRANCE,0.00,-6.11643800,106.18255000
25_SERANG_TIMUR_GATE_PLAZA_ENTRANCE_R062,SERANG TIMUR,GATE,PLAZA,ENTRANCE,5.00,-6.11640438,106.18258003
25_SERANG_TIMUR_GATE_PLAZA_ENTRANCE_R062,SERANG TIMUR,GATE,PLAZA,ENTRANCE,10.00,-6.11637173,106.18261111
25_SERANG_TIMUR_GATE_PLAZA_ENTRANCE_R062,SERANG TIMUR,GATE,PLAZA,ENTRANCE,15.00,-6.11633945,106.18264260
25_SERANG_TIMUR_GATE_PLAZA_ENTRANCE_R062,SERANG TIMUR,GATE,PLAZA,ENTRANCE,20.00,-6.11630718,106.18267409
25_SERANG_TIMUR_GATE_PLAZA_ENTRANCE_R062,SERANG TIMUR,GATE,PLAZA,ENTRANCE,25.00,-6.11627488,106.18270555
25_SERANG_TIMUR_GATE_PLAZA_ENTRANCE_R062,SERANG TIMUR,GATE,PLAZA,ENTRANCE,30.00,-6.11624246,106.18273689
25_SERANG_TIMUR_GATE_PLAZA_ENTRANCE_R062,SERANG TIMUR,GATE,PLAZA,ENTRANCE,35.00,-6.11621004,106.18276822
25_SERANG_TIMUR_GATE_PLAZA_ENTRANCE_R062,SERANG TIMUR,GATE,PLAZA,ENTRANCE,40.00,-6.11617761,106.18279956
25_SERANG_TIMUR_GATE_PLAZA_ENTRANCE_R062,SERANG TIMUR,GATE,PLAZA,ENTRANCE,45.00,-6.11614519,106.18283089
25_SERANG_TIMUR_GATE_PLAZA_ENTRANCE_R062,SERANG TIMUR,GATE,PLAZA,ENTRANCE,50.00,-6.11611277,106.18286223
25_SERANG_TIMUR_GATE_PLAZA_ENTRANCE_R062,SERANG TIMUR,GATE,PLAZA,ENTRANCE,55.00,-6.11608223,106.18289536
25_SERANG_TIMUR_GATE_PLAZA_ENTRANCE_R062,SERANG TIMUR,GATE,PLAZA,ENTRANCE,60.00,-6.11605279,106.18292955
25_SERANG_TIMUR_GATE_PLAZA_ENTRANCE_R062,SERANG TIMUR,GATE,PLAZA,ENTRANCE,65.00,-6.11602336,106.18296373
25_SERANG_TIMUR_GATE_PLAZA_ENTRANCE_R062,SERANG TIMUR,GATE,PLAZA,ENTRANCE,70.00,-6.11599392,106.18299792
25_SERANG_TIMUR_GATE_PLAZA_ENTRANCE_R062,SERANG TIMUR,GATE,PLAZA,ENTRANCE,75.00,-6.11596448,106.18303210
25_SERANG_TIMUR_GATE_PLAZA_ENTRANCE_R062,SERANG TIMUR,GATE,PLAZA,ENTRANCE,80.00,-6.11593504,106.18306629
25_SERANG_TIMUR_GATE_PLAZA_ENTRANCE_R062,SERANG TIMUR,GATE,PLAZA,ENTRANCE,85.00,-6.11590560,106.18310047
25_SERANG_TIMUR_GATE_PLAZA_ENTRANCE_R062,SERANG TIMUR,GATE,PLAZA,ENTRANCE,90.00,-6.11587617,106.18313466
25_SERANG_TIMUR_GATE_PLAZA_ENTRANCE_R062,SERANG TIMUR,GATE,PLAZA,ENTRANCE,94.92,-6.11584730,106.18316840
25_SERANG_TIMUR_RAMP_A_ON_R063,SERANG TIMUR,RAMP,A,ON,0.00,-6.11584730,106.18316840
25_SERANG_TIMUR_RAMP_A_ON_R063,SERANG TIMUR,RAMP,A,ON,5.00,-6.11581810,106.18320279
25_SERANG_TIMUR_RAMP_A_ON_R063,SERANG TIMUR,RAMP,A,ON,10.00,-6.11578891,106.18323719
25_SERANG_TIMUR_RAMP_A_ON_R063,SERANG TIMUR,RAMP,A,ON,15.00,-6.11575971,106.18327158
25_SERANG_TIMUR_RAMP_A_ON_R063,SERANG TIMUR,RAMP,A,ON,20.00,-6.11573051,106.18330597
25_SERANG_TIMUR_RAMP_A_ON_R063,SERANG TIMUR,RAMP,A,ON,25.00,-6.11570132,106.18334037
25_SERANG_TIMUR_RAMP_A_ON_R063,SERANG TIMUR,RAMP,A,ON,30.00,-6.11567212,106.18337476
25_SERANG_TIMUR_RAMP_A_ON_R063,SERANG TIMUR,RAMP,A,ON,35.00,-6.11564292,106.18340916
25_SERANG_TIMUR_RAMP_A_ON_R063,SERANG TIMUR,RAMP,A,ON,40.00,-6.11560624,106.18343300
25_SERANG_TIMUR_RAMP_A_ON_R063,SERANG TIMUR,RAMP,A,ON,45.00,-6.11556440,106.18344955
25_SERANG_TIMUR_RAMP_A_ON_R063,SERANG TIMUR,RAMP,A,ON,50.00,-6.11552515,106.18347089
25_SERANG_TIMUR_RAMP_A_ON_R063,SERANG TIMUR,RAMP,A,ON,55.00,-6.11548871,106.18349738
25_SERANG_TIMUR_RAMP_A_ON_R063,SERANG TIMUR,RAMP,A,ON,60.00,-6.11545581,106.18352821
25_SERANG_TIMUR_RAMP_A_ON_R063,SERANG TIMUR,RAMP,A,ON,65.00,-6.11542292,106.18355904
25_SERANG_TIMUR_RAMP_A_ON_R063,SERANG TIMUR,RAMP,A,ON,70.00,-6.11539002,106.18358988
25_SERANG_TIMUR_RAMP_A_ON_R063,SERANG TIMUR,RAMP,A,ON,75.00,-6.11535713,106.18362071
25_SERANG_TIMUR_RAMP_A_ON_R063,SERANG TIMUR,RAMP,A,ON,80.00,-6.11532423,106.18365154
25_SERANG_TIMUR_RAMP_A_ON_R063,SERANG TIMUR,RAMP,A,ON,85.00,-6.11529134,106.18368238
25_SERANG_TIMUR_RAMP_A_ON_R063,SERANG TIMUR,RAMP,A,ON,90.00,-6.11525651,106.18371082
25_SERANG_TIMUR_RAMP_A_ON_R063,SERANG TIMUR,RAMP,A,ON,95.00,-6.11521980,106.18373694
25_SERANG_TIMUR_RAMP_A_ON_R063,SERANG TIMUR,RAMP,A,ON,100.00,-6.11518309,106.18376305
25_SERANG_TIMUR_RAMP_A_ON_R063,SERANG TIMUR,RAMP,A,ON,105.00,-6.11514638,106.18378917
25_SERANG_TIMUR_RAMP_A_ON_R063,SERANG TIMUR,RAMP,A,ON,110.00,-6.11510967,106.18381529
25_SERANG_TIMUR_RAMP_A_ON_R063,SERANG TIMUR,RAMP,A,ON,115.00,-6.11507296,106.18384140
25_SERANG_TIMUR_RAMP_A_ON_R063,SERANG TIMUR,RAMP,A,ON,120.00,-6.11503628,106.18386756
25_SERANG_TIMUR_RAMP_A_ON_R063,SERANG TIMUR,RAMP,A,ON,125.00,-6.11499960,106.18389371
25_SERANG_TIMUR_RAMP_A_ON_R063,SERANG TIMUR,RAMP,A,ON,130.00,-6.11496277,106.18391964
25_SERANG_TIMUR_RAMP_A_ON_R063,SERANG TIMUR,RAMP,A,ON,135.00,-6.11492357,106.18394180
25_SERANG_TIMUR_RAMP_A_ON_R063,SERANG TIMUR,RAMP,A,ON,140.00,-6.11488438,106.18396397
25_SERANG_TIMUR_RAMP_A_ON_R063,SERANG TIMUR,RAMP,A,ON,145.00,-6.11484518,106.18398613
25_SERANG_TIMUR_RAMP_A_ON_R063,SERANG TIMUR,RAMP,A,ON,150.00,-6.11480599,106.18400830
25_SERANG_TIMUR_RAMP_A_ON_R063,SERANG TIMUR,RAMP,A,ON,155.00,-6.11476665,106.18403016
25_SERANG_TIMUR_RAMP_A_ON_R063,SERANG TIMUR,RAMP,A,ON,160.00,-6.11472427,106.18404527
25_SERANG_TIMUR_RAMP_A_ON_R063,SERANG TIMUR,RAMP,A,ON,165.00,-6.11468189,106.18406039
25_SERANG_TIMUR_RAMP_A_ON_R063,SERANG TIMUR,RAMP,A,ON,170.00,-6.11463951,106.18407550
25_SERANG_TIMUR_RAMP_A_ON_R063,SERANG TIMUR,RAMP,A,ON,175.00,-6.11459713,106.18409062
25_SERANG_TIMUR_RAMP_A_ON_R063,SERANG TIMUR,RAMP,A,ON,180.00,-6.11455475,106.18410573
25_SERANG_TIMUR_RAMP_A_ON_R063,SERANG TIMUR,RAMP,A,ON,185.00,-6.11451237,106.18412085
25_SERANG_TIMUR_RAMP_A_ON_R063,SERANG TIMUR,RAMP,A,ON,190.00,-6.11446865,106.18413070
25_SERANG_TIMUR_RAMP_A_ON_R063,SERANG TIMUR,RAMP,A,ON,195.00,-6.11442426,106.18413792
25_SERANG_TIMUR_RAMP_A_ON_R063,SERANG TIMUR,RAMP,A,ON,200.00,-6.11437988,106.18414514
25_SERANG_TIMUR_RAMP_A_ON_R063,SERANG TIMUR,RAMP,A,ON,205.00,-6.11433549,106.18415235
25_SERANG_TIMUR_RAMP_A_ON_R063,SERANG TIMUR,RAMP,A,ON,210.00,-6.11429073,106.18415500
25_SERANG_TIMUR_RAMP_A_ON_R063,SERANG TIMUR,RAMP,A,ON,215.00,-6.11424576,106.18415500
25_SERANG_TIMUR_RAMP_A_ON_R063,SERANG TIMUR,RAMP,A,ON,220.00,-6.11420080,106.18415500
25_SERANG_TIMUR_RAMP_A_ON_R063,SERANG TIMUR,RAMP,A,ON,225.00,-6.11415583,106.18415500
25_SERANG_TIMUR_RAMP_A_ON_R063,SERANG TIMUR,RAMP,A,ON,230.00,-6.11411087,106.18415500
25_SERANG_TIMUR_RAMP_A_ON_R063,SERANG TIMUR,RAMP,A,ON,235.00,-6.11406612,106.18415346
25_SERANG_TIMUR_RAMP_A_ON_R063,SERANG TIMUR,RAMP,A,ON,240.00,-6.11402294,106.18414085
25_SERANG_TIMUR_RAMP_A_ON_R063,SERANG TIMUR,RAMP,A,ON,245.00,-6.11397975,106.18412824
25_SERANG_TIMUR_RAMP_A_ON_R063,SERANG TIMUR,RAMP,A,ON,250.00,-6.11393657,106.18411563
25_SERANG_TIMUR_RAMP_A_ON_R063,SERANG TIMUR,RAMP,A,ON,255.00,-6.11389345,106.18410281
25_SERANG_TIMUR_RAMP_A_ON_R063,SERANG TIMUR,RAMP,A,ON,260.00,-6.11385078,106.18408856
25_SERANG_TIMUR_RAMP_A_ON_R063,SERANG TIMUR,RAMP,A,ON,265.00,-6.11380810,106.18407430
25_SERANG_TIMUR_RAMP_A_ON_R063,SERANG TIMUR,RAMP,A,ON,270.00,-6.11376543,106.18406004
25_SERANG_TIMUR_RAMP_A_ON_R063,SERANG TIMUR,RAMP,A,ON,275.00,-6.11372276,106.18404579
25_SERANG_TIMUR_RAMP_A_ON_R063,SERANG TIMUR,RAMP,A,ON,280.00,-6.11368009,106.18403153
25_SERANG_TIMUR_RAMP_A_ON_R063,SERANG TIMUR,RAMP,A,ON,285.00,-6.11363741,106.18401727
25_SERANG_TIMUR_RAMP_A_ON_R063,SERANG TIMUR,RAMP,A,ON,290.00,-6.11359474,106.18400301
25_SERANG_TIMUR_RAMP_A_ON_R063,SERANG TIMUR,RAMP,A,ON,295.00,-6.11355207,106.18398876
25_SERANG_TIMUR_RAMP_A_ON_R063,SERANG TIMUR,RAMP,A,ON,300.00,-6.11351540,106.18396284
25_SERANG_TIMUR_RAMP_A_ON_R063,SERANG TIMUR,RAMP,A,ON,305.00,-6.11347922,106.18393599
25_SERANG_TIMUR_RAMP_A_ON_R063,SERANG TIMUR,RAMP,A,ON,310.00,-6.11344304,106.18390913
25_SERANG_TIMUR_RAMP_A_ON_R063,SERANG TIMUR,RAMP,A,ON,315.00,-6.11340686,106.18388228
25_SERANG_TIMUR_RAMP_A_ON_R063,SERANG TIMUR,RAMP,A,ON,320.00,-6.11337068,106.18385543
25_SERANG_TIMUR_RAMP_A_ON_R063,SERANG TIMUR,RAMP,A,ON,325.00,-6.11333450,106.18382857
25_SERANG_TIMUR_RAMP_A_ON_R063,SERANG TIMUR,RAMP,A,ON,330.00,-6.11329886,106.18380104
25_SERANG_TIMUR_RAMP_A_ON_R063,SERANG TIMUR,RAMP,A,ON,335.00,-6.11326462,106.18377173
25_SERANG_TIMUR_RAMP_A_ON_R063,SERANG TIMUR,RAMP,A,ON,340.00,-6.11323037,106.18374242
25_SERANG_TIMUR_RAMP_A_ON_R063,SERANG TIMUR,RAMP,A,ON,345.00,-6.11319613,106.18371311
25_SERANG_TIMUR_RAMP_A_ON_R063,SERANG TIMUR,RAMP,A,ON,350.00,-6.11316188,106.18368380
25_SERANG_TIMUR_RAMP_A_ON_R063,SERANG TIMUR,RAMP,A,ON,355.00,-6.11312764,106.18365449
25_SERANG_TIMUR_RAMP_A_ON_R063,SERANG TIMUR,RAMP,A,ON,360.00,-6.11309352,106.18362504
25_SERANG_TIMUR_RAMP_A_ON_R063,SERANG TIMUR,RAMP,A,ON,365.00,-6.11306005,106.18359483
25_SERANG_TIMUR_RAMP_A_ON_R063,SERANG TIMUR,RAMP,A,ON,370.00,-6.11302659,106.18356463
25_SERANG_TIMUR_RAMP_A_ON_R063,SERANG TIMUR,RAMP,A,ON,375.00,-6.11299313,106.18353442
25_SERANG_TIMUR_RAMP_A_ON_R063,SERANG TIMUR,RAMP,A,ON,380.00,-6.11295966,106.18350421
25_SERANG_TIMUR_RAMP_A_ON_R063,SERANG TIMUR,RAMP,A,ON,385.00,-6.11292620,106.18347401
25_SERANG_TIMUR_RAMP_A_ON_R063,SERANG TIMUR,RAMP,A,ON,390.00,-6.11289247,106.18344410
25_SERANG_TIMUR_RAMP_A_ON_R063,SERANG TIMUR,RAMP,A,ON,395.00,-6.11285827,106.18341474
25_SERANG_TIMUR_RAMP_A_ON_R063,SERANG TIMUR,RAMP,A,ON,400.00,-6.11282408,106.18338537
25_SERANG_TIMUR_RAMP_A_ON_R063,SERANG TIMUR,RAMP,A,ON,405.00,-6.11278988,106.18335601
25_SERANG_TIMUR_RAMP_A_ON_R063,SERANG TIMUR,RAMP,A,ON,410.00,-6.11275568,106.18332664
25_SERANG_TIMUR_RAMP_A_ON_R063,SERANG TIMUR,RAMP,A,ON,415.00,-6.11272148,106.18329728
25_SERANG_TIMUR_RAMP_A_ON_R063,SERANG TIMUR,RAMP,A,ON,420.00,-6.11268734,106.18326785
25_SERANG_TIMUR_RAMP_A_ON_R063,SERANG TIMUR,RAMP,A,ON,425.00,-6.11265323,106.18323839
25_SERANG_TIMUR_RAMP_A_ON_R063,SERANG TIMUR,RAMP,A,ON,430.00,-6.11261911,106.18320893
25_SERANG_TIMUR_RAMP_A_ON_R063,SERANG TIMUR,RAMP,A,ON,435.00,-6.11258500,106.18317947
25_SERANG_TIMUR_RAMP_A_ON_R063,SERANG TIMUR,RAMP,A,ON,440.00,-6.11255088,106.18315000
25_SERANG_TIMUR_RAMP_A_ON_R063,SERANG TIMUR,RAMP,A,ON,445.00,-6.11251677,106.18312054
25_SERANG_TIMUR_RAMP_A_ON_R063,SERANG TIMUR,RAMP,A,ON,450.00,-6.11248230,106.18309151
25_SERANG_TIMUR_RAMP_A_ON_R063,SERANG TIMUR,RAMP,A,ON,455.00,-6.11244747,106.18306290
25_SERANG_TIMUR_RAMP_A_ON_R063,SERANG TIMUR,RAMP,A,ON,460.00,-6.11241264,106.18303430
25_SERANG_TIMUR_RAMP_A_ON_R063,SERANG TIMUR,RAMP,A,ON,465.00,-6.11237781,106.18300569
25_SERANG_TIMUR_RAMP_A_ON_R063,SERANG TIMUR,RAMP,A,ON,470.00,-6.11234299,106.18297709
25_SERANG_TIMUR_RAMP_A_ON_R063,SERANG TIMUR,RAMP,A,ON,475.00,-6.11230816,106.18294848
25_SERANG_TIMUR_RAMP_A_ON_R063,SERANG TIMUR,RAMP,A,ON,480.00,-6.11227333,106.18291988
25_SERANG_TIMUR_RAMP_A_ON_R063,SERANG TIMUR,RAMP,A,ON,485.00,-6.11223459,106.18289988
25_SERANG_TIMUR_RAMP_A_ON_R063,SERANG TIMUR,RAMP,A,ON,490.00,-6.11219030,106.18289207
25_SERANG_TIMUR_RAMP_A_ON_R063,SERANG TIMUR,RAMP,A,ON,490.50,-6.11218590,106.18289130
25_SERANG_TIMUR_RAMP_B_ON_R064,SERANG TIMUR,RAMP,B,ON,0.00,-6.11584730,106.18316840
25_SERANG_TIMUR_RAMP_B_ON_R064,SERANG TIMUR,RAMP,B,ON,5.00,-6.11581810,106.18320279
25_SERANG_TIMUR_RAMP_B_ON_R064,SERANG TIMUR,RAMP,B,ON,10.00,-6.11578891,106.18323719
25_SERANG_TIMUR_RAMP_B_ON_R064,SERANG TIMUR,RAMP,B,ON,15.00,-6.11575971,106.18327158
25_SERANG_TIMUR_RAMP_B_ON_R064,SERANG TIMUR,RAMP,B,ON,20.00,-6.11573051,106.18330597
25_SERANG_TIMUR_RAMP_B_ON_R064,SERANG TIMUR,RAMP,B,ON,25.00,-6.11570132,106.18334037
25_SERANG_TIMUR_RAMP_B_ON_R064,SERANG TIMUR,RAMP,B,ON,30.00,-6.11567212,106.18337476
25_SERANG_TIMUR_RAMP_B_ON_R064,SERANG TIMUR,RAMP,B,ON,35.00,-6.11564292,106.18340916
25_SERANG_TIMUR_RAMP_B_ON_R064,SERANG TIMUR,RAMP,B,ON,40.00,-6.11561719,106.18344607
25_SERANG_TIMUR_RAMP_B_ON_R064,SERANG TIMUR,RAMP,B,ON,45.00,-6.11559227,106.18348360
25_SERANG_TIMUR_RAMP_B_ON_R064,SERANG TIMUR,RAMP,B,ON,50.00,-6.11556353,106.18351836
25_SERANG_TIMUR_RAMP_B_ON_R064,SERANG TIMUR,RAMP,B,ON,55.00,-6.11553217,106.18355077
25_SERANG_TIMUR_RAMP_B_ON_R064,SERANG TIMUR,RAMP,B,ON,60.00,-6.11550082,106.18358319
25_SERANG_TIMUR_RAMP_B_ON_R064,SERANG TIMUR,RAMP,B,ON,65.00,-6.11546958,106.18361572
25_SERANG_TIMUR_RAMP_B_ON_R064,SERANG TIMUR,RAMP,B,ON,70.00,-6.11543902,106.18364889
25_SERANG_TIMUR_RAMP_B_ON_R064,SERANG TIMUR,RAMP,B,ON,75.00,-6.11540845,106.18368206
25_SERANG_TIMUR_RAMP_B_ON_R064,SERANG TIMUR,RAMP,B,ON,80.00,-6.11537789,106.18371523
25_SERANG_TIMUR_RAMP_B_ON_R064,SERANG TIMUR,RAMP,B,ON,85.00,-6.11534732,106.18374840
25_SERANG_TIMUR_RAMP_B_ON_R064,SERANG TIMUR,RAMP,B,ON,90.00,-6.11531676,106.18378157
25_SERANG_TIMUR_RAMP_B_ON_R064,SERANG TIMUR,RAMP,B,ON,95.00,-6.11528619,106.18381474
25_SERANG_TIMUR_RAMP_B_ON_R064,SERANG TIMUR,RAMP,B,ON,100.00,-6.11525563,106.18384791
25_SERANG_TIMUR_RAMP_B_ON_R064,SERANG TIMUR,RAMP,B,ON,105.00,-6.11522507,106.18388108
25_SERANG_TIMUR_RAMP_B_ON_R064,SERANG TIMUR,RAMP,B,ON,110.00,-6.11519450,106.18391425
25_SERANG_TIMUR_RAMP_B_ON_R064,SERANG TIMUR,RAMP,B,ON,115.00,-6.11516394,106.18394742
25_SERANG_TIMUR_RAMP_B_ON_R064,SERANG TIMUR,RAMP,B,ON,120.00,-6.11513337,106.18398059
25_SERANG_TIMUR_RAMP_B_ON_R064,SERANG TIMUR,RAMP,B,ON,125.00,-6.11510281,106.18401376
25_SERANG_TIMUR_RAMP_B_ON_R064,SERANG TIMUR,RAMP,B,ON,130.00,-6.11507224,106.18404693
25_SERANG_TIMUR_RAMP_B_ON_R064,SERANG TIMUR,RAMP,B,ON,135.00,-6.11504168,106.18408010
25_SERANG_TIMUR_RAMP_B_ON_R064,SERANG TIMUR,RAMP,B,ON,140.00,-6.11501111,106.18411327
25_SERANG_TIMUR_RAMP_B_ON_R064,SERANG TIMUR,RAMP,B,ON,145.00,-6.11498055,106.18414644
25_SERANG_TIMUR_RAMP_B_ON_R064,SERANG TIMUR,RAMP,B,ON,150.00,-6.11494998,106.18417961
25_SERANG_TIMUR_RAMP_B_ON_R064,SERANG TIMUR,RAMP,B,ON,155.00,-6.11491942,106.18421278
25_SERANG_TIMUR_RAMP_B_ON_R064,SERANG TIMUR,RAMP,B,ON,160.00,-6.11488885,106.18424595
25_SERANG_TIMUR_RAMP_B_ON_R064,SERANG TIMUR,RAMP,B,ON,165.00,-6.11485829,106.18427912
25_SERANG_TIMUR_RAMP_B_ON_R064,SERANG TIMUR,RAMP,B,ON,170.00,-6.11482773,106.18431229
25_SERANG_TIMUR_RAMP_B_ON_R064,SERANG TIMUR,RAMP,B,ON,175.00,-6.11479719,106.18434548
25_SERANG_TIMUR_RAMP_B_ON_R064,SERANG TIMUR,RAMP,B,ON,180.00,-6.11476675,106.18437877
25_SERANG_TIMUR_RAMP_B_ON_R064,SERANG TIMUR,RAMP,B,ON,185.00,-6.11473631,106.18441206
25_SERANG_TIMUR_RAMP_B_ON_R064,SERANG TIMUR,RAMP,B,ON,190.00,-6.11470587,106.18444534
25_SERANG_TIMUR_RAMP_B_ON_R064,SERANG TIMUR,RAMP,B,ON,195.00,-6.11467543,106.18447863
25_SERANG_TIMUR_RAMP_B_ON_R064,SERANG TIMUR,RAMP,B,ON,200.00,-6.11464500,106.18451192
25_SERANG_TIMUR_RAMP_B_ON_R064,SERANG TIMUR,RAMP,B,ON,205.00,-6.11461456,106.18454520
25_SERANG_TIMUR_RAMP_B_ON_R064,SERANG TIMUR,RAMP,B,ON,210.00,-6.11458412,106.18457849
25_SERANG_TIMUR_RAMP_B_ON_R064,SERANG TIMUR,RAMP,B,ON,215.00,-6.11455368,106.18461177
25_SERANG_TIMUR_RAMP_B_ON_R064,SERANG TIMUR,RAMP,B,ON,220.00,-6.11452324,106.18464506
25_SERANG_TIMUR_RAMP_B_ON_R064,SERANG TIMUR,RAMP,B,ON,225.00,-6.11449280,106.18467835
25_SERANG_TIMUR_RAMP_B_ON_R064,SERANG TIMUR,RAMP,B,ON,230.00,-6.11446236,106.18471163
25_SERANG_TIMUR_RAMP_B_ON_R064,SERANG TIMUR,RAMP,B,ON,235.00,-6.11443192,106.18474492
25_SERANG_TIMUR_RAMP_B_ON_R064,SERANG TIMUR,RAMP,B,ON,240.00,-6.11440148,106.18477821
25_SERANG_TIMUR_RAMP_B_ON_R064,SERANG TIMUR,RAMP,B,ON,245.00,-6.11437104,106.18481149
25_SERANG_TIMUR_RAMP_B_ON_R064,SERANG TIMUR,RAMP,B,ON,250.00,-6.11434059,106.18484477
25_SERANG_TIMUR_RAMP_B_ON_R064,SERANG TIMUR,RAMP,B,ON,255.00,-6.11430965,106.18487758
25_SERANG_TIMUR_RAMP_B_ON_R064,SERANG TIMUR,RAMP,B,ON,260.00,-6.11427871,106.18491040
25_SERANG_TIMUR_RAMP_B_ON_R064,SERANG TIMUR,RAMP,B,ON,265.00,-6.11424763,106.18494307
25_SERANG_TIMUR_RAMP_B_ON_R064,SERANG TIMUR,RAMP,B,ON,270.00,-6.11421651,106.18497573
25_SERANG_TIMUR_RAMP_B_ON_R064,SERANG TIMUR,RAMP,B,ON,275.00,-6.11418548,106.18500846
25_SERANG_TIMUR_RAMP_B_ON_R064,SERANG TIMUR,RAMP,B,ON,280.00,-6.11415458,106.18504131
25_SERANG_TIMUR_RAMP_B_ON_R064,SERANG TIMUR,RAMP,B,ON,285.00,-6.11412383,106.18507430
25_SERANG_TIMUR_RAMP_B_ON_R064,SERANG TIMUR,RAMP,B,ON,290.00,-6.11409266,106.18510690
25_SERANG_TIMUR_RAMP_B_ON_R064,SERANG TIMUR,RAMP,B,ON,295.00,-6.11406160,106.18513960
25_SERANG_TIMUR_RAMP_B_ON_R064,SERANG TIMUR,RAMP,B,ON,300.00,-6.11403066,106.18517241
25_SERANG_TIMUR_RAMP_B_ON_R064,SERANG TIMUR,RAMP,B,ON,305.00,-6.11399972,106.18520523
25_SERANG_TIMUR_RAMP_B_ON_R064,SERANG TIMUR,RAMP,B,ON,310.00,-6.11396878,106.18523804
25_SERANG_TIMUR_RAMP_B_ON_R064,SERANG TIMUR,RAMP,B,ON,315.00,-6.11393793,106.18527094
25_SERANG_TIMUR_RAMP_B_ON_R064,SERANG TIMUR,RAMP,B,ON,320.00,-6.11390880,106.18530540
25_SERANG_TIMUR_RAMP_B_ON_R064,SERANG TIMUR,RAMP,B,ON,325.00,-6.11387968,106.18533985
25_SERANG_TIMUR_RAMP_B_ON_R064,SERANG TIMUR,RAMP,B,ON,330.00,-6.11385112,106.18537476
25_SERANG_TIMUR_RAMP_B_ON_R064,SERANG TIMUR,RAMP,B,ON,335.00,-6.11382420,106.18541098
25_SERANG_TIMUR_RAMP_B_ON_R064,SERANG TIMUR,RAMP,B,ON,340.00,-6.11379850,106.18544803
25_SERANG_TIMUR_RAMP_B_ON_R064,SERANG TIMUR,RAMP,B,ON,345.00,-6.11377542,106.18548684
25_SERANG_TIMUR_RAMP_B_ON_R064,SERANG TIMUR,RAMP,B,ON,350.00,-6.11375391,106.18552652
25_SERANG_TIMUR_RAMP_B_ON_R064,SERANG TIMUR,RAMP,B,ON,355.00,-6.11373390,106.18556702
25_SERANG_TIMUR_RAMP_B_ON_R064,SERANG TIMUR,RAMP,B,ON,360.00,-6.11371737,106.18560904
25_SERANG_TIMUR_RAMP_B_ON_R064,SERANG TIMUR,RAMP,B,ON,365.00,-6.11370379,106.18565203
25_SERANG_TIMUR_RAMP_B_ON_R064,SERANG TIMUR,RAMP,B,ON,370.00,-6.11369341,106.18569603
25_SERANG_TIMUR_RAMP_B_ON_R064,SERANG TIMUR,RAMP,B,ON,375.00,-6.11368443,106.18574030
25_SERANG_TIMUR_RAMP_B_ON_R064,SERANG TIMUR,RAMP,B,ON,380.00,-6.11367824,106.18578504
25_SERANG_TIMUR_RAMP_B_ON_R064,SERANG TIMUR,RAMP,B,ON,385.00,-6.11367444,106.18583011
25_SERANG_TIMUR_RAMP_B_ON_R064,SERANG TIMUR,RAMP,B,ON,390.00,-6.11367354,106.18587532
25_SERANG_TIMUR_RAMP_B_ON_R064,SERANG TIMUR,RAMP,B,ON,395.00,-6.11367578,106.18592041
25_SERANG_TIMUR_RAMP_B_ON_R064,SERANG TIMUR,RAMP,B,ON,400.00,-6.11368092,106.18596532
25_SERANG_TIMUR_RAMP_B_ON_R064,SERANG TIMUR,RAMP,B,ON,405.00,-6.11368870,106.18600986
25_SERANG_TIMUR_RAMP_B_ON_R064,SERANG TIMUR,RAMP,B,ON,410.00,-6.11369980,106.18605364
25_SERANG_TIMUR_RAMP_B_ON_R064,SERANG TIMUR,RAMP,B,ON,415.00,-6.11371326,106.18609674
25_SERANG_TIMUR_RAMP_B_ON_R064,SERANG TIMUR,RAMP,B,ON,420.00,-6.11372949,106.18613891
25_SERANG_TIMUR_RAMP_B_ON_R064,SERANG TIMUR,RAMP,B,ON,425.00,-6.11374573,106.18618109
25_SERANG_TIMUR_RAMP_B_ON_R064,SERANG TIMUR,RAMP,B,ON,430.00,-6.11376679,106.18622102
25_SERANG_TIMUR_RAMP_B_ON_R064,SERANG TIMUR,RAMP,B,ON,435.00,-6.11378978,106.18625978
25_SERANG_TIMUR_RAMP_B_ON_R064,SERANG TIMUR,RAMP,B,ON,440.00,-6.11381658,106.18629609
25_SERANG_TIMUR_RAMP_B_ON_R064,SERANG TIMUR,RAMP,B,ON,445.00,-6.11384443,106.18633149
25_SERANG_TIMUR_RAMP_B_ON_R064,SERANG TIMUR,RAMP,B,ON,450.00,-6.11387618,106.18636351
25_SERANG_TIMUR_RAMP_B_ON_R064,SERANG TIMUR,RAMP,B,ON,455.00,-6.11390922,106.18639417
25_SERANG_TIMUR_RAMP_B_ON_R064,SERANG TIMUR,RAMP,B,ON,460.00,-6.11394270,106.18642436
25_SERANG_TIMUR_RAMP_B_ON_R064,SERANG TIMUR,RAMP,B,ON,465.00,-6.11397699,106.18645356
25_SERANG_TIMUR_RAMP_B_ON_R064,SERANG TIMUR,RAMP,B,ON,470.00,-6.11401267,106.18648109
25_SERANG_TIMUR_RAMP_B_ON_R064,SERANG TIMUR,RAMP,B,ON,475.00,-6.11405083,106.18650486
25_SERANG_TIMUR_RAMP_B_ON_R064,SERANG TIMUR,RAMP,B,ON,480.00,-6.11409009,106.18652687
25_SERANG_TIMUR_RAMP_B_ON_R064,SERANG TIMUR,RAMP,B,ON,485.00,-6.11413061,106.18654649
25_SERANG_TIMUR_RAMP_B_ON_R064,SERANG TIMUR,RAMP,B,ON,490.00,-6.11417112,106.18656611
25_SERANG_TIMUR_RAMP_B_ON_R064,SERANG TIMUR,RAMP,B,ON,495.00,-6.11421343,106.18658085
25_SERANG_TIMUR_RAMP_B_ON_R064,SERANG TIMUR,RAMP,B,ON,500.00,-6.11425709,106.18659167
25_SERANG_TIMUR_RAMP_B_ON_R064,SERANG TIMUR,RAMP,B,ON,505.00,-6.11430118,106.18660047
25_SERANG_TIMUR_RAMP_B_ON_R064,SERANG TIMUR,RAMP,B,ON,510.00,-6.11434556,106.18660749
25_SERANG_TIMUR_RAMP_B_ON_R064,SERANG TIMUR,RAMP,B,ON,515.00,-6.11439034,106.18661166
25_SERANG_TIMUR_RAMP_B_ON_R064,SERANG TIMUR,RAMP,B,ON,520.00,-6.11443528,106.18661230
25_SERANG_TIMUR_RAMP_B_ON_R064,SERANG TIMUR,RAMP,B,ON,525.00,-6.11448023,106.18661191
25_SERANG_TIMUR_RAMP_B_ON_R064,SERANG TIMUR,RAMP,B,ON,530.00,-6.11452510,106.18660900
25_SERANG_TIMUR_RAMP_B_ON_R064,SERANG TIMUR,RAMP,B,ON,535.00,-6.11456986,106.18660469
25_SERANG_TIMUR_RAMP_B_ON_R064,SERANG TIMUR,RAMP,B,ON,540.00,-6.11461455,106.18659971
25_SERANG_TIMUR_RAMP_B_ON_R064,SERANG TIMUR,RAMP,B,ON,545.00,-6.11465920,106.18659433
25_SERANG_TIMUR_RAMP_B_ON_R064,SERANG TIMUR,RAMP,B,ON,550.00,-6.11470380,106.18658863
25_SERANG_TIMUR_RAMP_B_ON_R064,SERANG TIMUR,RAMP,B,ON,555.00,-6.11474827,106.18658192
25_SERANG_TIMUR_RAMP_B_ON_R064,SERANG TIMUR,RAMP,B,ON,560.00,-6.11479265,106.18657466
25_SERANG_TIMUR_RAMP_B_ON_R064,SERANG TIMUR,RAMP,B,ON,565.00,-6.11483690,106.18656667
25_SERANG_TIMUR_RAMP_B_ON_R064,SERANG TIMUR,RAMP,B,ON,570.00,-6.11488116,106.18655869
25_SERANG_TIMUR_RAMP_B_ON_R064,SERANG TIMUR,RAMP,B,ON,575.00,-6.11492537,106.18655040
25_SERANG_TIMUR_RAMP_B_ON_R064,SERANG TIMUR,RAMP,B,ON,580.00,-6.11496956,106.18654205
25_SERANG_TIMUR_RAMP_B_ON_R064,SERANG TIMUR,RAMP,B,ON,585.00,-6.11501382,106.18653404
25_SERANG_TIMUR_RAMP_B_ON_R064,SERANG TIMUR,RAMP,B,ON,590.00,-6.11505832,106.18652772
25_SERANG_TIMUR_RAMP_B_ON_R064,SERANG TIMUR,RAMP,B,ON,595.00,-6.11510317,106.18652483
25_SERANG_TIMUR_RAMP_B_ON_R064,SERANG TIMUR,RAMP,B,ON,600.00,-6.11514812,106.18652477
25_SERANG_TIMUR_RAMP_B_ON_R064,SERANG TIMUR,RAMP,B,ON,605.00,-6.11519304,106.18652668
25_SERANG_TIMUR_RAMP_B_ON_R064,SERANG TIMUR,RAMP,B,ON,610.00,-6.11523785,106.18653028
25_SERANG_TIMUR_RAMP_B_ON_R064,SERANG TIMUR,RAMP,B,ON,615.00,-6.11528258,106.18653492
25_SERANG_TIMUR_RAMP_B_ON_R064,SERANG TIMUR,RAMP,B,ON,620.00,-6.11532714,106.18654092
25_SERANG_TIMUR_RAMP_B_ON_R064,SERANG TIMUR,RAMP,B,ON,625.00,-6.11537170,106.18654704
25_SERANG_TIMUR_RAMP_B_ON_R064,SERANG TIMUR,RAMP,B,ON,630.00,-6.11541616,106.18655371
25_SERANG_TIMUR_RAMP_B_ON_R064,SERANG TIMUR,RAMP,B,ON,635.00,-6.11546048,106.18656139
25_SERANG_TIMUR_RAMP_B_ON_R064,SERANG TIMUR,RAMP,B,ON,640.00,-6.11550449,106.18657052
25_SERANG_TIMUR_RAMP_B_ON_R064,SERANG TIMUR,RAMP,B,ON,645.00,-6.11554818,106.18658124
25_SERANG_TIMUR_RAMP_B_ON_R064,SERANG TIMUR,RAMP,B,ON,650.00,-6.11559093,106.18659521
25_SERANG_TIMUR_RAMP_B_ON_R064,SERANG TIMUR,RAMP,B,ON,655.00,-6.11563301,106.18661103
25_SERANG_TIMUR_RAMP_B_ON_R064,SERANG TIMUR,RAMP,B,ON,660.00,-6.11567432,106.18662890
25_SERANG_TIMUR_RAMP_B_ON_R064,SERANG TIMUR,RAMP,B,ON,665.00,-6.11571456,106.18664907
25_SERANG_TIMUR_RAMP_B_ON_R064,SERANG TIMUR,RAMP,B,ON,670.00,-6.11575469,106.18666946
25_SERANG_TIMUR_RAMP_B_ON_R064,SERANG TIMUR,RAMP,B,ON,675.00,-6.11579403,106.18669137
25_SERANG_TIMUR_RAMP_B_ON_R064,SERANG TIMUR,RAMP,B,ON,680.00,-6.11583328,106.18671344
25_SERANG_TIMUR_RAMP_B_ON_R064,SERANG TIMUR,RAMP,B,ON,685.00,-6.11587119,106.18673775
25_SERANG_TIMUR_RAMP_B_ON_R064,SERANG TIMUR,RAMP,B,ON,690.00,-6.11590857,106.18676287
25_SERANG_TIMUR_RAMP_B_ON_R064,SERANG TIMUR,RAMP,B,ON,695.00,-6.11594541,106.18678879
25_SERANG_TIMUR_RAMP_B_ON_R064,SERANG TIMUR,RAMP,B,ON,700.00,-6.11598225,106.18681472
25_SERANG_TIMUR_RAMP_B_ON_R064,SERANG TIMUR,RAMP,B,ON,705.00,-6.11601898,106.18684082
25_SERANG_TIMUR_RAMP_B_ON_R064,SERANG TIMUR,RAMP,B,ON,710.00,-6.11605570,106.18686692
25_SERANG_TIMUR_RAMP_B_ON_R064,SERANG TIMUR,RAMP,B,ON,715.00,-6.11609242,106.18689302
25_SERANG_TIMUR_RAMP_B_ON_R064,SERANG TIMUR,RAMP,B,ON,720.00,-6.11612914,106.18691913
25_SERANG_TIMUR_RAMP_B_ON_R064,SERANG TIMUR,RAMP,B,ON,725.00,-6.11616586,106.18694523
25_SERANG_TIMUR_RAMP_B_ON_R064,SERANG TIMUR,RAMP,B,ON,730.00,-6.11620260,106.18697130
25_SERANG_TIMUR_RAMP_B_ON_R064,SERANG TIMUR,RAMP,B,ON,735.00,-6.11623934,106.18699737
25_SERANG_TIMUR_RAMP_B_ON_R064,SERANG TIMUR,RAMP,B,ON,740.00,-6.11627609,106.18702343
25_SERANG_TIMUR_RAMP_B_ON_R064,SERANG TIMUR,RAMP,B,ON,745.00,-6.11631284,106.18704949
25_SERANG_TIMUR_RAMP_B_ON_R064,SERANG TIMUR,RAMP,B,ON,750.00,-6.11634959,106.18707555
25_SERANG_TIMUR_RAMP_B_ON_R064,SERANG TIMUR,RAMP,B,ON,755.00,-6.11638634,106.18710161
25_SERANG_TIMUR_RAMP_B_ON_R064,SERANG TIMUR,RAMP,B,ON,760.00,-6.11642285,106.18712801
25_SERANG_TIMUR_RAMP_B_ON_R064,SERANG TIMUR,RAMP,B,ON,765.00,-6.11645934,106.18715443
25_SERANG_TIMUR_RAMP_B_ON_R064,SERANG TIMUR,RAMP,B,ON,770.00,-6.11649583,106.18718086
25_SERANG_TIMUR_RAMP_B_ON_R064,SERANG TIMUR,RAMP,B,ON,775.00,-6.11653232,106.18720728
25_SERANG_TIMUR_RAMP_B_ON_R064,SERANG TIMUR,RAMP,B,ON,780.00,-6.11656881,106.18723371
25_SERANG_TIMUR_RAMP_B_ON_R064,SERANG TIMUR,RAMP,B,ON,785.00,-6.11660527,106.18726019
25_SERANG_TIMUR_RAMP_B_ON_R064,SERANG TIMUR,RAMP,B,ON,790.00,-6.11664163,106.18728679
25_SERANG_TIMUR_RAMP_B_ON_R064,SERANG TIMUR,RAMP,B,ON,795.00,-6.11667799,106.18731339
25_SERANG_TIMUR_RAMP_B_ON_R064,SERANG TIMUR,RAMP,B,ON,800.00,-6.11671436,106.18733999
25_SERANG_TIMUR_RAMP_B_ON_R064,SERANG TIMUR,RAMP,B,ON,805.00,-6.11675091,106.18736633
25_SERANG_TIMUR_RAMP_B_ON_R064,SERANG TIMUR,RAMP,B,ON,807.96,-6.11677300,106.18738130
26_SERANG_BARAT_RAMP_A_OFF_R065,SERANG BARAT,RAMP,A,OFF,0.00,-6.08983310,106.14922310
26_SERANG_BARAT_RAMP_A_OFF_R065,SERANG BARAT,RAMP,A,OFF,5.00,-6.08981884,106.14918021
26_SERANG_BARAT_RAMP_A_OFF_R065,SERANG BARAT,RAMP,A,OFF,10.00,-6.08980458,106.14913733
26_SERANG_BARAT_RAMP_A_OFF_R065,SERANG BARAT,RAMP,A,OFF,15.00,-6.08979057,106.14909436
26_SERANG_BARAT_RAMP_A_OFF_R065,SERANG BARAT,RAMP,A,OFF,20.00,-6.08977655,106.14905139
26_SERANG_BARAT_RAMP_A_OFF_R065,SERANG BARAT,RAMP,A,OFF,25.00,-6.08976254,106.14900842
26_SERANG_BARAT_RAMP_A_OFF_R065,SERANG BARAT,RAMP,A,OFF,30.00,-6.08974853,106.14896545
26_SERANG_BARAT_RAMP_A_OFF_R065,SERANG BARAT,RAMP,A,OFF,35.00,-6.08975284,106.14892445
26_SERANG_BARAT_RAMP_A_OFF_R065,SERANG BARAT,RAMP,A,OFF,40.00,-6.08977558,106.14888544
26_SERANG_BARAT_RAMP_A_OFF_R065,SERANG BARAT,RAMP,A,OFF,45.00,-6.08976932,106.14884265
26_SERANG_BARAT_RAMP_A_OFF_R065,SERANG BARAT,RAMP,A,OFF,50.00,-6.08975722,106.14879910
26_SERANG_BARAT_RAMP_A_OFF_R065,SERANG BARAT,RAMP,A,OFF,55.00,-6.08974511,106.14875555
26_SERANG_BARAT_RAMP_A_OFF_R065,SERANG BARAT,RAMP,A,OFF,60.00,-6.08973301,106.14871200
26_SERANG_BARAT_RAMP_A_OFF_R065,SERANG BARAT,RAMP,A,OFF,65.00,-6.08972090,106.14866845
26_SERANG_BARAT_RAMP_A_OFF_R065,SERANG BARAT,RAMP,A,OFF,70.00,-6.08970880,106.14862490
26_SERANG_BARAT_RAMP_A_OFF_R065,SERANG BARAT,RAMP,A,OFF,75.00,-6.08969704,106.14858126
26_SERANG_BARAT_RAMP_A_OFF_R065,SERANG BARAT,RAMP,A,OFF,80.00,-6.08968745,106.14853708
26_SERANG_BARAT_RAMP_A_OFF_R065,SERANG BARAT,RAMP,A,OFF,85.00,-6.08967785,106.14849290
26_SERANG_BARAT_RAMP_A_OFF_R065,SERANG BARAT,RAMP,A,OFF,90.00,-6.08966825,106.14844872
26_SERANG_BARAT_RAMP_A_OFF_R065,SERANG BARAT,RAMP,A,OFF,95.00,-6.08965865,106.14840454
26_SERANG_BARAT_RAMP_A_OFF_R065,SERANG BARAT,RAMP,A,OFF,100.00,-6.08964905,106.14836036
26_SERANG_BARAT_RAMP_A_OFF_R065,SERANG BARAT,RAMP,A,OFF,105.00,-6.08963946,106.14831618
26_SERANG_BARAT_RAMP_A_OFF_R065,SERANG BARAT,RAMP,A,OFF,110.00,-6.08962986,106.14827200
26_SERANG_BARAT_RAMP_A_OFF_R065,SERANG BARAT,RAMP,A,OFF,115.00,-6.08962026,106.14822782
26_SERANG_BARAT_RAMP_A_OFF_R065,SERANG BARAT,RAMP,A,OFF,120.00,-6.08961066,106.14818364
26_SERANG_BARAT_RAMP_A_OFF_R065,SERANG BARAT,RAMP,A,OFF,125.00,-6.08960107,106.14813947
26_SERANG_BARAT_RAMP_A_OFF_R065,SERANG BARAT,RAMP,A,OFF,130.00,-6.08959147,106.14809529
26_SERANG_BARAT_RAMP_A_OFF_R065,SERANG BARAT,RAMP,A,OFF,135.00,-6.08958186,106.14805111
26_SERANG_BARAT_RAMP_A_OFF_R065,SERANG BARAT,RAMP,A,OFF,140.00,-6.08957228,106.14800693
26_SERANG_BARAT_RAMP_A_OFF_R065,SERANG BARAT,RAMP,A,OFF,145.00,-6.08956316,106.14796265
26_SERANG_BARAT_RAMP_A_OFF_R065,SERANG BARAT,RAMP,A,OFF,150.00,-6.08955403,106.14791836
26_SERANG_BARAT_RAMP_A_OFF_R065,SERANG BARAT,RAMP,A,OFF,155.00,-6.08954491,106.14787408
26_SERANG_BARAT_RAMP_A_OFF_R065,SERANG BARAT,RAMP,A,OFF,160.00,-6.08953578,106.14782980
26_SERANG_BARAT_RAMP_A_OFF_R065,SERANG BARAT,RAMP,A,OFF,165.00,-6.08952666,106.14778552
26_SERANG_BARAT_RAMP_A_OFF_R065,SERANG BARAT,RAMP,A,OFF,170.00,-6.08951753,106.14774124
26_SERANG_BARAT_RAMP_A_OFF_R065,SERANG BARAT,RAMP,A,OFF,175.00,-6.08950874,106.14769691
26_SERANG_BARAT_RAMP_A_OFF_R065,SERANG BARAT,RAMP,A,OFF,180.00,-6.08950337,106.14765201
26_SERANG_BARAT_RAMP_A_OFF_R065,SERANG BARAT,RAMP,A,OFF,185.00,-6.08949801,106.14760711
26_SERANG_BARAT_RAMP_A_OFF_R065,SERANG BARAT,RAMP,A,OFF,190.00,-6.08949265,106.14756221
26_SERANG_BARAT_RAMP_A_OFF_R065,SERANG BARAT,RAMP,A,OFF,195.00,-6.08948728,106.14751732
26_SERANG_BARAT_RAMP_A_OFF_R065,SERANG BARAT,RAMP,A,OFF,200.00,-6.08948192,106.14747242
26_SERANG_BARAT_RAMP_A_OFF_R065,SERANG BARAT,RAMP,A,OFF,205.00,-6.08947656,106.14742752
26_SERANG_BARAT_RAMP_A_OFF_R065,SERANG BARAT,RAMP,A,OFF,210.00,-6.08947119,106.14738262
26_SERANG_BARAT_RAMP_A_OFF_R065,SERANG BARAT,RAMP,A,OFF,215.00,-6.08946583,106.14733772
26_SERANG_BARAT_RAMP_A_OFF_R065,SERANG BARAT,RAMP,A,OFF,220.00,-6.08946259,106.14729262
26_SERANG_BARAT_RAMP_A_OFF_R065,SERANG BARAT,RAMP,A,OFF,225.00,-6.08945945,106.14724751
26_SERANG_BARAT_RAMP_A_OFF_R065,SERANG BARAT,RAMP,A,OFF,230.00,-6.08945631,106.14720240
26_SERANG_BARAT_RAMP_A_OFF_R065,SERANG BARAT,RAMP,A,OFF,235.00,-6.08945317,106.14715729
26_SERANG_BARAT_RAMP_A_OFF_R065,SERANG BARAT,RAMP,A,OFF,240.00,-6.08945003,106.14711218
26_SERANG_BARAT_RAMP_A_OFF_R065,SERANG BARAT,RAMP,A,OFF,245.00,-6.08944689,106.14706707
26_SERANG_BARAT_RAMP_A_OFF_R065,SERANG BARAT,RAMP,A,OFF,250.00,-6.08944375,106.14702196
26_SERANG_BARAT_RAMP_A_OFF_R065,SERANG BARAT,RAMP,A,OFF,255.00,-6.08944061,106.14697684
26_SERANG_BARAT_RAMP_A_OFF_R065,SERANG BARAT,RAMP,A,OFF,260.00,-6.08943747,106.14693173
26_SERANG_BARAT_RAMP_A_OFF_R065,SERANG BARAT,RAMP,A,OFF,265.00,-6.08943433,106.14688662
26_SERANG_BARAT_RAMP_A_OFF_R065,SERANG BARAT,RAMP,A,OFF,270.00,-6.08943136,106.14684151
26_SERANG_BARAT_RAMP_A_OFF_R065,SERANG BARAT,RAMP,A,OFF,275.00,-6.08943082,106.14679629
26_SERANG_BARAT_RAMP_A_OFF_R065,SERANG BARAT,RAMP,A,OFF,280.00,-6.08943027,106.14675107
26_SERANG_BARAT_RAMP_A_OFF_R065,SERANG BARAT,RAMP,A,OFF,285.00,-6.08942972,106.14670585
26_SERANG_BARAT_RAMP_A_OFF_R065,SERANG BARAT,RAMP,A,OFF,290.00,-6.08942918,106.14666063
26_SERANG_BARAT_RAMP_A_OFF_R065,SERANG BARAT,RAMP,A,OFF,295.00,-6.08942865,106.14661542
26_SERANG_BARAT_RAMP_A_OFF_R065,SERANG BARAT,RAMP,A,OFF,300.00,-6.08942811,106.14657020
26_SERANG_BARAT_RAMP_A_OFF_R065,SERANG BARAT,RAMP,A,OFF,305.00,-6.08942758,106.14652498
26_SERANG_BARAT_RAMP_A_OFF_R065,SERANG BARAT,RAMP,A,OFF,310.00,-6.08942704,106.14647976
26_SERANG_BARAT_RAMP_A_OFF_R065,SERANG BARAT,RAMP,A,OFF,315.00,-6.08942651,106.14643454
26_SERANG_BARAT_RAMP_A_OFF_R065,SERANG BARAT,RAMP,A,OFF,320.00,-6.08942746,106.14638935
26_SERANG_BARAT_RAMP_A_OFF_R065,SERANG BARAT,RAMP,A,OFF,325.00,-6.08942936,106.14634417
26_SERANG_BARAT_RAMP_A_OFF_R065,SERANG BARAT,RAMP,A,OFF,330.00,-6.08943127,106.14629899
26_SERANG_BARAT_RAMP_A_OFF_R065,SERANG BARAT,RAMP,A,OFF,335.00,-6.08943317,106.14625381
26_SERANG_BARAT_RAMP_A_OFF_R065,SERANG BARAT,RAMP,A,OFF,340.00,-6.08943507,106.14620863
26_SERANG_BARAT_RAMP_A_OFF_R065,SERANG BARAT,RAMP,A,OFF,345.00,-6.08943698,106.14616344
26_SERANG_BARAT_RAMP_A_OFF_R065,SERANG BARAT,RAMP,A,OFF,350.00,-6.08943888,106.14611826
26_SERANG_BARAT_RAMP_A_OFF_R065,SERANG BARAT,RAMP,A,OFF,355.00,-6.08944079,106.14607308
26_SERANG_BARAT_RAMP_A_OFF_R065,SERANG BARAT,RAMP,A,OFF,360.00,-6.08944269,106.14602790
26_SERANG_BARAT_RAMP_A_OFF_R065,SERANG BARAT,RAMP,A,OFF,365.00,-6.08944598,106.14598282
26_SERANG_BARAT_RAMP_A_OFF_R065,SERANG BARAT,RAMP,A,OFF,370.00,-6.08945053,106.14593783
26_SERANG_BARAT_RAMP_A_OFF_R065,SERANG BARAT,RAMP,A,OFF,375.00,-6.08945508,106.14589284
26_SERANG_BARAT_RAMP_A_OFF_R065,SERANG BARAT,RAMP,A,OFF,380.00,-6.08945964,106.14584786
26_SERANG_BARAT_RAMP_A_OFF_R065,SERANG BARAT,RAMP,A,OFF,385.00,-6.08946419,106.14580287
26_SERANG_BARAT_RAMP_A_OFF_R065,SERANG BARAT,RAMP,A,OFF,390.00,-6.08946874,106.14575788
26_SERANG_BARAT_RAMP_A_OFF_R065,SERANG BARAT,RAMP,A,OFF,395.00,-6.08947330,106.14571289
26_SERANG_BARAT_RAMP_A_OFF_R065,SERANG BARAT,RAMP,A,OFF,400.00,-6.08947831,106.14566795
26_SERANG_BARAT_RAMP_A_OFF_R065,SERANG BARAT,RAMP,A,OFF,405.00,-6.08948365,106.14562305
26_SERANG_BARAT_RAMP_A_OFF_R065,SERANG BARAT,RAMP,A,OFF,410.00,-6.08948899,106.14557815
26_SERANG_BARAT_RAMP_A_OFF_R065,SERANG BARAT,RAMP,A,OFF,415.00,-6.08949432,106.14553325
26_SERANG_BARAT_RAMP_A_OFF_R065,SERANG BARAT,RAMP,A,OFF,420.00,-6.08949964,106.14548834
26_SERANG_BARAT_RAMP_A_OFF_R065,SERANG BARAT,RAMP,A,OFF,425.00,-6.08950496,106.14544344
26_SERANG_BARAT_RAMP_A_OFF_R065,SERANG BARAT,RAMP,A,OFF,430.00,-6.08951029,106.14539854
26_SERANG_BARAT_RAMP_A_OFF_R065,SERANG BARAT,RAMP,A,OFF,435.00,-6.08951711,106.14535384
26_SERANG_BARAT_RAMP_A_OFF_R065,SERANG BARAT,RAMP,A,OFF,440.00,-6.08952409,106.14530917
26_SERANG_BARAT_RAMP_A_OFF_R065,SERANG BARAT,RAMP,A,OFF,445.00,-6.08953107,106.14526450
26_SERANG_BARAT_RAMP_A_OFF_R065,SERANG BARAT,RAMP,A,OFF,450.00,-6.08953805,106.14521982
26_SERANG_BARAT_RAMP_A_OFF_R065,SERANG BARAT,RAMP,A,OFF,455.00,-6.08954504,106.14517515
26_SERANG_BARAT_RAMP_A_OFF_R065,SERANG BARAT,RAMP,A,OFF,460.00,-6.08955202,106.14513048
26_SERANG_BARAT_RAMP_A_OFF_R065,SERANG BARAT,RAMP,A,OFF,465.00,-6.08955900,106.14508580
26_SERANG_BARAT_RAMP_A_OFF_R065,SERANG BARAT,RAMP,A,OFF,470.00,-6.08956598,106.14504113
26_SERANG_BARAT_RAMP_A_OFF_R065,SERANG BARAT,RAMP,A,OFF,475.00,-6.08957510,106.14499686
26_SERANG_BARAT_RAMP_A_OFF_R065,SERANG BARAT,RAMP,A,OFF,480.00,-6.08958450,106.14495263
26_SERANG_BARAT_RAMP_A_OFF_R065,SERANG BARAT,RAMP,A,OFF,485.00,-6.08959389,106.14490841
26_SERANG_BARAT_RAMP_A_OFF_R065,SERANG BARAT,RAMP,A,OFF,490.00,-6.08960329,106.14486419
26_SERANG_BARAT_RAMP_A_OFF_R065,SERANG BARAT,RAMP,A,OFF,495.00,-6.08961269,106.14481997
26_SERANG_BARAT_RAMP_A_OFF_R065,SERANG BARAT,RAMP,A,OFF,500.00,-6.08962209,106.14477574
26_SERANG_BARAT_RAMP_A_OFF_R065,SERANG BARAT,RAMP,A,OFF,505.00,-6.08963272,106.14473181
26_SERANG_BARAT_RAMP_A_OFF_R065,SERANG BARAT,RAMP,A,OFF,510.00,-6.08964363,106.14468794
26_SERANG_BARAT_RAMP_A_OFF_R065,SERANG BARAT,RAMP,A,OFF,515.00,-6.08965454,106.14464407
26_SERANG_BARAT_RAMP_A_OFF_R065,SERANG BARAT,RAMP,A,OFF,520.00,-6.08966545,106.14460020
26_SERANG_BARAT_RAMP_A_OFF_R065,SERANG BARAT,RAMP,A,OFF,525.00,-6.08967636,106.14455633
26_SERANG_BARAT_RAMP_A_OFF_R065,SERANG BARAT,RAMP,A,OFF,530.00,-6.08968633,106.14451227
26_SERANG_BARAT_RAMP_A_OFF_R065,SERANG BARAT,RAMP,A,OFF,535.00,-6.08969292,106.14446754
26_SERANG_BARAT_RAMP_A_OFF_R065,SERANG BARAT,RAMP,A,OFF,540.00,-6.08969951,106.14442281
26_SERANG_BARAT_RAMP_A_OFF_R065,SERANG BARAT,RAMP,A,OFF,545.00,-6.08970610,106.14437807
26_SERANG_BARAT_RAMP_A_OFF_R065,SERANG BARAT,RAMP,A,OFF,550.00,-6.08971269,106.14433334
26_SERANG_BARAT_RAMP_A_OFF_R065,SERANG BARAT,RAMP,A,OFF,555.00,-6.08972311,106.14428938
26_SERANG_BARAT_RAMP_A_OFF_R065,SERANG BARAT,RAMP,A,OFF,560.00,-6.08973294,106.14424541
26_SERANG_BARAT_RAMP_A_OFF_R065,SERANG BARAT,RAMP,A,OFF,565.00,-6.08973172,106.14420023
26_SERANG_BARAT_RAMP_A_OFF_R065,SERANG BARAT,RAMP,A,OFF,570.00,-6.08973141,106.14415581
26_SERANG_BARAT_RAMP_A_OFF_R065,SERANG BARAT,RAMP,A,OFF,575.00,-6.08974670,106.14411328
26_SERANG_BARAT_RAMP_A_OFF_R065,SERANG BARAT,RAMP,A,OFF,580.00,-6.08976198,106.14407076
26_SERANG_BARAT_RAMP_A_OFF_R065,SERANG BARAT,RAMP,A,OFF,585.00,-6.08977727,106.14402823
26_SERANG_BARAT_RAMP_A_OFF_R065,SERANG BARAT,RAMP,A,OFF,590.00,-6.08979256,106.14398570
26_SERANG_BARAT_RAMP_A_OFF_R065,SERANG BARAT,RAMP,A,OFF,595.00,-6.08980784,106.14394317
26_SERANG_BARAT_RAMP_A_OFF_R065,SERANG BARAT,RAMP,A,OFF,600.00,-6.08982313,106.14390064
26_SERANG_BARAT_RAMP_A_OFF_R065,SERANG BARAT,RAMP,A,OFF,605.00,-6.08983842,106.14385812
26_SERANG_BARAT_RAMP_A_OFF_R065,SERANG BARAT,RAMP,A,OFF,610.00,-6.08985370,106.14381559
26_SERANG_BARAT_RAMP_A_OFF_R065,SERANG BARAT,RAMP,A,OFF,615.00,-6.08986852,106.14377289
26_SERANG_BARAT_RAMP_A_OFF_R065,SERANG BARAT,RAMP,A,OFF,620.00,-6.08988261,106.14372995
26_SERANG_BARAT_RAMP_A_OFF_R065,SERANG BARAT,RAMP,A,OFF,625.00,-6.08989671,106.14368701
26_SERANG_BARAT_RAMP_A_OFF_R065,SERANG BARAT,RAMP,A,OFF,630.00,-6.08991081,106.14364407
26_SERANG_BARAT_RAMP_A_OFF_R065,SERANG BARAT,RAMP,A,OFF,635.00,-6.08992583,106.14360145
26_SERANG_BARAT_RAMP_A_OFF_R065,SERANG BARAT,RAMP,A,OFF,640.00,-6.08994113,106.14355893
26_SERANG_BARAT_RAMP_A_OFF_R065,SERANG BARAT,RAMP,A,OFF,645.00,-6.08995495,106.14351590
26_SERANG_BARAT_RAMP_A_OFF_R065,SERANG BARAT,RAMP,A,OFF,650.00,-6.08995942,106.14347094
26_SERANG_BARAT_RAMP_A_OFF_R065,SERANG BARAT,RAMP,A,OFF,655.00,-6.08996349,106.14342591
26_SERANG_BARAT_RAMP_A_OFF_R065,SERANG BARAT,RAMP,A,OFF,660.00,-6.08997301,106.14338176
26_SERANG_BARAT_RAMP_A_OFF_R065,SERANG BARAT,RAMP,A,OFF,665.00,-6.08998329,106.14333774
26_SERANG_BARAT_RAMP_A_OFF_R065,SERANG BARAT,RAMP,A,OFF,670.00,-6.08999358,106.14329372
26_SERANG_BARAT_RAMP_A_OFF_R065,SERANG BARAT,RAMP,A,OFF,675.00,-6.09000387,106.14324969
26_SERANG_BARAT_RAMP_A_OFF_R065,SERANG BARAT,RAMP,A,OFF,680.00,-6.09001456,106.14320579
26_SERANG_BARAT_RAMP_A_OFF_R065,SERANG BARAT,RAMP,A,OFF,685.00,-6.09002872,106.14316287
26_SERANG_BARAT_RAMP_A_OFF_R065,SERANG BARAT,RAMP,A,OFF,690.00,-6.09004288,106.14311995
26_SERANG_BARAT_RAMP_A_OFF_R065,SERANG BARAT,RAMP,A,OFF,691.14,-6.09004610,106.14311020
26_SERANG_BARAT_RAMP_B_OFF_R066,SERANG BARAT,RAMP,B,OFF,0.00,-6.08706720,106.14151880
26_SERANG_BARAT_RAMP_B_OFF_R066,SERANG BARAT,RAMP,B,OFF,5.00,-6.08708175,106.14156159
26_SERANG_BARAT_RAMP_B_OFF_R066,SERANG BARAT,RAMP,B,OFF,10.00,-6.08709629,106.14160438
26_SERANG_BARAT_RAMP_B_OFF_R066,SERANG BARAT,RAMP,B,OFF,15.00,-6.08711084,106.14164717
26_SERANG_BARAT_RAMP_B_OFF_R066,SERANG BARAT,RAMP,B,OFF,20.00,-6.08712539,106.14168996
26_SERANG_BARAT_RAMP_B_OFF_R066,SERANG BARAT,RAMP,B,OFF,25.00,-6.08713993,106.14173275
26_SERANG_BARAT_RAMP_B_OFF_R066,SERANG BARAT,RAMP,B,OFF,30.00,-6.08715448,106.14177554
26_SERANG_BARAT_RAMP_B_OFF_R066,SERANG BARAT,RAMP,B,OFF,35.00,-6.08716903,106.14181832
26_SERANG_BARAT_RAMP_B_OFF_R066,SERANG BARAT,RAMP,B,OFF,40.00,-6.08718358,106.14186111
26_SERANG_BARAT_RAMP_B_OFF_R066,SERANG BARAT,RAMP,B,OFF,45.00,-6.08719369,106.14190422
26_SERANG_BARAT_RAMP_B_OFF_R066,SERANG BARAT,RAMP,B,OFF,50.00,-6.08718705,106.14194877
26_SERANG_BARAT_RAMP_B_OFF_R066,SERANG BARAT,RAMP,B,OFF,55.00,-6.08719053,106.14199383
26_SERANG_BARAT_RAMP_B_OFF_R066,SERANG BARAT,RAMP,B,OFF,60.00,-6.08719843,106.14203835
26_SERANG_BARAT_RAMP_B_OFF_R066,SERANG BARAT,RAMP,B,OFF,65.00,-6.08720800,106.14208244
26_SERANG_BARAT_RAMP_B_OFF_R066,SERANG BARAT,RAMP,B,OFF,70.00,-6.08722214,106.14212536
26_SERANG_BARAT_RAMP_B_OFF_R066,SERANG BARAT,RAMP,B,OFF,75.00,-6.08723628,106.14216829
26_SERANG_BARAT_RAMP_B_OFF_R066,SERANG BARAT,RAMP,B,OFF,80.00,-6.08725042,106.14221122
26_SERANG_BARAT_RAMP_B_OFF_R066,SERANG BARAT,RAMP,B,OFF,85.00,-6.08726456,106.14225415
26_SERANG_BARAT_RAMP_B_OFF_R066,SERANG BARAT,RAMP,B,OFF,90.00,-6.08727870,106.14229707
26_SERANG_BARAT_RAMP_B_OFF_R066,SERANG BARAT,RAMP,B,OFF,95.00,-6.08729263,106.14234007
26_SERANG_BARAT_RAMP_B_OFF_R066,SERANG BARAT,RAMP,B,OFF,100.00,-6.08730569,106.14238334
26_SERANG_BARAT_RAMP_B_OFF_R066,SERANG BARAT,RAMP,B,OFF,105.00,-6.08731875,106.14242661
26_SERANG_BARAT_RAMP_B_OFF_R066,SERANG BARAT,RAMP,B,OFF,110.00,-6.08733181,106.14246988
26_SERANG_BARAT_RAMP_B_OFF_R066,SERANG BARAT,RAMP,B,OFF,115.00,-6.08734487,106.14251315
26_SERANG_BARAT_RAMP_B_OFF_R066,SERANG BARAT,RAMP,B,OFF,120.00,-6.08735792,106.14255643
26_SERANG_BARAT_RAMP_B_OFF_R066,SERANG BARAT,RAMP,B,OFF,125.00,-6.08737098,106.14259970
26_SERANG_BARAT_RAMP_B_OFF_R066,SERANG BARAT,RAMP,B,OFF,130.00,-6.08738404,106.14264297
26_SERANG_BARAT_RAMP_B_OFF_R066,SERANG BARAT,RAMP,B,OFF,135.00,-6.08739710,106.14268624
26_SERANG_BARAT_RAMP_B_OFF_R066,SERANG BARAT,RAMP,B,OFF,140.00,-6.08741015,106.14272952
26_SERANG_BARAT_RAMP_B_OFF_R066,SERANG BARAT,RAMP,B,OFF,145.00,-6.08742321,106.14277279
26_SERANG_BARAT_RAMP_B_OFF_R066,SERANG BARAT,RAMP,B,OFF,150.00,-6.08743627,106.14281606
26_SERANG_BARAT_RAMP_B_OFF_R066,SERANG BARAT,RAMP,B,OFF,155.00,-6.08744933,106.14285933
26_SERANG_BARAT_RAMP_B_OFF_R066,SERANG BARAT,RAMP,B,OFF,160.00,-6.08746239,106.14290261
26_SERANG_BARAT_RAMP_B_OFF_R066,SERANG BARAT,RAMP,B,OFF,165.00,-6.08747544,106.14294588
26_SERANG_BARAT_RAMP_B_OFF_R066,SERANG BARAT,RAMP,B,OFF,170.00,-6.08748850,106.14298915
26_SERANG_BARAT_RAMP_B_OFF_R066,SERANG BARAT,RAMP,B,OFF,175.00,-6.08749795,106.14303333
26_SERANG_BARAT_RAMP_B_OFF_R066,SERANG BARAT,RAMP,B,OFF,180.00,-6.08750659,106.14307771
26_SERANG_BARAT_RAMP_B_OFF_R066,SERANG BARAT,RAMP,B,OFF,185.00,-6.08751281,106.14312238
26_SERANG_BARAT_RAMP_B_OFF_R066,SERANG BARAT,RAMP,B,OFF,190.00,-6.08751496,106.14316755
26_SERANG_BARAT_RAMP_B_OFF_R066,SERANG BARAT,RAMP,B,OFF,195.00,-6.08751712,106.14321272
26_SERANG_BARAT_RAMP_B_OFF_R066,SERANG BARAT,RAMP,B,OFF,200.00,-6.08751537,106.14325784
26_SERANG_BARAT_RAMP_B_OFF_R066,SERANG BARAT,RAMP,B,OFF,205.00,-6.08751219,106.14330295
26_SERANG_BARAT_RAMP_B_OFF_R066,SERANG BARAT,RAMP,B,OFF,210.00,-6.08750624,106.14334775
26_SERANG_BARAT_RAMP_B_OFF_R066,SERANG BARAT,RAMP,B,OFF,215.00,-6.08749966,106.14339249
26_SERANG_BARAT_RAMP_B_OFF_R066,SERANG BARAT,RAMP,B,OFF,220.00,-6.08749308,106.14343722
26_SERANG_BARAT_RAMP_B_OFF_R066,SERANG BARAT,RAMP,B,OFF,225.00,-6.08748044,106.14348041
26_SERANG_BARAT_RAMP_B_OFF_R066,SERANG BARAT,RAMP,B,OFF,230.00,-6.08746497,106.14352287
26_SERANG_BARAT_RAMP_B_OFF_R066,SERANG BARAT,RAMP,B,OFF,235.00,-6.08744951,106.14356533
26_SERANG_BARAT_RAMP_B_OFF_R066,SERANG BARAT,RAMP,B,OFF,240.00,-6.08742720,106.14360452
26_SERANG_BARAT_RAMP_B_OFF_R066,SERANG BARAT,RAMP,B,OFF,245.00,-6.08740421,106.14364338
26_SERANG_BARAT_RAMP_B_OFF_R066,SERANG BARAT,RAMP,B,OFF,250.00,-6.08738121,106.14368224
26_SERANG_BARAT_RAMP_B_OFF_R066,SERANG BARAT,RAMP,B,OFF,255.00,-6.08735757,106.14372068
26_SERANG_BARAT_RAMP_B_OFF_R066,SERANG BARAT,RAMP,B,OFF,260.00,-6.08733164,106.14375762
26_SERANG_BARAT_RAMP_B_OFF_R066,SERANG BARAT,RAMP,B,OFF,265.00,-6.08730571,106.14379457
26_SERANG_BARAT_RAMP_B_OFF_R066,SERANG BARAT,RAMP,B,OFF,270.00,-6.08727978,106.14383151
26_SERANG_BARAT_RAMP_B_OFF_R066,SERANG BARAT,RAMP,B,OFF,275.00,-6.08725385,106.14386845
26_SERANG_BARAT_RAMP_B_OFF_R066,SERANG BARAT,RAMP,B,OFF,280.00,-6.08722792,106.14390540
26_SERANG_BARAT_RAMP_B_OFF_R066,SERANG BARAT,RAMP,B,OFF,285.00,-6.08720201,106.14394236
26_SERANG_BARAT_RAMP_B_OFF_R066,SERANG BARAT,RAMP,B,OFF,290.00,-6.08717803,106.14398062
26_SERANG_BARAT_RAMP_B_OFF_R066,SERANG BARAT,RAMP,B,OFF,295.00,-6.08715405,106.14401887
26_SERANG_BARAT_RAMP_B_OFF_R066,SERANG BARAT,RAMP,B,OFF,300.00,-6.08713008,106.14405713
26_SERANG_BARAT_RAMP_B_OFF_R066,SERANG BARAT,RAMP,B,OFF,305.00,-6.08710610,106.14409538
26_SERANG_BARAT_RAMP_B_OFF_R066,SERANG BARAT,RAMP,B,OFF,310.00,-6.08708212,106.14413364
26_SERANG_BARAT_RAMP_B_OFF_R066,SERANG BARAT,RAMP,B,OFF,315.00,-6.08705814,106.14417189
26_SERANG_BARAT_RAMP_B_OFF_R066,SERANG BARAT,RAMP,B,OFF,320.00,-6.08703417,106.14421015
26_SERANG_BARAT_RAMP_B_OFF_R066,SERANG BARAT,RAMP,B,OFF,325.00,-6.08701476,106.14425090
26_SERANG_BARAT_RAMP_B_OFF_R066,SERANG BARAT,RAMP,B,OFF,330.00,-6.08699587,106.14429194
26_SERANG_BARAT_RAMP_B_OFF_R066,SERANG BARAT,RAMP,B,OFF,335.00,-6.08697700,106.14433299
26_SERANG_BARAT_RAMP_B_OFF_R066,SERANG BARAT,RAMP,B,OFF,340.00,-6.08696271,106.14437586
26_SERANG_BARAT_RAMP_B_OFF_R066,SERANG BARAT,RAMP,B,OFF,345.00,-6.08695027,106.14441928
26_SERANG_BARAT_RAMP_B_OFF_R066,SERANG BARAT,RAMP,B,OFF,350.00,-6.08693972,106.14446323
26_SERANG_BARAT_RAMP_B_OFF_R066,SERANG BARAT,RAMP,B,OFF,355.00,-6.08693321,106.14450766
26_SERANG_BARAT_RAMP_B_OFF_R066,SERANG BARAT,RAMP,B,OFF,360.00,-6.08693350,106.14455288
26_SERANG_BARAT_RAMP_B_OFF_R066,SERANG BARAT,RAMP,B,OFF,365.00,-6.08693379,106.14459810
26_SERANG_BARAT_RAMP_B_OFF_R066,SERANG BARAT,RAMP,B,OFF,370.00,-6.08693493,106.14464329
26_SERANG_BARAT_RAMP_B_OFF_R066,SERANG BARAT,RAMP,B,OFF,375.00,-6.08693853,106.14468836
26_SERANG_BARAT_RAMP_B_OFF_R066,SERANG BARAT,RAMP,B,OFF,380.00,-6.08694477,106.14473307
26_SERANG_BARAT_RAMP_B_OFF_R066,SERANG BARAT,RAMP,B,OFF,385.00,-6.08695331,106.14477747
26_SERANG_BARAT_RAMP_B_OFF_R066,SERANG BARAT,RAMP,B,OFF,390.00,-6.08696731,106.14482038
26_SERANG_BARAT_RAMP_B_OFF_R066,SERANG BARAT,RAMP,B,OFF,395.00,-6.08698250,106.14486293
26_SERANG_BARAT_RAMP_B_OFF_R066,SERANG BARAT,RAMP,B,OFF,400.00,-6.08700175,106.14490379
26_SERANG_BARAT_RAMP_B_OFF_R066,SERANG BARAT,RAMP,B,OFF,405.00,-6.08702101,106.14494466
26_SERANG_BARAT_RAMP_B_OFF_R066,SERANG BARAT,RAMP,B,OFF,410.00,-6.08704532,106.14498259
26_SERANG_BARAT_RAMP_B_OFF_R066,SERANG BARAT,RAMP,B,OFF,415.00,-6.08707084,106.14501983
26_SERANG_BARAT_RAMP_B_OFF_R066,SERANG BARAT,RAMP,B,OFF,420.00,-6.08709810,106.14505577
26_SERANG_BARAT_RAMP_B_OFF_R066,SERANG BARAT,RAMP,B,OFF,425.00,-6.08712661,106.14509068
26_SERANG_BARAT_RAMP_B_OFF_R066,SERANG BARAT,RAMP,B,OFF,430.00,-6.08715808,106.14512299
26_SERANG_BARAT_RAMP_B_OFF_R066,SERANG BARAT,RAMP,B,OFF,435.00,-6.08719014,106.14515464
26_SERANG_BARAT_RAMP_B_OFF_R066,SERANG BARAT,RAMP,B,OFF,440.00,-6.08722497,106.14518323
26_SERANG_BARAT_RAMP_B_OFF_R066,SERANG BARAT,RAMP,B,OFF,445.00,-6.08726129,106.14520987
26_SERANG_BARAT_RAMP_B_OFF_R066,SERANG BARAT,RAMP,B,OFF,450.00,-6.08729837,106.14523538
26_SERANG_BARAT_RAMP_B_OFF_R066,SERANG BARAT,RAMP,B,OFF,455.00,-6.08733754,106.14525759
26_SERANG_BARAT_RAMP_B_OFF_R066,SERANG BARAT,RAMP,B,OFF,460.00,-6.08737846,106.14527626
26_SERANG_BARAT_RAMP_B_OFF_R066,SERANG BARAT,RAMP,B,OFF,465.00,-6.08742026,106.14529291
26_SERANG_BARAT_RAMP_B_OFF_R066,SERANG BARAT,RAMP,B,OFF,470.00,-6.08746231,106.14530890
26_SERANG_BARAT_RAMP_B_OFF_R066,SERANG BARAT,RAMP,B,OFF,475.00,-6.08750541,106.14532180
26_SERANG_BARAT_RAMP_B_OFF_R066,SERANG BARAT,RAMP,B,OFF,480.00,-6.08754995,106.14532711
26_SERANG_BARAT_RAMP_B_OFF_R066,SERANG BARAT,RAMP,B,OFF,485.00,-6.08759476,106.14533074
26_SERANG_BARAT_RAMP_B_OFF_R066,SERANG BARAT,RAMP,B,OFF,490.00,-6.08763971,106.14533188
26_SERANG_BARAT_RAMP_B_OFF_R066,SERANG BARAT,RAMP,B,OFF,495.00,-6.08768467,106.14533233
26_SERANG_BARAT_RAMP_B_OFF_R066,SERANG BARAT,RAMP,B,OFF,500.00,-6.08772963,106.14533157
26_SERANG_BARAT_RAMP_B_OFF_R066,SERANG BARAT,RAMP,B,OFF,505.00,-6.08777437,106.14532799
26_SERANG_BARAT_RAMP_B_OFF_R066,SERANG BARAT,RAMP,B,OFF,510.00,-6.08781881,106.14532119
26_SERANG_BARAT_RAMP_B_OFF_R066,SERANG BARAT,RAMP,B,OFF,515.00,-6.08786288,106.14531219
26_SERANG_BARAT_RAMP_B_OFF_R066,SERANG BARAT,RAMP,B,OFF,520.00,-6.08790693,106.14530314
26_SERANG_BARAT_RAMP_B_OFF_R066,SERANG BARAT,RAMP,B,OFF,525.00,-6.08794989,106.14528979
26_SERANG_BARAT_RAMP_B_OFF_R066,SERANG BARAT,RAMP,B,OFF,530.00,-6.08799286,106.14527645
26_SERANG_BARAT_RAMP_B_OFF_R066,SERANG BARAT,RAMP,B,OFF,535.00,-6.08803553,106.14526218
26_SERANG_BARAT_RAMP_B_OFF_R066,SERANG BARAT,RAMP,B,OFF,540.00,-6.08807818,106.14524788
26_SERANG_BARAT_RAMP_B_OFF_R066,SERANG BARAT,RAMP,B,OFF,545.00,-6.08812084,106.14523358
26_SERANG_BARAT_RAMP_B_OFF_R066,SERANG BARAT,RAMP,B,OFF,550.00,-6.08816350,106.14521928
26_SERANG_BARAT_RAMP_B_OFF_R066,SERANG BARAT,RAMP,B,OFF,555.00,-6.08820616,106.14520498
26_SERANG_BARAT_RAMP_B_OFF_R066,SERANG BARAT,RAMP,B,OFF,560.00,-6.08824876,106.14519051
26_SERANG_BARAT_RAMP_B_OFF_R066,SERANG BARAT,RAMP,B,OFF,565.00,-6.08829117,106.14517547
26_SERANG_BARAT_RAMP_B_OFF_R066,SERANG BARAT,RAMP,B,OFF,570.00,-6.08833358,106.14516046
26_SERANG_BARAT_RAMP_B_OFF_R066,SERANG BARAT,RAMP,B,OFF,575.00,-6.08837597,106.14514537
26_SERANG_BARAT_RAMP_B_OFF_R066,SERANG BARAT,RAMP,B,OFF,580.00,-6.08841843,106.14513049
26_SERANG_BARAT_RAMP_B_OFF_R066,SERANG BARAT,RAMP,B,OFF,585.00,-6.08846112,106.14511628
26_SERANG_BARAT_RAMP_B_OFF_R066,SERANG BARAT,RAMP,B,OFF,590.00,-6.08850385,106.14510220
26_SERANG_BARAT_RAMP_B_OFF_R066,SERANG BARAT,RAMP,B,OFF,595.00,-6.08854677,106.14508870
26_SERANG_BARAT_RAMP_B_OFF_R066,SERANG BARAT,RAMP,B,OFF,600.00,-6.08858964,106.14507508
26_SERANG_BARAT_RAMP_B_OFF_R066,SERANG BARAT,RAMP,B,OFF,605.00,-6.08863252,106.14506145
26_SERANG_BARAT_RAMP_B_OFF_R066,SERANG BARAT,RAMP,B,OFF,610.00,-6.08867539,106.14504783
26_SERANG_BARAT_RAMP_B_OFF_R066,SERANG BARAT,RAMP,B,OFF,615.00,-6.08871827,106.14503420
26_SERANG_BARAT_RAMP_B_OFF_R066,SERANG BARAT,RAMP,B,OFF,620.00,-6.08876115,106.14502057
26_SERANG_BARAT_RAMP_B_OFF_R066,SERANG BARAT,RAMP,B,OFF,625.00,-6.08880402,106.14500695
26_SERANG_BARAT_RAMP_B_OFF_R066,SERANG BARAT,RAMP,B,OFF,630.00,-6.08884669,106.14499273
26_SERANG_BARAT_RAMP_B_OFF_R066,SERANG BARAT,RAMP,B,OFF,635.00,-6.08888868,106.14497655
26_SERANG_BARAT_RAMP_B_OFF_R066,SERANG BARAT,RAMP,B,OFF,640.00,-6.08893067,106.14496037
26_SERANG_BARAT_RAMP_B_OFF_R066,SERANG BARAT,RAMP,B,OFF,645.00,-6.08897266,106.14494419
26_SERANG_BARAT_RAMP_B_OFF_R066,SERANG BARAT,RAMP,B,OFF,650.00,-6.08901465,106.14492802
26_SERANG_BARAT_RAMP_B_OFF_R066,SERANG BARAT,RAMP,B,OFF,655.00,-6.08905653,106.14491155
26_SERANG_BARAT_RAMP_B_OFF_R066,SERANG BARAT,RAMP,B,OFF,660.00,-6.08909837,106.14489498
26_SERANG_BARAT_RAMP_B_OFF_R066,SERANG BARAT,RAMP,B,OFF,665.00,-6.08913781,106.14487340
26_SERANG_BARAT_RAMP_B_OFF_R066,SERANG BARAT,RAMP,B,OFF,670.00,-6.08917681,106.14485088
26_SERANG_BARAT_RAMP_B_OFF_R066,SERANG BARAT,RAMP,B,OFF,675.00,-6.08921518,106.14482732
26_SERANG_BARAT_RAMP_B_OFF_R066,SERANG BARAT,RAMP,B,OFF,680.00,-6.08925354,106.14480371
26_SERANG_BARAT_RAMP_B_OFF_R066,SERANG BARAT,RAMP,B,OFF,685.00,-6.08929189,106.14478009
26_SERANG_BARAT_RAMP_B_OFF_R066,SERANG BARAT,RAMP,B,OFF,690.00,-6.08932642,106.14475126
26_SERANG_BARAT_RAMP_B_OFF_R066,SERANG BARAT,RAMP,B,OFF,695.00,-6.08936031,106.14472154
26_SERANG_BARAT_RAMP_B_OFF_R066,SERANG BARAT,RAMP,B,OFF,700.00,-6.08939220,106.14468969
26_SERANG_BARAT_RAMP_B_OFF_R066,SERANG BARAT,RAMP,B,OFF,705.00,-6.08942358,106.14465730
26_SERANG_BARAT_RAMP_B_OFF_R066,SERANG BARAT,RAMP,B,OFF,710.00,-6.08945524,106.14462518
26_SERANG_BARAT_RAMP_B_OFF_R066,SERANG BARAT,RAMP,B,OFF,715.00,-6.08948714,106.14459332
26_SERANG_BARAT_RAMP_B_OFF_R066,SERANG BARAT,RAMP,B,OFF,720.00,-6.08951905,106.14456145
26_SERANG_BARAT_RAMP_B_OFF_R066,SERANG BARAT,RAMP,B,OFF,725.00,-6.08954505,106.14452457
26_SERANG_BARAT_RAMP_B_OFF_R066,SERANG BARAT,RAMP,B,OFF,730.00,-6.08957099,106.14448763
26_SERANG_BARAT_RAMP_B_OFF_R066,SERANG BARAT,RAMP,B,OFF,735.00,-6.08959562,106.14444982
26_SERANG_BARAT_RAMP_B_OFF_R066,SERANG BARAT,RAMP,B,OFF,740.00,-6.08961927,106.14441136
26_SERANG_BARAT_RAMP_B_OFF_R066,SERANG BARAT,RAMP,B,OFF,745.00,-6.08964292,106.14437290
26_SERANG_BARAT_RAMP_B_OFF_R066,SERANG BARAT,RAMP,B,OFF,750.00,-6.08966176,106.14433193
26_SERANG_BARAT_RAMP_B_OFF_R066,SERANG BARAT,RAMP,B,OFF,755.00,-6.08967941,106.14429034
26_SERANG_BARAT_RAMP_B_OFF_R066,SERANG BARAT,RAMP,B,OFF,760.00,-6.08969706,106.14424874
26_SERANG_BARAT_RAMP_B_OFF_R066,SERANG BARAT,RAMP,B,OFF,765.00,-6.08971379,106.14420680
26_SERANG_BARAT_RAMP_B_OFF_R066,SERANG BARAT,RAMP,B,OFF,770.00,-6.08972845,106.14416405
26_SERANG_BARAT_RAMP_B_OFF_R066,SERANG BARAT,RAMP,B,OFF,775.00,-6.08974374,106.14412152
26_SERANG_BARAT_RAMP_B_OFF_R066,SERANG BARAT,RAMP,B,OFF,780.00,-6.08975902,106.14407899
26_SERANG_BARAT_RAMP_B_OFF_R066,SERANG BARAT,RAMP,B,OFF,785.00,-6.08977431,106.14403646
26_SERANG_BARAT_RAMP_B_OFF_R066,SERANG BARAT,RAMP,B,OFF,790.00,-6.08978960,106.14399393
26_SERANG_BARAT_RAMP_B_OFF_R066,SERANG BARAT,RAMP,B,OFF,795.00,-6.08980488,106.14395141
26_SERANG_BARAT_RAMP_B_OFF_R066,SERANG BARAT,RAMP,B,OFF,800.00,-6.08982017,106.14390888
26_SERANG_BARAT_RAMP_B_OFF_R066,SERANG BARAT,RAMP,B,OFF,805.00,-6.08983546,106.14386635
26_SERANG_BARAT_RAMP_B_OFF_R066,SERANG BARAT,RAMP,B,OFF,810.00,-6.08985074,106.14382382
26_SERANG_BARAT_RAMP_B_OFF_R066,SERANG BARAT,RAMP,B,OFF,815.00,-6.08986579,106.14378121
26_SERANG_BARAT_RAMP_B_OFF_R066,SERANG BARAT,RAMP,B,OFF,820.00,-6.08987988,106.14373827
26_SERANG_BARAT_RAMP_B_OFF_R066,SERANG BARAT,RAMP,B,OFF,825.00,-6.08989398,106.14369533
26_SERANG_BARAT_RAMP_B_OFF_R066,SERANG BARAT,RAMP,B,OFF,830.00,-6.08990808,106.14365238
26_SERANG_BARAT_RAMP_B_OFF_R066,SERANG BARAT,RAMP,B,OFF,835.00,-6.08992285,106.14360968
26_SERANG_BARAT_RAMP_B_OFF_R066,SERANG BARAT,RAMP,B,OFF,840.00,-6.08993823,106.14356719
26_SERANG_BARAT_RAMP_B_OFF_R066,SERANG BARAT,RAMP,B,OFF,845.00,-6.08995228,106.14352423
26_SERANG_BARAT_RAMP_B_OFF_R066,SERANG BARAT,RAMP,B,OFF,850.00,-6.08995863,106.14347966
26_SERANG_BARAT_RAMP_B_OFF_R066,SERANG BARAT,RAMP,B,OFF,855.00,-6.08996270,106.14343463
26_SERANG_BARAT_RAMP_B_OFF_R066,SERANG BARAT,RAMP,B,OFF,860.00,-6.08997101,106.14339028
26_SERANG_BARAT_RAMP_B_OFF_R066,SERANG BARAT,RAMP,B,OFF,865.00,-6.08998130,106.14334626
26_SERANG_BARAT_RAMP_B_OFF_R066,SERANG BARAT,RAMP,B,OFF,870.00,-6.08999159,106.14330224
26_SERANG_BARAT_RAMP_B_OFF_R066,SERANG BARAT,RAMP,B,OFF,875.00,-6.09000188,106.14325822
26_SERANG_BARAT_RAMP_B_OFF_R066,SERANG BARAT,RAMP,B,OFF,880.00,-6.09001217,106.14321420
26_SERANG_BARAT_RAMP_B_OFF_R066,SERANG BARAT,RAMP,B,OFF,885.00,-6.09002598,106.14317118
26_SERANG_BARAT_RAMP_B_OFF_R066,SERANG BARAT,RAMP,B,OFF,890.00,-6.09004014,106.14312826
26_SERANG_BARAT_RAMP_B_OFF_R066,SERANG BARAT,RAMP,B,OFF,892.10,-6.09004610,106.14311020
26_SERANG_BARAT_RAMP_A_ON_R067,SERANG BARAT,RAMP,A,ON,0.00,-6.09004610,106.14311020
26_SERANG_BARAT_RAMP_A_ON_R067,SERANG BARAT,RAMP,A,ON,5.00,-6.09003194,106.14315312
26_SERANG_BARAT_RAMP_A_ON_R067,SERANG BARAT,RAMP,A,ON,10.00,-6.09001777,106.14319604
26_SERANG_BARAT_RAMP_A_ON_R067,SERANG BARAT,RAMP,A,ON,15.00,-6.08999522,106.14323459
26_SERANG_BARAT_RAMP_A_ON_R067,SERANG BARAT,RAMP,A,ON,20.00,-6.08996854,106.14327099
26_SERANG_BARAT_RAMP_A_ON_R067,SERANG BARAT,RAMP,A,ON,25.00,-6.08994635,106.14331007
26_SERANG_BARAT_RAMP_A_ON_R067,SERANG BARAT,RAMP,A,ON,30.00,-6.08992738,106.14335107
26_SERANG_BARAT_RAMP_A_ON_R067,SERANG BARAT,RAMP,A,ON,35.00,-6.08990841,106.14339207
26_SERANG_BARAT_RAMP_A_ON_R067,SERANG BARAT,RAMP,A,ON,40.00,-6.08989008,106.14343336
26_SERANG_BARAT_RAMP_A_ON_R067,SERANG BARAT,RAMP,A,ON,45.00,-6.08987191,106.14347473
26_SERANG_BARAT_RAMP_A_ON_R067,SERANG BARAT,RAMP,A,ON,50.00,-6.08985373,106.14351609
26_SERANG_BARAT_RAMP_A_ON_R067,SERANG BARAT,RAMP,A,ON,55.00,-6.08983556,106.14355745
26_SERANG_BARAT_RAMP_A_ON_R067,SERANG BARAT,RAMP,A,ON,60.00,-6.08981739,106.14359882
26_SERANG_BARAT_RAMP_A_ON_R067,SERANG BARAT,RAMP,A,ON,65.00,-6.08979921,106.14364018
26_SERANG_BARAT_RAMP_A_ON_R067,SERANG BARAT,RAMP,A,ON,70.00,-6.08978227,106.14368207
26_SERANG_BARAT_RAMP_A_ON_R067,SERANG BARAT,RAMP,A,ON,75.00,-6.08976546,106.14372401
26_SERANG_BARAT_RAMP_A_ON_R067,SERANG BARAT,RAMP,A,ON,80.00,-6.08974866,106.14376595
26_SERANG_BARAT_RAMP_A_ON_R067,SERANG BARAT,RAMP,A,ON,85.00,-6.08973185,106.14380790
26_SERANG_BARAT_RAMP_A_ON_R067,SERANG BARAT,RAMP,A,ON,90.00,-6.08971505,106.14384984
26_SERANG_BARAT_RAMP_A_ON_R067,SERANG BARAT,RAMP,A,ON,95.00,-6.08969790,106.14389164
26_SERANG_BARAT_RAMP_A_ON_R067,SERANG BARAT,RAMP,A,ON,100.00,-6.08967820,106.14393229
26_SERANG_BARAT_RAMP_A_ON_R067,SERANG BARAT,RAMP,A,ON,105.00,-6.08965850,106.14397294
26_SERANG_BARAT_RAMP_A_ON_R067,SERANG BARAT,RAMP,A,ON,110.00,-6.08963880,106.14401359
26_SERANG_BARAT_RAMP_A_ON_R067,SERANG BARAT,RAMP,A,ON,115.00,-6.08961910,106.14405424
26_SERANG_BARAT_RAMP_A_ON_R067,SERANG BARAT,RAMP,A,ON,120.00,-6.08959934,106.14409486
26_SERANG_BARAT_RAMP_A_ON_R067,SERANG BARAT,RAMP,A,ON,125.00,-6.08957924,106.14413531
26_SERANG_BARAT_RAMP_A_ON_R067,SERANG BARAT,RAMP,A,ON,130.00,-6.08955915,106.14417576
26_SERANG_BARAT_RAMP_A_ON_R067,SERANG BARAT,RAMP,A,ON,135.00,-6.08953902,106.14421620
26_SERANG_BARAT_RAMP_A_ON_R067,SERANG BARAT,RAMP,A,ON,140.00,-6.08951890,106.14425664
26_SERANG_BARAT_RAMP_A_ON_R067,SERANG BARAT,RAMP,A,ON,145.00,-6.08949806,106.14429665
26_SERANG_BARAT_RAMP_A_ON_R067,SERANG BARAT,RAMP,A,ON,150.00,-6.08947156,106.14433318
26_SERANG_BARAT_RAMP_A_ON_R067,SERANG BARAT,RAMP,A,ON,155.00,-6.08944506,106.14436971
26_SERANG_BARAT_RAMP_A_ON_R067,SERANG BARAT,RAMP,A,ON,160.00,-6.08941540,106.14440359
26_SERANG_BARAT_RAMP_A_ON_R067,SERANG BARAT,RAMP,A,ON,165.00,-6.08938431,106.14443625
26_SERANG_BARAT_RAMP_A_ON_R067,SERANG BARAT,RAMP,A,ON,170.00,-6.08935151,106.14446689
26_SERANG_BARAT_RAMP_A_ON_R067,SERANG BARAT,RAMP,A,ON,175.00,-6.08931434,106.14449235
26_SERANG_BARAT_RAMP_A_ON_R067,SERANG BARAT,RAMP,A,ON,180.00,-6.08927719,106.14451782
26_SERANG_BARAT_RAMP_A_ON_R067,SERANG BARAT,RAMP,A,ON,185.00,-6.08923527,106.14453408
26_SERANG_BARAT_RAMP_A_ON_R067,SERANG BARAT,RAMP,A,ON,190.00,-6.08919310,106.14454978
26_SERANG_BARAT_RAMP_A_ON_R067,SERANG BARAT,RAMP,A,ON,195.00,-6.08915065,106.14456453
26_SERANG_BARAT_RAMP_A_ON_R067,SERANG BARAT,RAMP,A,ON,200.00,-6.08910615,106.14457100
26_SERANG_BARAT_RAMP_A_ON_R067,SERANG BARAT,RAMP,A,ON,205.00,-6.08906135,106.14457258
26_SERANG_BARAT_RAMP_A_ON_R067,SERANG BARAT,RAMP,A,ON,210.00,-6.08901639,106.14457164
26_SERANG_BARAT_RAMP_A_ON_R067,SERANG BARAT,RAMP,A,ON,215.00,-6.08897156,106.14456812
26_SERANG_BARAT_RAMP_A_ON_R067,SERANG BARAT,RAMP,A,ON,220.00,-6.08892689,106.14456324
26_SERANG_BARAT_RAMP_A_ON_R067,SERANG BARAT,RAMP,A,ON,225.00,-6.08888248,106.14455614
26_SERANG_BARAT_RAMP_A_ON_R067,SERANG BARAT,RAMP,A,ON,230.00,-6.08883828,106.14454816
26_SERANG_BARAT_RAMP_A_ON_R067,SERANG BARAT,RAMP,A,ON,235.00,-6.08879539,106.14453457
26_SERANG_BARAT_RAMP_A_ON_R067,SERANG BARAT,RAMP,A,ON,240.00,-6.08875277,106.14452019
26_SERANG_BARAT_RAMP_A_ON_R067,SERANG BARAT,RAMP,A,ON,245.00,-6.08871063,106.14450446
26_SERANG_BARAT_RAMP_A_ON_R067,SERANG BARAT,RAMP,A,ON,250.00,-6.08866929,106.14448665
26_SERANG_BARAT_RAMP_A_ON_R067,SERANG BARAT,RAMP,A,ON,255.00,-6.08862910,106.14446646
26_SERANG_BARAT_RAMP_A_ON_R067,SERANG BARAT,RAMP,A,ON,260.00,-6.08858942,106.14444519
26_SERANG_BARAT_RAMP_A_ON_R067,SERANG BARAT,RAMP,A,ON,265.00,-6.08855090,106.14442189
26_SERANG_BARAT_RAMP_A_ON_R067,SERANG BARAT,RAMP,A,ON,270.00,-6.08851474,106.14439513
26_SERANG_BARAT_RAMP_A_ON_R067,SERANG BARAT,RAMP,A,ON,275.00,-6.08847964,106.14436686
26_SERANG_BARAT_RAMP_A_ON_R067,SERANG BARAT,RAMP,A,ON,280.00,-6.08844542,106.14433758
26_SERANG_BARAT_RAMP_A_ON_R067,SERANG BARAT,RAMP,A,ON,285.00,-6.08841250,106.14430678
26_SERANG_BARAT_RAMP_A_ON_R067,SERANG BARAT,RAMP,A,ON,290.00,-6.08838036,106.14427517
26_SERANG_BARAT_RAMP_A_ON_R067,SERANG BARAT,RAMP,A,ON,295.00,-6.08834930,106.14424247
26_SERANG_BARAT_RAMP_A_ON_R067,SERANG BARAT,RAMP,A,ON,300.00,-6.08831877,106.14420930
26_SERANG_BARAT_RAMP_A_ON_R067,SERANG BARAT,RAMP,A,ON,305.00,-6.08828999,106.14417458
26_SERANG_BARAT_RAMP_A_ON_R067,SERANG BARAT,RAMP,A,ON,310.00,-6.08826523,106.14413683
26_SERANG_BARAT_RAMP_A_ON_R067,SERANG BARAT,RAMP,A,ON,315.00,-6.08824048,106.14409909
26_SERANG_BARAT_RAMP_A_ON_R067,SERANG BARAT,RAMP,A,ON,320.00,-6.08821854,106.14405965
26_SERANG_BARAT_RAMP_A_ON_R067,SERANG BARAT,RAMP,A,ON,325.00,-6.08819827,106.14401929
26_SERANG_BARAT_RAMP_A_ON_R067,SERANG BARAT,RAMP,A,ON,330.00,-6.08817622,106.14397990
26_SERANG_BARAT_RAMP_A_ON_R067,SERANG BARAT,RAMP,A,ON,335.00,-6.08815365,106.14394079
26_SERANG_BARAT_RAMP_A_ON_R067,SERANG BARAT,RAMP,A,ON,340.00,-6.08813458,106.14389985
26_SERANG_BARAT_RAMP_A_ON_R067,SERANG BARAT,RAMP,A,ON,345.00,-6.08811625,106.14385856
26_SERANG_BARAT_RAMP_A_ON_R067,SERANG BARAT,RAMP,A,ON,350.00,-6.08809891,106.14381684
26_SERANG_BARAT_RAMP_A_ON_R067,SERANG BARAT,RAMP,A,ON,355.00,-6.08808156,106.14377512
26_SERANG_BARAT_RAMP_A_ON_R067,SERANG BARAT,RAMP,A,ON,360.00,-6.08806422,106.14373339
26_SERANG_BARAT_RAMP_A_ON_R067,SERANG BARAT,RAMP,A,ON,365.00,-6.08804687,106.14369167
26_SERANG_BARAT_RAMP_A_ON_R067,SERANG BARAT,RAMP,A,ON,370.00,-6.08802953,106.14364995
26_SERANG_BARAT_RAMP_A_ON_R067,SERANG BARAT,RAMP,A,ON,375.00,-6.08801218,106.14360823
26_SERANG_BARAT_RAMP_A_ON_R067,SERANG BARAT,RAMP,A,ON,380.00,-6.08799485,106.14356651
26_SERANG_BARAT_RAMP_A_ON_R067,SERANG BARAT,RAMP,A,ON,385.00,-6.08797837,106.14352443
26_SERANG_BARAT_RAMP_A_ON_R067,SERANG BARAT,RAMP,A,ON,390.00,-6.08796190,106.14348235
26_SERANG_BARAT_RAMP_A_ON_R067,SERANG BARAT,RAMP,A,ON,395.00,-6.08794542,106.14344028
26_SERANG_BARAT_RAMP_A_ON_R067,SERANG BARAT,RAMP,A,ON,400.00,-6.08792894,106.14339820
26_SERANG_BARAT_RAMP_A_ON_R067,SERANG BARAT,RAMP,A,ON,405.00,-6.08791248,106.14335612
26_SERANG_BARAT_RAMP_A_ON_R067,SERANG BARAT,RAMP,A,ON,410.00,-6.08789616,106.14331398
26_SERANG_BARAT_RAMP_A_ON_R067,SERANG BARAT,RAMP,A,ON,415.00,-6.08787985,106.14327184
26_SERANG_BARAT_RAMP_A_ON_R067,SERANG BARAT,RAMP,A,ON,420.00,-6.08786382,106.14322959
26_SERANG_BARAT_RAMP_A_ON_R067,SERANG BARAT,RAMP,A,ON,425.00,-6.08784807,106.14318724
26_SERANG_BARAT_RAMP_A_ON_R067,SERANG BARAT,RAMP,A,ON,430.00,-6.08783232,106.14314488
26_SERANG_BARAT_RAMP_A_ON_R067,SERANG BARAT,RAMP,A,ON,435.00,-6.08781647,106.14310256
26_SERANG_BARAT_RAMP_A_ON_R067,SERANG BARAT,RAMP,A,ON,440.00,-6.08780017,106.14306041
26_SERANG_BARAT_RAMP_A_ON_R067,SERANG BARAT,RAMP,A,ON,445.00,-6.08778388,106.14301827
26_SERANG_BARAT_RAMP_A_ON_R067,SERANG BARAT,RAMP,A,ON,450.00,-6.08776807,106.14297594
26_SERANG_BARAT_RAMP_A_ON_R067,SERANG BARAT,RAMP,A,ON,455.00,-6.08775338,106.14293320
26_SERANG_BARAT_RAMP_A_ON_R067,SERANG BARAT,RAMP,A,ON,460.00,-6.08773868,106.14289046
26_SERANG_BARAT_RAMP_A_ON_R067,SERANG BARAT,RAMP,A,ON,465.00,-6.08771202,106.14285818
26_SERANG_BARAT_RAMP_A_ON_R067,SERANG BARAT,RAMP,A,ON,470.00,-6.08767161,106.14283835
26_SERANG_BARAT_RAMP_A_ON_R067,SERANG BARAT,RAMP,A,ON,475.00,-6.08765341,106.14279877
26_SERANG_BARAT_RAMP_A_ON_R067,SERANG BARAT,RAMP,A,ON,480.00,-6.08763879,106.14275600
26_SERANG_BARAT_RAMP_A_ON_R067,SERANG BARAT,RAMP,A,ON,485.00,-6.08762417,106.14271324
26_SERANG_BARAT_RAMP_A_ON_R067,SERANG BARAT,RAMP,A,ON,490.00,-6.08760955,106.14267048
26_SERANG_BARAT_RAMP_A_ON_R067,SERANG BARAT,RAMP,A,ON,495.00,-6.08759493,106.14262771
26_SERANG_BARAT_RAMP_A_ON_R067,SERANG BARAT,RAMP,A,ON,500.00,-6.08758031,106.14258495
26_SERANG_BARAT_RAMP_A_ON_R067,SERANG BARAT,RAMP,A,ON,505.00,-6.08756569,106.14254218
26_SERANG_BARAT_RAMP_A_ON_R067,SERANG BARAT,RAMP,A,ON,510.00,-6.08755107,106.14249942
26_SERANG_BARAT_RAMP_A_ON_R067,SERANG BARAT,RAMP,A,ON,515.00,-6.08753645,106.14245666
26_SERANG_BARAT_RAMP_A_ON_R067,SERANG BARAT,RAMP,A,ON,520.00,-6.08752183,106.14241389
26_SERANG_BARAT_RAMP_A_ON_R067,SERANG BARAT,RAMP,A,ON,525.00,-6.08750721,106.14237113
26_SERANG_BARAT_RAMP_A_ON_R067,SERANG BARAT,RAMP,A,ON,529.96,-6.08749270,106.14232870
26_SERANG_BARAT_RAMP_B_ON_R068,SERANG BARAT,RAMP,B,ON,0.00,-6.09004610,106.14311020
26_SERANG_BARAT_RAMP_B_ON_R068,SERANG BARAT,RAMP,B,ON,5.00,-6.09003194,106.14315312
26_SERANG_BARAT_RAMP_B_ON_R068,SERANG BARAT,RAMP,B,ON,10.00,-6.09001777,106.14319604
26_SERANG_BARAT_RAMP_B_ON_R068,SERANG BARAT,RAMP,B,ON,15.00,-6.09000621,106.14323970
26_SERANG_BARAT_RAMP_B_ON_R068,SERANG BARAT,RAMP,B,ON,20.00,-6.08999592,106.14328372
26_SERANG_BARAT_RAMP_B_ON_R068,SERANG BARAT,RAMP,B,ON,25.00,-6.08998563,106.14332774
26_SERANG_BARAT_RAMP_B_ON_R068,SERANG BARAT,RAMP,B,ON,30.00,-6.08997534,106.14337176
26_SERANG_BARAT_RAMP_B_ON_R068,SERANG BARAT,RAMP,B,ON,35.00,-6.08996506,106.14341578
26_SERANG_BARAT_RAMP_B_ON_R068,SERANG BARAT,RAMP,B,ON,40.00,-6.08993967,106.14345267
26_SERANG_BARAT_RAMP_B_ON_R068,SERANG BARAT,RAMP,B,ON,45.00,-6.08991382,106.14348956
26_SERANG_BARAT_RAMP_B_ON_R068,SERANG BARAT,RAMP,B,ON,50.00,-6.08990082,106.14353285
26_SERANG_BARAT_RAMP_B_ON_R068,SERANG BARAT,RAMP,B,ON,55.00,-6.08988634,106.14357566
26_SERANG_BARAT_RAMP_B_ON_R068,SERANG BARAT,RAMP,B,ON,60.00,-6.08987148,106.14361834
26_SERANG_BARAT_RAMP_B_ON_R068,SERANG BARAT,RAMP,B,ON,65.00,-6.08985662,106.14366102
26_SERANG_BARAT_RAMP_B_ON_R068,SERANG BARAT,RAMP,B,ON,70.00,-6.08984176,106.14370370
26_SERANG_BARAT_RAMP_B_ON_R068,SERANG BARAT,RAMP,B,ON,75.00,-6.08982688,106.14374637
26_SERANG_BARAT_RAMP_B_ON_R068,SERANG BARAT,RAMP,B,ON,80.00,-6.08981193,106.14378902
26_SERANG_BARAT_RAMP_B_ON_R068,SERANG BARAT,RAMP,B,ON,85.00,-6.08979699,106.14383167
26_SERANG_BARAT_RAMP_B_ON_R068,SERANG BARAT,RAMP,B,ON,90.00,-6.08978205,106.14387433
26_SERANG_BARAT_RAMP_B_ON_R068,SERANG BARAT,RAMP,B,ON,95.00,-6.08976711,106.14391698
26_SERANG_BARAT_RAMP_B_ON_R068,SERANG BARAT,RAMP,B,ON,100.00,-6.08975217,106.14395963
26_SERANG_BARAT_RAMP_B_ON_R068,SERANG BARAT,RAMP,B,ON,105.00,-6.08973723,106.14400228
26_SERANG_BARAT_RAMP_B_ON_R068,SERANG BARAT,RAMP,B,ON,110.00,-6.08972229,106.14404493
26_SERANG_BARAT_RAMP_B_ON_R068,SERANG BARAT,RAMP,B,ON,115.00,-6.08970735,106.14408759
26_SERANG_BARAT_RAMP_B_ON_R068,SERANG BARAT,RAMP,B,ON,120.00,-6.08969240,106.14413024
26_SERANG_BARAT_RAMP_B_ON_R068,SERANG BARAT,RAMP,B,ON,125.00,-6.08967654,106.14417254
26_SERANG_BARAT_RAMP_B_ON_R068,SERANG BARAT,RAMP,B,ON,130.00,-6.08965943,106.14421436
26_SERANG_BARAT_RAMP_B_ON_R068,SERANG BARAT,RAMP,B,ON,135.00,-6.08964232,106.14425617
26_SERANG_BARAT_RAMP_B_ON_R068,SERANG BARAT,RAMP,B,ON,140.00,-6.08962521,106.14429799
26_SERANG_BARAT_RAMP_B_ON_R068,SERANG BARAT,RAMP,B,ON,145.00,-6.08960174,106.14433656
26_SERANG_BARAT_RAMP_B_ON_R068,SERANG BARAT,RAMP,B,ON,150.00,-6.08957819,106.14437508
26_SERANG_BARAT_RAMP_B_ON_R068,SERANG BARAT,RAMP,B,ON,155.00,-6.08955411,106.14441325
26_SERANG_BARAT_RAMP_B_ON_R068,SERANG BARAT,RAMP,B,ON,160.00,-6.08952834,106.14445032
26_SERANG_BARAT_RAMP_B_ON_R068,SERANG BARAT,RAMP,B,ON,165.00,-6.08950258,106.14448738
26_SERANG_BARAT_RAMP_B_ON_R068,SERANG BARAT,RAMP,B,ON,170.00,-6.08947157,106.14452000
26_SERANG_BARAT_RAMP_B_ON_R068,SERANG BARAT,RAMP,B,ON,175.00,-6.08943962,106.14455181
26_SERANG_BARAT_RAMP_B_ON_R068,SERANG BARAT,RAMP,B,ON,180.00,-6.08940815,106.14458411
26_SERANG_BARAT_RAMP_B_ON_R068,SERANG BARAT,RAMP,B,ON,185.00,-6.08937696,106.14461669
26_SERANG_BARAT_RAMP_B_ON_R068,SERANG BARAT,RAMP,B,ON,190.00,-6.08934550,106.14464897
26_SERANG_BARAT_RAMP_B_ON_R068,SERANG BARAT,RAMP,B,ON,195.00,-6.08931141,106.14467846
26_SERANG_BARAT_RAMP_B_ON_R068,SERANG BARAT,RAMP,B,ON,200.00,-6.08927722,106.14470780
26_SERANG_BARAT_RAMP_B_ON_R068,SERANG BARAT,RAMP,B,ON,205.00,-6.08923883,106.14473135
26_SERANG_BARAT_RAMP_B_ON_R068,SERANG BARAT,RAMP,B,ON,210.00,-6.08920044,106.14475489
26_SERANG_BARAT_RAMP_B_ON_R068,SERANG BARAT,RAMP,B,ON,215.00,-6.08916205,106.14477843
26_SERANG_BARAT_RAMP_B_ON_R068,SERANG BARAT,RAMP,B,ON,220.00,-6.08912312,106.14480107
26_SERANG_BARAT_RAMP_B_ON_R068,SERANG BARAT,RAMP,B,ON,225.00,-6.08908386,106.14482301
26_SERANG_BARAT_RAMP_B_ON_R068,SERANG BARAT,RAMP,B,ON,230.00,-6.08904196,106.14483941
26_SERANG_BARAT_RAMP_B_ON_R068,SERANG BARAT,RAMP,B,ON,235.00,-6.08900003,106.14485574
26_SERANG_BARAT_RAMP_B_ON_R068,SERANG BARAT,RAMP,B,ON,240.00,-6.08895799,106.14487180
26_SERANG_BARAT_RAMP_B_ON_R068,SERANG BARAT,RAMP,B,ON,245.00,-6.08891595,106.14488785
26_SERANG_BARAT_RAMP_B_ON_R068,SERANG BARAT,RAMP,B,ON,250.00,-6.08887391,106.14490390
26_SERANG_BARAT_RAMP_B_ON_R068,SERANG BARAT,RAMP,B,ON,255.00,-6.08883188,106.14491995
26_SERANG_BARAT_RAMP_B_ON_R068,SERANG BARAT,RAMP,B,ON,260.00,-6.08878947,106.14493499
26_SERANG_BARAT_RAMP_B_ON_R068,SERANG BARAT,RAMP,B,ON,265.00,-6.08874698,106.14494979
26_SERANG_BARAT_RAMP_B_ON_R068,SERANG BARAT,RAMP,B,ON,270.00,-6.08870449,106.14496459
26_SERANG_BARAT_RAMP_B_ON_R068,SERANG BARAT,RAMP,B,ON,275.00,-6.08866200,106.14497939
26_SERANG_BARAT_RAMP_B_ON_R068,SERANG BARAT,RAMP,B,ON,280.00,-6.08861913,106.14499297
26_SERANG_BARAT_RAMP_B_ON_R068,SERANG BARAT,RAMP,B,ON,285.00,-6.08857590,106.14500542
26_SERANG_BARAT_RAMP_B_ON_R068,SERANG BARAT,RAMP,B,ON,290.00,-6.08853267,106.14501787
26_SERANG_BARAT_RAMP_B_ON_R068,SERANG BARAT,RAMP,B,ON,295.00,-6.08848945,106.14503032
26_SERANG_BARAT_RAMP_B_ON_R068,SERANG BARAT,RAMP,B,ON,300.00,-6.08844645,106.14504355
26_SERANG_BARAT_RAMP_B_ON_R068,SERANG BARAT,RAMP,B,ON,305.00,-6.08840376,106.14505774
26_SERANG_BARAT_RAMP_B_ON_R068,SERANG BARAT,RAMP,B,ON,310.00,-6.08836124,106.14507243
26_SERANG_BARAT_RAMP_B_ON_R068,SERANG BARAT,RAMP,B,ON,315.00,-6.08831880,106.14508739
26_SERANG_BARAT_RAMP_B_ON_R068,SERANG BARAT,RAMP,B,ON,320.00,-6.08827636,106.14510232
26_SERANG_BARAT_RAMP_B_ON_R068,SERANG BARAT,RAMP,B,ON,325.00,-6.08823386,106.14511711
26_SERANG_BARAT_RAMP_B_ON_R068,SERANG BARAT,RAMP,B,ON,330.00,-6.08819171,106.14513282
26_SERANG_BARAT_RAMP_B_ON_R068,SERANG BARAT,RAMP,B,ON,335.00,-6.08814983,106.14514930
26_SERANG_BARAT_RAMP_B_ON_R068,SERANG BARAT,RAMP,B,ON,340.00,-6.08810796,106.14516577
26_SERANG_BARAT_RAMP_B_ON_R068,SERANG BARAT,RAMP,B,ON,345.00,-6.08806608,106.14518225
26_SERANG_BARAT_RAMP_B_ON_R068,SERANG BARAT,RAMP,B,ON,350.00,-6.08802420,106.14519872
26_SERANG_BARAT_RAMP_B_ON_R068,SERANG BARAT,RAMP,B,ON,355.00,-6.08798233,106.14521520
26_SERANG_BARAT_RAMP_B_ON_R068,SERANG BARAT,RAMP,B,ON,360.00,-6.08794045,106.14523167
26_SERANG_BARAT_RAMP_B_ON_R068,SERANG BARAT,RAMP,B,ON,365.00,-6.08789858,106.14524814
26_SERANG_BARAT_RAMP_B_ON_R068,SERANG BARAT,RAMP,B,ON,370.00,-6.08785546,106.14526094
26_SERANG_BARAT_RAMP_B_ON_R068,SERANG BARAT,RAMP,B,ON,375.00,-6.08781227,106.14527353
26_SERANG_BARAT_RAMP_B_ON_R068,SERANG BARAT,RAMP,B,ON,380.00,-6.08776859,106.14528426
26_SERANG_BARAT_RAMP_B_ON_R068,SERANG BARAT,RAMP,B,ON,385.00,-6.08772415,106.14529054
26_SERANG_BARAT_RAMP_B_ON_R068,SERANG BARAT,RAMP,B,ON,390.00,-6.08767940,106.14529491
26_SERANG_BARAT_RAMP_B_ON_R068,SERANG BARAT,RAMP,B,ON,395.00,-6.08763447,106.14529348
26_SERANG_BARAT_RAMP_B_ON_R068,SERANG BARAT,RAMP,B,ON,400.00,-6.08758962,106.14529069
26_SERANG_BARAT_RAMP_B_ON_R068,SERANG BARAT,RAMP,B,ON,405.00,-6.08754496,106.14528542
26_SERANG_BARAT_RAMP_B_ON_R068,SERANG BARAT,RAMP,B,ON,410.00,-6.08750100,106.14527661
26_SERANG_BARAT_RAMP_B_ON_R068,SERANG BARAT,RAMP,B,ON,415.00,-6.08745774,106.14526427
26_SERANG_BARAT_RAMP_B_ON_R068,SERANG BARAT,RAMP,B,ON,420.00,-6.08741580,106.14524825
26_SERANG_BARAT_RAMP_B_ON_R068,SERANG BARAT,RAMP,B,ON,425.00,-6.08737472,106.14522988
26_SERANG_BARAT_RAMP_B_ON_R068,SERANG BARAT,RAMP,B,ON,430.00,-6.08733508,106.14520854
26_SERANG_BARAT_RAMP_B_ON_R068,SERANG BARAT,RAMP,B,ON,435.00,-6.08729632,106.14518563
26_SERANG_BARAT_RAMP_B_ON_R068,SERANG BARAT,RAMP,B,ON,440.00,-6.08725955,106.14515983
26_SERANG_BARAT_RAMP_B_ON_R068,SERANG BARAT,RAMP,B,ON,445.00,-6.08722522,106.14513062
26_SERANG_BARAT_RAMP_B_ON_R068,SERANG BARAT,RAMP,B,ON,450.00,-6.08719230,106.14509983
26_SERANG_BARAT_RAMP_B_ON_R068,SERANG BARAT,RAMP,B,ON,455.00,-6.08716045,106.14506800
26_SERANG_BARAT_RAMP_B_ON_R068,SERANG BARAT,RAMP,B,ON,460.00,-6.08713187,106.14503309
26_SERANG_BARAT_RAMP_B_ON_R068,SERANG BARAT,RAMP,B,ON,465.00,-6.08710339,106.14499810
26_SERANG_BARAT_RAMP_B_ON_R068,SERANG BARAT,RAMP,B,ON,470.00,-6.08708069,106.14495907
26_SERANG_BARAT_RAMP_B_ON_R068,SERANG BARAT,RAMP,B,ON,475.00,-6.08705799,106.14492004
26_SERANG_BARAT_RAMP_B_ON_R068,SERANG BARAT,RAMP,B,ON,480.00,-6.08703846,106.14487940
26_SERANG_BARAT_RAMP_B_ON_R068,SERANG BARAT,RAMP,B,ON,485.00,-6.08702090,106.14483777
26_SERANG_BARAT_RAMP_B_ON_R068,SERANG BARAT,RAMP,B,ON,490.00,-6.08700791,106.14479468
26_SERANG_BARAT_RAMP_B_ON_R068,SERANG BARAT,RAMP,B,ON,495.00,-6.08699834,106.14475049
26_SERANG_BARAT_RAMP_B_ON_R068,SERANG BARAT,RAMP,B,ON,500.00,-6.08699253,106.14470569
26_SERANG_BARAT_RAMP_B_ON_R068,SERANG BARAT,RAMP,B,ON,505.00,-6.08698775,106.14466073
26_SERANG_BARAT_RAMP_B_ON_R068,SERANG BARAT,RAMP,B,ON,510.00,-6.08698690,106.14461566
26_SERANG_BARAT_RAMP_B_ON_R068,SERANG BARAT,RAMP,B,ON,515.00,-6.08698927,106.14457050
26_SERANG_BARAT_RAMP_B_ON_R068,SERANG BARAT,RAMP,B,ON,520.00,-6.08699164,106.14452534
26_SERANG_BARAT_RAMP_B_ON_R068,SERANG BARAT,RAMP,B,ON,525.00,-6.08700117,106.14448116
26_SERANG_BARAT_RAMP_B_ON_R068,SERANG BARAT,RAMP,B,ON,530.00,-6.08701482,106.14443840
26_SERANG_BARAT_RAMP_B_ON_R068,SERANG BARAT,RAMP,B,ON,535.00,-6.08703463,106.14439780
26_SERANG_BARAT_RAMP_B_ON_R068,SERANG BARAT,RAMP,B,ON,540.00,-6.08705746,106.14435888
26_SERANG_BARAT_RAMP_B_ON_R068,SERANG BARAT,RAMP,B,ON,545.00,-6.08708213,106.14432117
26_SERANG_BARAT_RAMP_B_ON_R068,SERANG BARAT,RAMP,B,ON,550.00,-6.08711115,106.14428664
26_SERANG_BARAT_RAMP_B_ON_R068,SERANG BARAT,RAMP,B,ON,555.00,-6.08714353,106.14425572
26_SERANG_BARAT_RAMP_B_ON_R068,SERANG BARAT,RAMP,B,ON,560.00,-6.08717989,106.14422911
26_SERANG_BARAT_RAMP_B_ON_R068,SERANG BARAT,RAMP,B,ON,565.00,-6.08721772,106.14420471
26_SERANG_BARAT_RAMP_B_ON_R068,SERANG BARAT,RAMP,B,ON,570.00,-6.08725754,106.14418410
26_SERANG_BARAT_RAMP_B_ON_R068,SERANG BARAT,RAMP,B,ON,575.00,-6.08729940,106.14416759
26_SERANG_BARAT_RAMP_B_ON_R068,SERANG BARAT,RAMP,B,ON,580.00,-6.08734335,106.14415847
26_SERANG_BARAT_RAMP_B_ON_R068,SERANG BARAT,RAMP,B,ON,585.00,-6.08738776,106.14415144
26_SERANG_BARAT_RAMP_B_ON_R068,SERANG BARAT,RAMP,B,ON,590.00,-6.08743236,106.14414576
26_SERANG_BARAT_RAMP_B_ON_R068,SERANG BARAT,RAMP,B,ON,595.00,-6.08747725,106.14414807
26_SERANG_BARAT_RAMP_B_ON_R068,SERANG BARAT,RAMP,B,ON,600.00,-6.08752215,106.14415062
26_SERANG_BARAT_RAMP_B_ON_R068,SERANG BARAT,RAMP,B,ON,605.00,-6.08756687,106.14415511
26_SERANG_BARAT_RAMP_B_ON_R068,SERANG BARAT,RAMP,B,ON,610.00,-6.08761052,106.14416520
26_SERANG_BARAT_RAMP_B_ON_R068,SERANG BARAT,RAMP,B,ON,615.00,-6.08765291,106.14418010
26_SERANG_BARAT_RAMP_B_ON_R068,SERANG BARAT,RAMP,B,ON,620.00,-6.08769376,106.14419886
26_SERANG_BARAT_RAMP_B_ON_R068,SERANG BARAT,RAMP,B,ON,625.00,-6.08773278,106.14422131
26_SERANG_BARAT_RAMP_B_ON_R068,SERANG BARAT,RAMP,B,ON,630.00,-6.08777111,106.14424497
26_SERANG_BARAT_RAMP_B_ON_R068,SERANG BARAT,RAMP,B,ON,635.00,-6.08780774,106.14427112
26_SERANG_BARAT_RAMP_B_ON_R068,SERANG BARAT,RAMP,B,ON,640.00,-6.08784130,106.14430102
26_SERANG_BARAT_RAMP_B_ON_R068,SERANG BARAT,RAMP,B,ON,645.00,-6.08787267,106.14433341
26_SERANG_BARAT_RAMP_B_ON_R068,SERANG BARAT,RAMP,B,ON,650.00,-6.08790133,106.14436811
26_SERANG_BARAT_RAMP_B_ON_R068,SERANG BARAT,RAMP,B,ON,655.00,-6.08792732,106.14440502
26_SERANG_BARAT_RAMP_B_ON_R068,SERANG BARAT,RAMP,B,ON,660.00,-6.08795277,106.14444228
26_SERANG_BARAT_RAMP_B_ON_R068,SERANG BARAT,RAMP,B,ON,665.00,-6.08797355,106.14448238
26_SERANG_BARAT_RAMP_B_ON_R068,SERANG BARAT,RAMP,B,ON,670.00,-6.08799434,106.14452248
26_SERANG_BARAT_RAMP_B_ON_R068,SERANG BARAT,RAMP,B,ON,675.00,-6.08801486,106.14456272
26_SERANG_BARAT_RAMP_B_ON_R068,SERANG BARAT,RAMP,B,ON,680.00,-6.08803423,106.14460352
26_SERANG_BARAT_RAMP_B_ON_R068,SERANG BARAT,RAMP,B,ON,685.00,-6.08805360,106.14464433
26_SERANG_BARAT_RAMP_B_ON_R068,SERANG BARAT,RAMP,B,ON,690.00,-6.08807188,106.14468564
26_SERANG_BARAT_RAMP_B_ON_R068,SERANG BARAT,RAMP,B,ON,695.00,-6.08808949,106.14472725
26_SERANG_BARAT_RAMP_B_ON_R068,SERANG BARAT,RAMP,B,ON,700.00,-6.08810710,106.14476886
26_SERANG_BARAT_RAMP_B_ON_R068,SERANG BARAT,RAMP,B,ON,705.00,-6.08812471,106.14481047
26_SERANG_BARAT_RAMP_B_ON_R068,SERANG BARAT,RAMP,B,ON,710.00,-6.08814232,106.14485207
26_SERANG_BARAT_RAMP_B_ON_R068,SERANG BARAT,RAMP,B,ON,715.00,-6.08815930,106.14489394
26_SERANG_BARAT_RAMP_B_ON_R068,SERANG BARAT,RAMP,B,ON,720.00,-6.08817499,106.14493632
26_SERANG_BARAT_RAMP_B_ON_R068,SERANG BARAT,RAMP,B,ON,725.00,-6.08819069,106.14497869
26_SERANG_BARAT_RAMP_B_ON_R068,SERANG BARAT,RAMP,B,ON,730.00,-6.08820642,106.14502106
26_SERANG_BARAT_RAMP_B_ON_R068,SERANG BARAT,RAMP,B,ON,735.00,-6.08822217,106.14506341
26_SERANG_BARAT_RAMP_B_ON_R068,SERANG BARAT,RAMP,B,ON,740.00,-6.08823791,106.14510577
26_SERANG_BARAT_RAMP_B_ON_R068,SERANG BARAT,RAMP,B,ON,745.00,-6.08825355,106.14514817
26_SERANG_BARAT_RAMP_B_ON_R068,SERANG BARAT,RAMP,B,ON,750.00,-6.08828938,106.14517144
26_SERANG_BARAT_RAMP_B_ON_R068,SERANG BARAT,RAMP,B,ON,755.00,-6.08832883,106.14519124
26_SERANG_BARAT_RAMP_B_ON_R068,SERANG BARAT,RAMP,B,ON,760.00,-6.08834334,106.14523404
26_SERANG_BARAT_RAMP_B_ON_R068,SERANG BARAT,RAMP,B,ON,765.00,-6.08835785,106.14527684
26_SERANG_BARAT_RAMP_B_ON_R068,SERANG BARAT,RAMP,B,ON,770.00,-6.08837237,106.14531964
26_SERANG_BARAT_RAMP_B_ON_R068,SERANG BARAT,RAMP,B,ON,775.00,-6.08838688,106.14536244
26_SERANG_BARAT_RAMP_B_ON_R068,SERANG BARAT,RAMP,B,ON,780.00,-6.08840139,106.14540524
26_SERANG_BARAT_RAMP_B_ON_R068,SERANG BARAT,RAMP,B,ON,785.00,-6.08841591,106.14544804
26_SERANG_BARAT_RAMP_B_ON_R068,SERANG BARAT,RAMP,B,ON,790.00,-6.08843042,106.14549084
26_SERANG_BARAT_RAMP_B_ON_R068,SERANG BARAT,RAMP,B,ON,795.00,-6.08844520,106.14553355
26_SERANG_BARAT_RAMP_B_ON_R068,SERANG BARAT,RAMP,B,ON,800.00,-6.08846027,106.14557616
26_SERANG_BARAT_RAMP_B_ON_R068,SERANG BARAT,RAMP,B,ON,805.00,-6.08847534,106.14561876
26_SERANG_BARAT_RAMP_B_ON_R068,SERANG BARAT,RAMP,B,ON,810.00,-6.08849041,106.14566137
26_SERANG_BARAT_RAMP_B_ON_R068,SERANG BARAT,RAMP,B,ON,815.00,-6.08850548,106.14570398
26_SERANG_BARAT_RAMP_B_ON_R068,SERANG BARAT,RAMP,B,ON,820.00,-6.08852044,106.14574662
26_SERANG_BARAT_RAMP_B_ON_R068,SERANG BARAT,RAMP,B,ON,825.00,-6.08853537,106.14578928
26_SERANG_BARAT_RAMP_B_ON_R068,SERANG BARAT,RAMP,B,ON,830.00,-6.08855030,106.14583193
26_SERANG_BARAT_RAMP_B_ON_R068,SERANG BARAT,RAMP,B,ON,835.00,-6.08856523,106.14587459
26_SERANG_BARAT_RAMP_B_ON_R068,SERANG BARAT,RAMP,B,ON,840.00,-6.08858017,106.14591724
26_SERANG_BARAT_RAMP_B_ON_R068,SERANG BARAT,RAMP,B,ON,845.00,-6.08859510,106.14595990
26_SERANG_BARAT_RAMP_B_ON_R068,SERANG BARAT,RAMP,B,ON,848.48,-6.08860550,106.14598960
26_SERANG_BARAT_GATE_INTERCHANGE_ALL_R069,SERANG BARAT,GATE,INTERCHANGE,ALL,0.00,-6.09004610,106.14311020
26_SERANG_BARAT_GATE_INTERCHANGE_ALL_R069,SERANG BARAT,GATE,INTERCHANGE,ALL,5.00,-6.09006025,106.14306728
26_SERANG_BARAT_GATE_INTERCHANGE_ALL_R069,SERANG BARAT,GATE,INTERCHANGE,ALL,10.00,-6.09007440,106.14302435
26_SERANG_BARAT_GATE_INTERCHANGE_ALL_R069,SERANG BARAT,GATE,INTERCHANGE,ALL,15.00,-6.09008854,106.14298143
26_SERANG_BARAT_GATE_INTERCHANGE_ALL_R069,SERANG BARAT,GATE,INTERCHANGE,ALL,20.00,-6.09010269,106.14293850
26_SERANG_BARAT_GATE_INTERCHANGE_ALL_R069,SERANG BARAT,GATE,INTERCHANGE,ALL,25.00,-6.09011684,106.14289558
26_SERANG_BARAT_GATE_INTERCHANGE_ALL_R069,SERANG BARAT,GATE,INTERCHANGE,ALL,30.00,-6.09013099,106.14285265
26_SERANG_BARAT_GATE_INTERCHANGE_ALL_R069,SERANG BARAT,GATE,INTERCHANGE,ALL,35.00,-6.09014514,106.14280973
26_SERANG_BARAT_GATE_INTERCHANGE_ALL_R069,SERANG BARAT,GATE,INTERCHANGE,ALL,40.00,-6.09015866,106.14276661
26_SERANG_BARAT_GATE_INTERCHANGE_ALL_R069,SERANG BARAT,GATE,INTERCHANGE,ALL,45.00,-6.09017154,106.14272328
26_SERANG_BARAT_GATE_INTERCHANGE_ALL_R069,SERANG BARAT,GATE,INTERCHANGE,ALL,50.00,-6.09018442,106.14267995
26_SERANG_BARAT_GATE_INTERCHANGE_ALL_R069,SERANG BARAT,GATE,INTERCHANGE,ALL,55.00,-6.09019730,106.14263663
26_SERANG_BARAT_GATE_INTERCHANGE_ALL_R069,SERANG BARAT,GATE,INTERCHANGE,ALL,60.00,-6.09021018,106.14259330
26_SERANG_BARAT_GATE_INTERCHANGE_ALL_R069,SERANG BARAT,GATE,INTERCHANGE,ALL,65.00,-6.09022306,106.14254997
26_SERANG_BARAT_GATE_INTERCHANGE_ALL_R069,SERANG BARAT,GATE,INTERCHANGE,ALL,70.00,-6.09023594,106.14250665
26_SERANG_BARAT_GATE_INTERCHANGE_ALL_R069,SERANG BARAT,GATE,INTERCHANGE,ALL,75.00,-6.09024882,106.14246332
26_SERANG_BARAT_GATE_INTERCHANGE_ALL_R069,SERANG BARAT,GATE,INTERCHANGE,ALL,80.00,-6.09026170,106.14241999
26_SERANG_BARAT_GATE_INTERCHANGE_ALL_R069,SERANG BARAT,GATE,INTERCHANGE,ALL,85.00,-6.09027458,106.14237667
26_SERANG_BARAT_GATE_INTERCHANGE_ALL_R069,SERANG BARAT,GATE,INTERCHANGE,ALL,90.00,-6.09028746,106.14233334
26_SERANG_BARAT_GATE_INTERCHANGE_ALL_R069,SERANG BARAT,GATE,INTERCHANGE,ALL,95.00,-6.09030034,106.14229001
26_SERANG_BARAT_GATE_INTERCHANGE_ALL_R069,SERANG BARAT,GATE,INTERCHANGE,ALL,100.00,-6.09031289,106.14224659
26_SERANG_BARAT_GATE_INTERCHANGE_ALL_R069,SERANG BARAT,GATE,INTERCHANGE,ALL,105.00,-6.09032445,106.14220289
26_SERANG_BARAT_GATE_INTERCHANGE_ALL_R069,SERANG BARAT,GATE,INTERCHANGE,ALL,110.00,-6.09033602,106.14215919
26_SERANG_BARAT_GATE_INTERCHANGE_ALL_R069,SERANG BARAT,GATE,INTERCHANGE,ALL,115.00,-6.09034835,106.14211571
26_SERANG_BARAT_GATE_INTERCHANGE_ALL_R069,SERANG BARAT,GATE,INTERCHANGE,ALL,120.00,-6.09036172,106.14207254
26_SERANG_BARAT_GATE_INTERCHANGE_ALL_R069,SERANG BARAT,GATE,INTERCHANGE,ALL,125.00,-6.09037508,106.14202936
26_SERANG_BARAT_GATE_INTERCHANGE_ALL_R069,SERANG BARAT,GATE,INTERCHANGE,ALL,130.00,-6.09038842,106.14198617
26_SERANG_BARAT_GATE_INTERCHANGE_ALL_R069,SERANG BARAT,GATE,INTERCHANGE,ALL,135.00,-6.09040175,106.14194299
26_SERANG_BARAT_GATE_INTERCHANGE_ALL_R069,SERANG BARAT,GATE,INTERCHANGE,ALL,140.00,-6.09041509,106.14189980
26_SERANG_BARAT_GATE_INTERCHANGE_ALL_R069,SERANG BARAT,GATE,INTERCHANGE,ALL,145.00,-6.09042847,106.14185663
26_SERANG_BARAT_GATE_INTERCHANGE_ALL_R069,SERANG BARAT,GATE,INTERCHANGE,ALL,150.00,-6.09044189,106.14181347
26_SERANG_BARAT_GATE_INTERCHANGE_ALL_R069,SERANG BARAT,GATE,INTERCHANGE,ALL,155.00,-6.09045521,106.14177027
26_SERANG_BARAT_GATE_INTERCHANGE_ALL_R069,SERANG BARAT,GATE,INTERCHANGE,ALL,160.00,-6.09046719,106.14172669
26_SERANG_BARAT_GATE_INTERCHANGE_ALL_R069,SERANG BARAT,GATE,INTERCHANGE,ALL,165.00,-6.09047904,106.14168307
26_SERANG_BARAT_GATE_INTERCHANGE_ALL_R069,SERANG BARAT,GATE,INTERCHANGE,ALL,170.00,-6.09049091,106.14163945
26_SERANG_BARAT_GATE_INTERCHANGE_ALL_R069,SERANG BARAT,GATE,INTERCHANGE,ALL,175.00,-6.09050278,106.14159583
26_SERANG_BARAT_GATE_INTERCHANGE_ALL_R069,SERANG BARAT,GATE,INTERCHANGE,ALL,180.00,-6.09051465,106.14155221
26_SERANG_BARAT_GATE_INTERCHANGE_ALL_R069,SERANG BARAT,GATE,INTERCHANGE,ALL,185.00,-6.09052651,106.14150860
26_SERANG_BARAT_GATE_INTERCHANGE_ALL_R069,SERANG BARAT,GATE,INTERCHANGE,ALL,190.00,-6.09053838,106.14146498
26_SERANG_BARAT_GATE_INTERCHANGE_ALL_R069,SERANG BARAT,GATE,INTERCHANGE,ALL,195.00,-6.09055025,106.14142136
26_SERANG_BARAT_GATE_INTERCHANGE_ALL_R069,SERANG BARAT,GATE,INTERCHANGE,ALL,200.00,-6.09056212,106.14137775
26_SERANG_BARAT_GATE_INTERCHANGE_ALL_R069,SERANG BARAT,GATE,INTERCHANGE,ALL,205.00,-6.09057399,106.14133413
26_SERANG_BARAT_GATE_INTERCHANGE_ALL_R069,SERANG BARAT,GATE,INTERCHANGE,ALL,210.00,-6.09058586,106.14129051
26_SERANG_BARAT_GATE_INTERCHANGE_ALL_R069,SERANG BARAT,GATE,INTERCHANGE,ALL,215.00,-6.09059773,106.14124689
26_SERANG_BARAT_GATE_INTERCHANGE_ALL_R069,SERANG BARAT,GATE,INTERCHANGE,ALL,220.00,-6.09060960,106.14120328
26_SERANG_BARAT_GATE_INTERCHANGE_ALL_R069,SERANG BARAT,GATE,INTERCHANGE,ALL,225.00,-6.09062147,106.14115966
26_SERANG_BARAT_GATE_INTERCHANGE_ALL_R069,SERANG BARAT,GATE,INTERCHANGE,ALL,230.00,-6.09063344,106.14111607
26_SERANG_BARAT_GATE_INTERCHANGE_ALL_R069,SERANG BARAT,GATE,INTERCHANGE,ALL,235.00,-6.09064543,106.14107248
26_SERANG_BARAT_GATE_INTERCHANGE_ALL_R069,SERANG BARAT,GATE,INTERCHANGE,ALL,240.00,-6.09065741,106.14102890
26_SERANG_BARAT_GATE_INTERCHANGE_ALL_R069,SERANG BARAT,GATE,INTERCHANGE,ALL,245.00,-6.09066940,106.14098531
26_SERANG_BARAT_GATE_INTERCHANGE_ALL_R069,SERANG BARAT,GATE,INTERCHANGE,ALL,250.00,-6.09068139,106.14094173
26_SERANG_BARAT_GATE_INTERCHANGE_ALL_R069,SERANG BARAT,GATE,INTERCHANGE,ALL,255.00,-6.09069338,106.14089814
26_SERANG_BARAT_GATE_INTERCHANGE_ALL_R069,SERANG BARAT,GATE,INTERCHANGE,ALL,260.00,-6.09070536,106.14085456
26_SERANG_BARAT_GATE_INTERCHANGE_ALL_R069,SERANG BARAT,GATE,INTERCHANGE,ALL,265.00,-6.09071735,106.14081097
26_SERANG_BARAT_GATE_INTERCHANGE_ALL_R069,SERANG BARAT,GATE,INTERCHANGE,ALL,270.00,-6.09072934,106.14076739
26_SERANG_BARAT_GATE_INTERCHANGE_ALL_R069,SERANG BARAT,GATE,INTERCHANGE,ALL,275.00,-6.09074126,106.14072379
26_SERANG_BARAT_GATE_INTERCHANGE_ALL_R069,SERANG BARAT,GATE,INTERCHANGE,ALL,280.00,-6.09075316,106.14068018
26_SERANG_BARAT_GATE_INTERCHANGE_ALL_R069,SERANG BARAT,GATE,INTERCHANGE,ALL,285.00,-6.09076506,106.14063657
26_SERANG_BARAT_GATE_INTERCHANGE_ALL_R069,SERANG BARAT,GATE,INTERCHANGE,ALL,290.00,-6.09077697,106.14059296
26_SERANG_BARAT_GATE_INTERCHANGE_ALL_R069,SERANG BARAT,GATE,INTERCHANGE,ALL,295.00,-6.09078887,106.14054935
26_SERANG_BARAT_GATE_INTERCHANGE_ALL_R069,SERANG BARAT,GATE,INTERCHANGE,ALL,300.00,-6.09080077,106.14050574
26_SERANG_BARAT_GATE_INTERCHANGE_ALL_R069,SERANG BARAT,GATE,INTERCHANGE,ALL,305.00,-6.09081268,106.14046214
26_SERANG_BARAT_GATE_INTERCHANGE_ALL_R069,SERANG BARAT,GATE,INTERCHANGE,ALL,310.00,-6.09082245,106.14041802
26_SERANG_BARAT_GATE_INTERCHANGE_ALL_R069,SERANG BARAT,GATE,INTERCHANGE,ALL,315.00,-6.09083113,106.14037365
26_SERANG_BARAT_GATE_INTERCHANGE_ALL_R069,SERANG BARAT,GATE,INTERCHANGE,ALL,320.00,-6.09083981,106.14032928
26_SERANG_BARAT_GATE_INTERCHANGE_ALL_R069,SERANG BARAT,GATE,INTERCHANGE,ALL,325.00,-6.09084849,106.14028491
26_SERANG_BARAT_GATE_INTERCHANGE_ALL_R069,SERANG BARAT,GATE,INTERCHANGE,ALL,330.00,-6.09085717,106.14024054
26_SERANG_BARAT_GATE_INTERCHANGE_ALL_R069,SERANG BARAT,GATE,INTERCHANGE,ALL,335.00,-6.09086585,106.14019617
26_SERANG_BARAT_GATE_INTERCHANGE_ALL_R069,SERANG BARAT,GATE,INTERCHANGE,ALL,340.00,-6.09087453,106.14015180
26_SERANG_BARAT_GATE_INTERCHANGE_ALL_R069,SERANG BARAT,GATE,INTERCHANGE,ALL,345.00,-6.09088321,106.14010743
26_SERANG_BARAT_GATE_INTERCHANGE_ALL_R069,SERANG BARAT,GATE,INTERCHANGE,ALL,350.00,-6.09089189,106.14006306
26_SERANG_BARAT_GATE_INTERCHANGE_ALL_R069,SERANG BARAT,GATE,INTERCHANGE,ALL,355.00,-6.09090080,106.14001873
26_SERANG_BARAT_GATE_INTERCHANGE_ALL_R069,SERANG BARAT,GATE,INTERCHANGE,ALL,360.00,-6.09091007,106.13997448
26_SERANG_BARAT_GATE_INTERCHANGE_ALL_R069,SERANG BARAT,GATE,INTERCHANGE,ALL,365.00,-6.09091935,106.13993024
26_SERANG_BARAT_GATE_INTERCHANGE_ALL_R069,SERANG BARAT,GATE,INTERCHANGE,ALL,370.00,-6.09092862,106.13988599
26_SERANG_BARAT_GATE_INTERCHANGE_ALL_R069,SERANG BARAT,GATE,INTERCHANGE,ALL,375.00,-6.09093544,106.13984132
26_SERANG_BARAT_GATE_INTERCHANGE_ALL_R069,SERANG BARAT,GATE,INTERCHANGE,ALL,380.00,-6.09094104,106.13979645
26_SERANG_BARAT_GATE_INTERCHANGE_ALL_R069,SERANG BARAT,GATE,INTERCHANGE,ALL,385.00,-6.09094664,106.13975158
26_SERANG_BARAT_GATE_INTERCHANGE_ALL_R069,SERANG BARAT,GATE,INTERCHANGE,ALL,390.00,-6.09095225,106.13970672
26_SERANG_BARAT_GATE_INTERCHANGE_ALL_R069,SERANG BARAT,GATE,INTERCHANGE,ALL,395.00,-6.09095786,106.13966185
26_SERANG_BARAT_GATE_INTERCHANGE_ALL_R069,SERANG BARAT,GATE,INTERCHANGE,ALL,400.00,-6.09096348,106.13961698
26_SERANG_BARAT_GATE_INTERCHANGE_ALL_R069,SERANG BARAT,GATE,INTERCHANGE,ALL,405.00,-6.09096909,106.13957211
26_SERANG_BARAT_GATE_INTERCHANGE_ALL_R069,SERANG BARAT,GATE,INTERCHANGE,ALL,410.00,-6.09097471,106.13952725
26_SERANG_BARAT_GATE_INTERCHANGE_ALL_R069,SERANG BARAT,GATE,INTERCHANGE,ALL,415.00,-6.09098032,106.13948238
26_SERANG_BARAT_GATE_INTERCHANGE_ALL_R069,SERANG BARAT,GATE,INTERCHANGE,ALL,420.00,-6.09098594,106.13943751
26_SERANG_BARAT_GATE_INTERCHANGE_ALL_R069,SERANG BARAT,GATE,INTERCHANGE,ALL,425.00,-6.09099155,106.13939264
26_SERANG_BARAT_GATE_INTERCHANGE_ALL_R069,SERANG BARAT,GATE,INTERCHANGE,ALL,430.00,-6.09099703,106.13934776
26_SERANG_BARAT_GATE_INTERCHANGE_ALL_R069,SERANG BARAT,GATE,INTERCHANGE,ALL,435.00,-6.09100146,106.13930276
26_SERANG_BARAT_GATE_INTERCHANGE_ALL_R069,SERANG BARAT,GATE,INTERCHANGE,ALL,440.00,-6.09100588,106.13925776
26_SERANG_BARAT_GATE_INTERCHANGE_ALL_R069,SERANG BARAT,GATE,INTERCHANGE,ALL,445.00,-6.09101031,106.13921276
26_SERANG_BARAT_GATE_INTERCHANGE_ALL_R069,SERANG BARAT,GATE,INTERCHANGE,ALL,450.00,-6.09101474,106.13916775
26_SERANG_BARAT_GATE_INTERCHANGE_ALL_R069,SERANG BARAT,GATE,INTERCHANGE,ALL,455.00,-6.09101917,106.13912275
26_SERANG_BARAT_GATE_INTERCHANGE_ALL_R069,SERANG BARAT,GATE,INTERCHANGE,ALL,460.00,-6.09102360,106.13907775
26_SERANG_BARAT_GATE_INTERCHANGE_ALL_R069,SERANG BARAT,GATE,INTERCHANGE,ALL,465.00,-6.09102803,106.13903275
26_SERANG_BARAT_GATE_INTERCHANGE_ALL_R069,SERANG BARAT,GATE,INTERCHANGE,ALL,470.00,-6.09103131,106.13898768
26_SERANG_BARAT_GATE_INTERCHANGE_ALL_R069,SERANG BARAT,GATE,INTERCHANGE,ALL,475.00,-6.09103224,106.13894247
26_SERANG_BARAT_GATE_INTERCHANGE_ALL_R069,SERANG BARAT,GATE,INTERCHANGE,ALL,480.00,-6.09103318,106.13889726
26_SERANG_BARAT_GATE_INTERCHANGE_ALL_R069,SERANG BARAT,GATE,INTERCHANGE,ALL,485.00,-6.09103412,106.13885204
26_SERANG_BARAT_GATE_INTERCHANGE_ALL_R069,SERANG BARAT,GATE,INTERCHANGE,ALL,490.00,-6.09103505,106.13880683
26_SERANG_BARAT_GATE_INTERCHANGE_ALL_R069,SERANG BARAT,GATE,INTERCHANGE,ALL,495.00,-6.09103599,106.13876162
26_SERANG_BARAT_GATE_INTERCHANGE_ALL_R069,SERANG BARAT,GATE,INTERCHANGE,ALL,500.00,-6.09103692,106.13871641
26_SERANG_BARAT_GATE_INTERCHANGE_ALL_R069,SERANG BARAT,GATE,INTERCHANGE,ALL,505.00,-6.09103786,106.13867120
26_SERANG_BARAT_GATE_INTERCHANGE_ALL_R069,SERANG BARAT,GATE,INTERCHANGE,ALL,510.00,-6.09103879,106.13862599
26_SERANG_BARAT_GATE_INTERCHANGE_ALL_R069,SERANG BARAT,GATE,INTERCHANGE,ALL,515.00,-6.09103973,106.13858078
26_SERANG_BARAT_GATE_INTERCHANGE_ALL_R069,SERANG BARAT,GATE,INTERCHANGE,ALL,520.00,-6.09104067,106.13853556
26_SERANG_BARAT_GATE_INTERCHANGE_ALL_R069,SERANG BARAT,GATE,INTERCHANGE,ALL,525.00,-6.09104160,106.13849035
26_SERANG_BARAT_GATE_INTERCHANGE_ALL_R069,SERANG BARAT,GATE,INTERCHANGE,ALL,530.00,-6.09104254,106.13844514
26_SERANG_BARAT_GATE_INTERCHANGE_ALL_R069,SERANG BARAT,GATE,INTERCHANGE,ALL,535.00,-6.09104347,106.13839993
26_SERANG_BARAT_GATE_INTERCHANGE_ALL_R069,SERANG BARAT,GATE,INTERCHANGE,ALL,540.00,-6.09104310,106.13835473
26_SERANG_BARAT_GATE_INTERCHANGE_ALL_R069,SERANG BARAT,GATE,INTERCHANGE,ALL,545.00,-6.09104104,106.13830956
26_SERANG_BARAT_GATE_INTERCHANGE_ALL_R069,SERANG BARAT,GATE,INTERCHANGE,ALL,550.00,-6.09103898,106.13826439
26_SERANG_BARAT_GATE_INTERCHANGE_ALL_R069,SERANG BARAT,GATE,INTERCHANGE,ALL,555.00,-6.09103693,106.13821921
26_SERANG_BARAT_GATE_INTERCHANGE_ALL_R069,SERANG BARAT,GATE,INTERCHANGE,ALL,560.00,-6.09103488,106.13817404
26_SERANG_BARAT_GATE_INTERCHANGE_ALL_R069,SERANG BARAT,GATE,INTERCHANGE,ALL,565.00,-6.09103294,106.13812886
26_SERANG_BARAT_GATE_INTERCHANGE_ALL_R069,SERANG BARAT,GATE,INTERCHANGE,ALL,570.00,-6.09103101,106.13808368
26_SERANG_BARAT_GATE_INTERCHANGE_ALL_R069,SERANG BARAT,GATE,INTERCHANGE,ALL,575.00,-6.09102907,106.13803850
26_SERANG_BARAT_GATE_INTERCHANGE_ALL_R069,SERANG BARAT,GATE,INTERCHANGE,ALL,580.00,-6.09102735,106.13799331
26_SERANG_BARAT_GATE_INTERCHANGE_ALL_R069,SERANG BARAT,GATE,INTERCHANGE,ALL,585.00,-6.09102577,106.13794812
26_SERANG_BARAT_GATE_INTERCHANGE_ALL_R069,SERANG BARAT,GATE,INTERCHANGE,ALL,590.00,-6.09102420,106.13790292
26_SERANG_BARAT_GATE_INTERCHANGE_ALL_R069,SERANG BARAT,GATE,INTERCHANGE,ALL,595.00,-6.09102263,106.13785773
26_SERANG_BARAT_GATE_INTERCHANGE_ALL_R069,SERANG BARAT,GATE,INTERCHANGE,ALL,600.00,-6.09102022,106.13781259
26_SERANG_BARAT_GATE_INTERCHANGE_ALL_R069,SERANG BARAT,GATE,INTERCHANGE,ALL,605.00,-6.09101625,106.13776754
26_SERANG_BARAT_GATE_INTERCHANGE_ALL_R069,SERANG BARAT,GATE,INTERCHANGE,ALL,610.00,-6.09101229,106.13772250
26_SERANG_BARAT_GATE_INTERCHANGE_ALL_R069,SERANG BARAT,GATE,INTERCHANGE,ALL,615.00,-6.09100833,106.13767745
26_SERANG_BARAT_GATE_INTERCHANGE_ALL_R069,SERANG BARAT,GATE,INTERCHANGE,ALL,620.00,-6.09100436,106.13763241
26_SERANG_BARAT_GATE_INTERCHANGE_ALL_R069,SERANG BARAT,GATE,INTERCHANGE,ALL,625.00,-6.09100040,106.13758736
26_SERANG_BARAT_GATE_INTERCHANGE_ALL_R069,SERANG BARAT,GATE,INTERCHANGE,ALL,630.00,-6.09099644,106.13754232
26_SERANG_BARAT_GATE_INTERCHANGE_ALL_R069,SERANG BARAT,GATE,INTERCHANGE,ALL,635.00,-6.09099247,106.13749727
26_SERANG_BARAT_GATE_INTERCHANGE_ALL_R069,SERANG BARAT,GATE,INTERCHANGE,ALL,640.00,-6.09098851,106.13745223
26_SERANG_BARAT_GATE_INTERCHANGE_ALL_R069,SERANG BARAT,GATE,INTERCHANGE,ALL,645.00,-6.09098455,106.13740718
26_SERANG_BARAT_GATE_INTERCHANGE_ALL_R069,SERANG BARAT,GATE,INTERCHANGE,ALL,650.00,-6.09098058,106.13736213
26_SERANG_BARAT_GATE_INTERCHANGE_ALL_R069,SERANG BARAT,GATE,INTERCHANGE,ALL,655.00,-6.09097662,106.13731709
26_SERANG_BARAT_GATE_INTERCHANGE_ALL_R069,SERANG BARAT,GATE,INTERCHANGE,ALL,660.00,-6.09097266,106.13727204
26_SERANG_BARAT_GATE_INTERCHANGE_ALL_R069,SERANG BARAT,GATE,INTERCHANGE,ALL,665.00,-6.09096870,106.13722700
26_SERANG_BARAT_GATE_INTERCHANGE_ALL_R069,SERANG BARAT,GATE,INTERCHANGE,ALL,670.00,-6.09096473,106.13718195
26_SERANG_BARAT_GATE_INTERCHANGE_ALL_R069,SERANG BARAT,GATE,INTERCHANGE,ALL,675.00,-6.09096077,106.13713691
26_SERANG_BARAT_GATE_INTERCHANGE_ALL_R069,SERANG BARAT,GATE,INTERCHANGE,ALL,680.00,-6.09095622,106.13709192
26_SERANG_BARAT_GATE_INTERCHANGE_ALL_R069,SERANG BARAT,GATE,INTERCHANGE,ALL,685.00,-6.09095148,106.13704695
26_SERANG_BARAT_GATE_INTERCHANGE_ALL_R069,SERANG BARAT,GATE,INTERCHANGE,ALL,690.00,-6.09094674,106.13700198
26_SERANG_BARAT_GATE_INTERCHANGE_ALL_R069,SERANG BARAT,GATE,INTERCHANGE,ALL,695.00,-6.09094199,106.13695701
26_SERANG_BARAT_GATE_INTERCHANGE_ALL_R069,SERANG BARAT,GATE,INTERCHANGE,ALL,700.00,-6.09093725,106.13691204
26_SERANG_BARAT_GATE_INTERCHANGE_ALL_R069,SERANG BARAT,GATE,INTERCHANGE,ALL,705.00,-6.09093380,106.13686704
26_SERANG_BARAT_GATE_INTERCHANGE_ALL_R069,SERANG BARAT,GATE,INTERCHANGE,ALL,710.00,-6.09093593,106.13682187
26_SERANG_BARAT_GATE_INTERCHANGE_ALL_R069,SERANG BARAT,GATE,INTERCHANGE,ALL,715.00,-6.09093806,106.13677669
26_SERANG_BARAT_GATE_INTERCHANGE_ALL_R069,SERANG BARAT,GATE,INTERCHANGE,ALL,720.00,-6.09094019,106.13673152
26_SERANG_BARAT_GATE_INTERCHANGE_ALL_R069,SERANG BARAT,GATE,INTERCHANGE,ALL,725.00,-6.09094232,106.13668635
26_SERANG_BARAT_GATE_INTERCHANGE_ALL_R069,SERANG BARAT,GATE,INTERCHANGE,ALL,725.65,-6.09094260,106.13668050
26_SERANG_BARAT_GATE_PLAZA_EXIT_R070,SERANG BARAT,GATE,PLAZA,EXIT,0.00,-6.09093680,106.13651850
26_SERANG_BARAT_GATE_PLAZA_EXIT_R070,SERANG BARAT,GATE,PLAZA,EXIT,5.00,-6.09092237,106.13647567
26_SERANG_BARAT_GATE_PLAZA_EXIT_R070,SERANG BARAT,GATE,PLAZA,EXIT,10.00,-6.09090793,106.13643284
26_SERANG_BARAT_GATE_PLAZA_EXIT_R070,SERANG BARAT,GATE,PLAZA,EXIT,15.00,-6.09089350,106.13639001
26_SERANG_BARAT_GATE_PLAZA_EXIT_R070,SERANG BARAT,GATE,PLAZA,EXIT,20.00,-6.09087907,106.13634719
26_SERANG_BARAT_GATE_PLAZA_EXIT_R070,SERANG BARAT,GATE,PLAZA,EXIT,25.00,-6.09086463,106.13630436
26_SERANG_BARAT_GATE_PLAZA_EXIT_R070,SERANG BARAT,GATE,PLAZA,EXIT,30.00,-6.09085020,106.13626153
26_SERANG_BARAT_GATE_PLAZA_EXIT_R070,SERANG BARAT,GATE,PLAZA,EXIT,35.00,-6.09083577,106.13621870
26_SERANG_BARAT_GATE_PLAZA_EXIT_R070,SERANG BARAT,GATE,PLAZA,EXIT,40.00,-6.09082133,106.13617587
26_SERANG_BARAT_GATE_PLAZA_EXIT_R070,SERANG BARAT,GATE,PLAZA,EXIT,45.00,-6.09080694,106.13613303
26_SERANG_BARAT_GATE_PLAZA_EXIT_R070,SERANG BARAT,GATE,PLAZA,EXIT,50.00,-6.09079265,106.13609015
26_SERANG_BARAT_GATE_PLAZA_EXIT_R070,SERANG BARAT,GATE,PLAZA,EXIT,55.00,-6.09077918,106.13604702
26_SERANG_BARAT_GATE_PLAZA_EXIT_R070,SERANG BARAT,GATE,PLAZA,EXIT,60.00,-6.09076652,106.13600363
26_SERANG_BARAT_GATE_PLAZA_EXIT_R070,SERANG BARAT,GATE,PLAZA,EXIT,65.00,-6.09075386,106.13596023
26_SERANG_BARAT_GATE_PLAZA_EXIT_R070,SERANG BARAT,GATE,PLAZA,EXIT,70.00,-6.09074121,106.13591684
26_SERANG_BARAT_GATE_PLAZA_EXIT_R070,SERANG BARAT,GATE,PLAZA,EXIT,75.00,-6.09072855,106.13587345
26_SERANG_BARAT_GATE_PLAZA_EXIT_R070,SERANG BARAT,GATE,PLAZA,EXIT,80.00,-6.09071589,106.13583005
26_SERANG_BARAT_GATE_PLAZA_EXIT_R070,SERANG BARAT,GATE,PLAZA,EXIT,85.00,-6.09070324,106.13578666
26_SERANG_BARAT_GATE_PLAZA_EXIT_R070,SERANG BARAT,GATE,PLAZA,EXIT,90.00,-6.09069058,106.13574327
26_SERANG_BARAT_GATE_PLAZA_EXIT_R070,SERANG BARAT,GATE,PLAZA,EXIT,95.00,-6.09067792,106.13569987
26_SERANG_BARAT_GATE_PLAZA_EXIT_R070,SERANG BARAT,GATE,PLAZA,EXIT,100.00,-6.09066527,106.13565648
26_SERANG_BARAT_GATE_PLAZA_EXIT_R070,SERANG BARAT,GATE,PLAZA,EXIT,105.00,-6.09065198,106.13561328
26_SERANG_BARAT_GATE_PLAZA_EXIT_R070,SERANG BARAT,GATE,PLAZA,EXIT,110.00,-6.09063861,106.13557010
26_SERANG_BARAT_GATE_PLAZA_EXIT_R070,SERANG BARAT,GATE,PLAZA,EXIT,115.00,-6.09062505,106.13552699
26_SERANG_BARAT_GATE_PLAZA_EXIT_R070,SERANG BARAT,GATE,PLAZA,EXIT,120.00,-6.09061135,106.13548392
26_SERANG_BARAT_GATE_PLAZA_EXIT_R070,SERANG BARAT,GATE,PLAZA,EXIT,125.00,-6.09059764,106.13544085
26_SERANG_BARAT_GATE_PLAZA_EXIT_R070,SERANG BARAT,GATE,PLAZA,EXIT,130.00,-6.09058394,106.13539778
26_SERANG_BARAT_GATE_PLAZA_EXIT_R070,SERANG BARAT,GATE,PLAZA,EXIT,135.00,-6.09057015,106.13535474
26_SERANG_BARAT_GATE_PLAZA_EXIT_R070,SERANG BARAT,GATE,PLAZA,EXIT,140.00,-6.09055586,106.13531186
26_SERANG_BARAT_GATE_PLAZA_EXIT_R070,SERANG BARAT,GATE,PLAZA,EXIT,145.00,-6.09054157,106.13526898
26_SERANG_BARAT_GATE_PLAZA_EXIT_R070,SERANG BARAT,GATE,PLAZA,EXIT,150.00,-6.09052728,106.13522610
26_SERANG_BARAT_GATE_PLAZA_EXIT_R070,SERANG BARAT,GATE,PLAZA,EXIT,155.00,-6.09051299,106.13518322
26_SERANG_BARAT_GATE_PLAZA_EXIT_R070,SERANG BARAT,GATE,PLAZA,EXIT,160.00,-6.09049871,106.13514035
26_SERANG_BARAT_GATE_PLAZA_EXIT_R070,SERANG BARAT,GATE,PLAZA,EXIT,165.00,-6.09048442,106.13509747
26_SERANG_BARAT_GATE_PLAZA_EXIT_R070,SERANG BARAT,GATE,PLAZA,EXIT,170.00,-6.09046981,106.13505471
26_SERANG_BARAT_GATE_PLAZA_EXIT_R070,SERANG BARAT,GATE,PLAZA,EXIT,175.00,-6.09045395,106.13501239
26_SERANG_BARAT_GATE_PLAZA_EXIT_R070,SERANG BARAT,GATE,PLAZA,EXIT,180.00,-6.09043809,106.13497008
26_SERANG_BARAT_GATE_PLAZA_EXIT_R070,SERANG BARAT,GATE,PLAZA,EXIT,185.00,-6.09042223,106.13492776
26_SERANG_BARAT_GATE_PLAZA_EXIT_R070,SERANG BARAT,GATE,PLAZA,EXIT,187.78,-6.09041340,106.13490420
26_SERANG_BARAT_GATE_PLAZA_ENTRANCE_R071,SERANG BARAT,GATE,PLAZA,ENTRANCE,0.00,-6.09033960,106.13492860
26_SERANG_BARAT_GATE_PLAZA_ENTRANCE_R071,SERANG BARAT,GATE,PLAZA,ENTRANCE,5.00,-6.09035345,106.13497162
26_SERANG_BARAT_GATE_PLAZA_ENTRANCE_R071,SERANG BARAT,GATE,PLAZA,ENTRANCE,10.00,-6.09036731,106.13501464
26_SERANG_BARAT_GATE_PLAZA_ENTRANCE_R071,SERANG BARAT,GATE,PLAZA,ENTRANCE,15.00,-6.09038116,106.13505767
26_SERANG_BARAT_GATE_PLAZA_ENTRANCE_R071,SERANG BARAT,GATE,PLAZA,ENTRANCE,20.00,-6.09039454,106.13510083
26_SERANG_BARAT_GATE_PLAZA_ENTRANCE_R071,SERANG BARAT,GATE,PLAZA,ENTRANCE,25.00,-6.09040689,106.13514432
26_SERANG_BARAT_GATE_PLAZA_ENTRANCE_R071,SERANG BARAT,GATE,PLAZA,ENTRANCE,30.00,-6.09041923,106.13518780
26_SERANG_BARAT_GATE_PLAZA_ENTRANCE_R071,SERANG BARAT,GATE,PLAZA,ENTRANCE,35.00,-6.09043157,106.13523128
26_SERANG_BARAT_GATE_PLAZA_ENTRANCE_R071,SERANG BARAT,GATE,PLAZA,ENTRANCE,40.00,-6.09044392,106.13527477
26_SERANG_BARAT_GATE_PLAZA_ENTRANCE_R071,SERANG BARAT,GATE,PLAZA,ENTRANCE,45.00,-6.09045626,106.13531825
26_SERANG_BARAT_GATE_PLAZA_ENTRANCE_R071,SERANG BARAT,GATE,PLAZA,ENTRANCE,50.00,-6.09046861,106.13536174
26_SERANG_BARAT_GATE_PLAZA_ENTRANCE_R071,SERANG BARAT,GATE,PLAZA,ENTRANCE,55.00,-6.09048091,106.13540523
26_SERANG_BARAT_GATE_PLAZA_ENTRANCE_R071,SERANG BARAT,GATE,PLAZA,ENTRANCE,60.00,-6.09049317,106.13544874
26_SERANG_BARAT_GATE_PLAZA_ENTRANCE_R071,SERANG BARAT,GATE,PLAZA,ENTRANCE,65.00,-6.09050544,106.13549224
26_SERANG_BARAT_GATE_PLAZA_ENTRANCE_R071,SERANG BARAT,GATE,PLAZA,ENTRANCE,70.00,-6.09051770,106.13553575
26_SERANG_BARAT_GATE_PLAZA_ENTRANCE_R071,SERANG BARAT,GATE,PLAZA,ENTRANCE,75.00,-6.09052997,106.13557926
26_SERANG_BARAT_GATE_PLAZA_ENTRANCE_R071,SERANG BARAT,GATE,PLAZA,ENTRANCE,80.00,-6.09054223,106.13562276
26_SERANG_BARAT_GATE_PLAZA_ENTRANCE_R071,SERANG BARAT,GATE,PLAZA,ENTRANCE,85.00,-6.09055450,106.13566627
26_SERANG_BARAT_GATE_PLAZA_ENTRANCE_R071,SERANG BARAT,GATE,PLAZA,ENTRANCE,90.00,-6.09056676,106.13570978
26_SERANG_BARAT_GATE_PLAZA_ENTRANCE_R071,SERANG BARAT,GATE,PLAZA,ENTRANCE,95.00,-6.09057819,106.13575351
26_SERANG_BARAT_GATE_PLAZA_ENTRANCE_R071,SERANG BARAT,GATE,PLAZA,ENTRANCE,100.00,-6.09058954,106.13579727
26_SERANG_BARAT_GATE_PLAZA_ENTRANCE_R071,SERANG BARAT,GATE,PLAZA,ENTRANCE,105.00,-6.09060090,106.13584103
26_SERANG_BARAT_GATE_PLAZA_ENTRANCE_R071,SERANG BARAT,GATE,PLAZA,ENTRANCE,110.00,-6.09061225,106.13588478
26_SERANG_BARAT_GATE_PLAZA_ENTRANCE_R071,SERANG BARAT,GATE,PLAZA,ENTRANCE,115.00,-6.09062361,106.13592854
26_SERANG_BARAT_GATE_PLAZA_ENTRANCE_R071,SERANG BARAT,GATE,PLAZA,ENTRANCE,120.00,-6.09063496,106.13597229
26_SERANG_BARAT_GATE_PLAZA_ENTRANCE_R071,SERANG BARAT,GATE,PLAZA,ENTRANCE,125.00,-6.09064632,106.13601605
26_SERANG_BARAT_GATE_PLAZA_ENTRANCE_R071,SERANG BARAT,GATE,PLAZA,ENTRANCE,130.00,-6.09065767,106.13605980
26_SERANG_BARAT_GATE_PLAZA_ENTRANCE_R071,SERANG BARAT,GATE,PLAZA,ENTRANCE,135.00,-6.09066846,106.13610370
26_SERANG_BARAT_GATE_PLAZA_ENTRANCE_R071,SERANG BARAT,GATE,PLAZA,ENTRANCE,140.00,-6.09067883,106.13614771
26_SERANG_BARAT_GATE_PLAZA_ENTRANCE_R071,SERANG BARAT,GATE,PLAZA,ENTRANCE,145.00,-6.09068920,106.13619171
26_SERANG_BARAT_GATE_PLAZA_ENTRANCE_R071,SERANG BARAT,GATE,PLAZA,ENTRANCE,150.00,-6.09069957,106.13623571
26_SERANG_BARAT_GATE_PLAZA_ENTRANCE_R071,SERANG BARAT,GATE,PLAZA,ENTRANCE,155.00,-6.09070995,106.13627971
26_SERANG_BARAT_GATE_PLAZA_ENTRANCE_R071,SERANG BARAT,GATE,PLAZA,ENTRANCE,160.00,-6.09072033,106.13632371
26_SERANG_BARAT_GATE_PLAZA_ENTRANCE_R071,SERANG BARAT,GATE,PLAZA,ENTRANCE,165.00,-6.09073071,106.13636771
26_SERANG_BARAT_GATE_PLAZA_ENTRANCE_R071,SERANG BARAT,GATE,PLAZA,ENTRANCE,170.00,-6.09074109,106.13641171
26_SERANG_BARAT_GATE_PLAZA_ENTRANCE_R071,SERANG BARAT,GATE,PLAZA,ENTRANCE,175.00,-6.09075147,106.13645571
26_SERANG_BARAT_GATE_PLAZA_ENTRANCE_R071,SERANG BARAT,GATE,PLAZA,ENTRANCE,180.00,-6.09076185,106.13649971
26_SERANG_BARAT_GATE_PLAZA_ENTRANCE_R071,SERANG BARAT,GATE,PLAZA,ENTRANCE,185.00,-6.09077223,106.13654371
26_SERANG_BARAT_GATE_PLAZA_ENTRANCE_R071,SERANG BARAT,GATE,PLAZA,ENTRANCE,190.00,-6.09078261,106.13658771
26_SERANG_BARAT_GATE_PLAZA_ENTRANCE_R071,SERANG BARAT,GATE,PLAZA,ENTRANCE,195.00,-6.09079299,106.13663171
26_SERANG_BARAT_GATE_PLAZA_ENTRANCE_R071,SERANG BARAT,GATE,PLAZA,ENTRANCE,195.87,-6.09079480,106.13663940
26_SERANG_BARAT_ACCESS_EXIT_R072,SERANG BARAT,ACCESS,-,EXIT,0.00,-6.09041340,106.13490420
26_SERANG_BARAT_ACCESS_EXIT_R072,SERANG BARAT,ACCESS,-,EXIT,5.00,-6.09039753,106.13486189
26_SERANG_BARAT_ACCESS_EXIT_R072,SERANG BARAT,ACCESS,-,EXIT,10.00,-6.09038099,106.13481985
26_SERANG_BARAT_ACCESS_EXIT_R072,SERANG BARAT,ACCESS,-,EXIT,15.00,-6.09036298,106.13477841
26_SERANG_BARAT_ACCESS_EXIT_R072,SERANG BARAT,ACCESS,-,EXIT,20.00,-6.09034498,106.13473698
26_SERANG_BARAT_ACCESS_EXIT_R072,SERANG BARAT,ACCESS,-,EXIT,25.00,-6.09032697,106.13469554
26_SERANG_BARAT_ACCESS_EXIT_R072,SERANG BARAT,ACCESS,-,EXIT,30.00,-6.09030897,106.13465410
26_SERANG_BARAT_ACCESS_EXIT_R072,SERANG BARAT,ACCESS,-,EXIT,35.00,-6.09029097,106.13461266
26_SERANG_BARAT_ACCESS_EXIT_R072,SERANG BARAT,ACCESS,-,EXIT,40.00,-6.09027296,106.13457122
26_SERANG_BARAT_ACCESS_EXIT_R072,SERANG BARAT,ACCESS,-,EXIT,45.00,-6.09025463,106.13452993
26_SERANG_BARAT_ACCESS_EXIT_R072,SERANG BARAT,ACCESS,-,EXIT,50.00,-6.09023609,106.13448873
26_SERANG_BARAT_ACCESS_EXIT_R072,SERANG BARAT,ACCESS,-,EXIT,55.00,-6.09021755,106.13444753
26_SERANG_BARAT_ACCESS_EXIT_R072,SERANG BARAT,ACCESS,-,EXIT,60.00,-6.09019901,106.13440633
26_SERANG_BARAT_ACCESS_EXIT_R072,SERANG BARAT,ACCESS,-,EXIT,65.00,-6.09018048,106.13436514
26_SERANG_BARAT_ACCESS_EXIT_R072,SERANG BARAT,ACCESS,-,EXIT,70.00,-6.09016094,106.13432442
26_SERANG_BARAT_ACCESS_EXIT_R072,SERANG BARAT,ACCESS,-,EXIT,75.00,-6.09014040,106.13428419
26_SERANG_BARAT_ACCESS_EXIT_R072,SERANG BARAT,ACCESS,-,EXIT,80.00,-6.09011985,106.13424397
26_SERANG_BARAT_ACCESS_EXIT_R072,SERANG BARAT,ACCESS,-,EXIT,85.00,-6.09009930,106.13420375
26_SERANG_BARAT_ACCESS_EXIT_R072,SERANG BARAT,ACCESS,-,EXIT,90.00,-6.09007875,106.13416352
26_SERANG_BARAT_ACCESS_EXIT_R072,SERANG BARAT,ACCESS,-,EXIT,95.00,-6.09005820,106.13412330
26_SERANG_BARAT_ACCESS_EXIT_R072,SERANG BARAT,ACCESS,-,EXIT,100.00,-6.09003765,106.13408308
26_SERANG_BARAT_ACCESS_EXIT_R072,SERANG BARAT,ACCESS,-,EXIT,105.00,-6.09001710,106.13404285
26_SERANG_BARAT_ACCESS_EXIT_R072,SERANG BARAT,ACCESS,-,EXIT,110.00,-6.08999531,106.13400330
26_SERANG_BARAT_ACCESS_EXIT_R072,SERANG BARAT,ACCESS,-,EXIT,115.00,-6.08997343,106.13396379
26_SERANG_BARAT_ACCESS_EXIT_R072,SERANG BARAT,ACCESS,-,EXIT,120.00,-6.08995155,106.13392429
26_SERANG_BARAT_ACCESS_EXIT_R072,SERANG BARAT,ACCESS,-,EXIT,125.00,-6.08992967,106.13388478
26_SERANG_BARAT_ACCESS_EXIT_R072,SERANG BARAT,ACCESS,-,EXIT,130.00,-6.08990779,106.13384527
26_SERANG_BARAT_ACCESS_EXIT_R072,SERANG BARAT,ACCESS,-,EXIT,135.00,-6.08988592,106.13380576
26_SERANG_BARAT_ACCESS_EXIT_R072,SERANG BARAT,ACCESS,-,EXIT,140.00,-6.08986404,106.13376626
26_SERANG_BARAT_ACCESS_EXIT_R072,SERANG BARAT,ACCESS,-,EXIT,145.00,-6.08984216,106.13372675
26_SERANG_BARAT_ACCESS_EXIT_R072,SERANG BARAT,ACCESS,-,EXIT,150.00,-6.08982028,106.13368724
26_SERANG_BARAT_ACCESS_EXIT_R072,SERANG BARAT,ACCESS,-,EXIT,155.00,-6.08979807,106.13364793
26_SERANG_BARAT_ACCESS_EXIT_R072,SERANG BARAT,ACCESS,-,EXIT,160.00,-6.08977494,106.13360915
26_SERANG_BARAT_ACCESS_EXIT_R072,SERANG BARAT,ACCESS,-,EXIT,165.00,-6.08975180,106.13357037
26_SERANG_BARAT_ACCESS_EXIT_R072,SERANG BARAT,ACCESS,-,EXIT,170.00,-6.08972867,106.13353160
26_SERANG_BARAT_ACCESS_EXIT_R072,SERANG BARAT,ACCESS,-,EXIT,175.00,-6.08970463,106.13349340
26_SERANG_BARAT_ACCESS_EXIT_R072,SERANG BARAT,ACCESS,-,EXIT,180.00,-6.08967948,106.13345591
26_SERANG_BARAT_ACCESS_EXIT_R072,SERANG BARAT,ACCESS,-,EXIT,185.00,-6.08965433,106.13341842
26_SERANG_BARAT_ACCESS_EXIT_R072,SERANG BARAT,ACCESS,-,EXIT,190.00,-6.08962919,106.13338093
26_SERANG_BARAT_ACCESS_EXIT_R072,SERANG BARAT,ACCESS,-,EXIT,195.00,-6.08960404,106.13334344
26_SERANG_BARAT_ACCESS_EXIT_R072,SERANG BARAT,ACCESS,-,EXIT,200.00,-6.08957889,106.13330596
26_SERANG_BARAT_ACCESS_EXIT_R072,SERANG BARAT,ACCESS,-,EXIT,205.00,-6.08955374,106.13326847
26_SERANG_BARAT_ACCESS_EXIT_R072,SERANG BARAT,ACCESS,-,EXIT,210.00,-6.08952885,106.13323081
26_SERANG_BARAT_ACCESS_EXIT_R072,SERANG BARAT,ACCESS,-,EXIT,215.00,-6.08950442,106.13319285
26_SERANG_BARAT_ACCESS_EXIT_R072,SERANG BARAT,ACCESS,-,EXIT,220.00,-6.08947951,106.13315522
26_SERANG_BARAT_ACCESS_EXIT_R072,SERANG BARAT,ACCESS,-,EXIT,225.00,-6.08945241,106.13311913
26_SERANG_BARAT_ACCESS_EXIT_R072,SERANG BARAT,ACCESS,-,EXIT,230.00,-6.08942531,106.13308305
26_SERANG_BARAT_ACCESS_EXIT_R072,SERANG BARAT,ACCESS,-,EXIT,235.00,-6.08939821,106.13304696
26_SERANG_BARAT_ACCESS_EXIT_R072,SERANG BARAT,ACCESS,-,EXIT,240.00,-6.08937112,106.13301087
26_SERANG_BARAT_ACCESS_EXIT_R072,SERANG BARAT,ACCESS,-,EXIT,245.00,-6.08934402,106.13297478
26_SERANG_BARAT_ACCESS_EXIT_R072,SERANG BARAT,ACCESS,-,EXIT,250.00,-6.08931742,106.13293832
26_SERANG_BARAT_ACCESS_EXIT_R072,SERANG BARAT,ACCESS,-,EXIT,255.00,-6.08929093,106.13290179
26_SERANG_BARAT_ACCESS_EXIT_R072,SERANG BARAT,ACCESS,-,EXIT,260.00,-6.08926443,106.13286525
26_SERANG_BARAT_ACCESS_EXIT_R072,SERANG BARAT,ACCESS,-,EXIT,265.00,-6.08923793,106.13282871
26_SERANG_BARAT_ACCESS_EXIT_R072,SERANG BARAT,ACCESS,-,EXIT,270.00,-6.08921143,106.13279218
26_SERANG_BARAT_ACCESS_EXIT_R072,SERANG BARAT,ACCESS,-,EXIT,275.00,-6.08918494,106.13275564
26_SERANG_BARAT_ACCESS_EXIT_R072,SERANG BARAT,ACCESS,-,EXIT,280.00,-6.08915844,106.13271911
26_SERANG_BARAT_ACCESS_EXIT_R072,SERANG BARAT,ACCESS,-,EXIT,285.00,-6.08913194,106.13268257
26_SERANG_BARAT_ACCESS_EXIT_R072,SERANG BARAT,ACCESS,-,EXIT,290.00,-6.08910544,106.13264604
26_SERANG_BARAT_ACCESS_EXIT_R072,SERANG BARAT,ACCESS,-,EXIT,295.00,-6.08907860,106.13260975
26_SERANG_BARAT_ACCESS_EXIT_R072,SERANG BARAT,ACCESS,-,EXIT,300.00,-6.08905157,106.13257362
26_SERANG_BARAT_ACCESS_EXIT_R072,SERANG BARAT,ACCESS,-,EXIT,305.00,-6.08902453,106.13253749
26_SERANG_BARAT_ACCESS_EXIT_R072,SERANG BARAT,ACCESS,-,EXIT,310.00,-6.08899749,106.13250136
26_SERANG_BARAT_ACCESS_EXIT_R072,SERANG BARAT,ACCESS,-,EXIT,315.00,-6.08897045,106.13246522
26_SERANG_BARAT_ACCESS_EXIT_R072,SERANG BARAT,ACCESS,-,EXIT,320.00,-6.08894341,106.13242909
26_SERANG_BARAT_ACCESS_EXIT_R072,SERANG BARAT,ACCESS,-,EXIT,325.00,-6.08891637,106.13239296
26_SERANG_BARAT_ACCESS_EXIT_R072,SERANG BARAT,ACCESS,-,EXIT,330.00,-6.08888880,106.13235724
26_SERANG_BARAT_ACCESS_EXIT_R072,SERANG BARAT,ACCESS,-,EXIT,335.00,-6.08886091,106.13232177
26_SERANG_BARAT_ACCESS_EXIT_R072,SERANG BARAT,ACCESS,-,EXIT,340.00,-6.08883302,106.13228630
26_SERANG_BARAT_ACCESS_EXIT_R072,SERANG BARAT,ACCESS,-,EXIT,345.00,-6.08880900,106.13224820
26_SERANG_BARAT_ACCESS_EXIT_R072,SERANG BARAT,ACCESS,-,EXIT,346.15,-6.08880390,106.13223920
26_SERANG_BARAT_ACCESS_ENTRANCE_R073,SERANG BARAT,ACCESS,-,ENTRANCE,0.00,-6.08855190,106.13208820
26_SERANG_BARAT_ACCESS_ENTRANCE_R073,SERANG BARAT,ACCESS,-,ENTRANCE,5.00,-6.08857632,106.13212614
26_SERANG_BARAT_ACCESS_ENTRANCE_R073,SERANG BARAT,ACCESS,-,ENTRANCE,10.00,-6.08860330,106.13216229
26_SERANG_BARAT_ACCESS_ENTRANCE_R073,SERANG BARAT,ACCESS,-,ENTRANCE,15.00,-6.08863389,106.13219543
26_SERANG_BARAT_ACCESS_ENTRANCE_R073,SERANG BARAT,ACCESS,-,ENTRANCE,20.00,-6.08866448,106.13222857
26_SERANG_BARAT_ACCESS_ENTRANCE_R073,SERANG BARAT,ACCESS,-,ENTRANCE,25.00,-6.08869508,106.13226171
26_SERANG_BARAT_ACCESS_ENTRANCE_R073,SERANG BARAT,ACCESS,-,ENTRANCE,30.00,-6.08872567,106.13229486
26_SERANG_BARAT_ACCESS_ENTRANCE_R073,SERANG BARAT,ACCESS,-,ENTRANCE,35.00,-6.08875626,106.13232800
26_SERANG_BARAT_ACCESS_ENTRANCE_R073,SERANG BARAT,ACCESS,-,ENTRANCE,40.00,-6.08878686,106.13236114
26_SERANG_BARAT_ACCESS_ENTRANCE_R073,SERANG BARAT,ACCESS,-,ENTRANCE,45.00,-6.08881745,106.13239428
26_SERANG_BARAT_ACCESS_ENTRANCE_R073,SERANG BARAT,ACCESS,-,ENTRANCE,50.00,-6.08884804,106.13242742
26_SERANG_BARAT_ACCESS_ENTRANCE_R073,SERANG BARAT,ACCESS,-,ENTRANCE,55.00,-6.08887669,106.13246226
26_SERANG_BARAT_ACCESS_ENTRANCE_R073,SERANG BARAT,ACCESS,-,ENTRANCE,60.00,-6.08890495,106.13249743
26_SERANG_BARAT_ACCESS_ENTRANCE_R073,SERANG BARAT,ACCESS,-,ENTRANCE,65.00,-6.08893322,106.13253260
26_SERANG_BARAT_ACCESS_ENTRANCE_R073,SERANG BARAT,ACCESS,-,ENTRANCE,70.00,-6.08896148,106.13256778
26_SERANG_BARAT_ACCESS_ENTRANCE_R073,SERANG BARAT,ACCESS,-,ENTRANCE,75.00,-6.08898974,106.13260295
26_SERANG_BARAT_ACCESS_ENTRANCE_R073,SERANG BARAT,ACCESS,-,ENTRANCE,80.00,-6.08901800,106.13263812
26_SERANG_BARAT_ACCESS_ENTRANCE_R073,SERANG BARAT,ACCESS,-,ENTRANCE,85.00,-6.08904630,106.13267326
26_SERANG_BARAT_ACCESS_ENTRANCE_R073,SERANG BARAT,ACCESS,-,ENTRANCE,90.00,-6.08907466,106.13270836
26_SERANG_BARAT_ACCESS_ENTRANCE_R073,SERANG BARAT,ACCESS,-,ENTRANCE,95.00,-6.08910301,106.13274346
26_SERANG_BARAT_ACCESS_ENTRANCE_R073,SERANG BARAT,ACCESS,-,ENTRANCE,100.00,-6.08913137,106.13277856
26_SERANG_BARAT_ACCESS_ENTRANCE_R073,SERANG BARAT,ACCESS,-,ENTRANCE,105.00,-6.08915972,106.13281365
26_SERANG_BARAT_ACCESS_ENTRANCE_R073,SERANG BARAT,ACCESS,-,ENTRANCE,110.00,-6.08918808,106.13284875
26_SERANG_BARAT_ACCESS_ENTRANCE_R073,SERANG BARAT,ACCESS,-,ENTRANCE,115.00,-6.08921643,106.13288385
26_SERANG_BARAT_ACCESS_ENTRANCE_R073,SERANG BARAT,ACCESS,-,ENTRANCE,120.00,-6.08924479,106.13291894
26_SERANG_BARAT_ACCESS_ENTRANCE_R073,SERANG BARAT,ACCESS,-,ENTRANCE,125.00,-6.08927314,106.13295404
26_SERANG_BARAT_ACCESS_ENTRANCE_R073,SERANG BARAT,ACCESS,-,ENTRANCE,130.00,-6.08930150,106.13298914
26_SERANG_BARAT_ACCESS_ENTRANCE_R073,SERANG BARAT,ACCESS,-,ENTRANCE,135.00,-6.08932649,106.13302670
26_SERANG_BARAT_ACCESS_ENTRANCE_R073,SERANG BARAT,ACCESS,-,ENTRANCE,140.00,-6.08935099,106.13306462
26_SERANG_BARAT_ACCESS_ENTRANCE_R073,SERANG BARAT,ACCESS,-,ENTRANCE,145.00,-6.08937549,106.13310253
26_SERANG_BARAT_ACCESS_ENTRANCE_R073,SERANG BARAT,ACCESS,-,ENTRANCE,150.00,-6.08939999,106.13314045
26_SERANG_BARAT_ACCESS_ENTRANCE_R073,SERANG BARAT,ACCESS,-,ENTRANCE,155.00,-6.08942449,106.13317837
26_SERANG_BARAT_ACCESS_ENTRANCE_R073,SERANG BARAT,ACCESS,-,ENTRANCE,160.00,-6.08944900,106.13321629
26_SERANG_BARAT_ACCESS_ENTRANCE_R073,SERANG BARAT,ACCESS,-,ENTRANCE,165.00,-6.08947350,106.13325421
26_SERANG_BARAT_ACCESS_ENTRANCE_R073,SERANG BARAT,ACCESS,-,ENTRANCE,170.00,-6.08949801,106.13329212
26_SERANG_BARAT_ACCESS_ENTRANCE_R073,SERANG BARAT,ACCESS,-,ENTRANCE,175.00,-6.08952308,106.13332965
26_SERANG_BARAT_ACCESS_ENTRANCE_R073,SERANG BARAT,ACCESS,-,ENTRANCE,180.00,-6.08954858,106.13336690
26_SERANG_BARAT_ACCESS_ENTRANCE_R073,SERANG BARAT,ACCESS,-,ENTRANCE,185.00,-6.08957407,106.13340415
26_SERANG_BARAT_ACCESS_ENTRANCE_R073,SERANG BARAT,ACCESS,-,ENTRANCE,190.00,-6.08959957,106.13344140
26_SERANG_BARAT_ACCESS_ENTRANCE_R073,SERANG BARAT,ACCESS,-,ENTRANCE,195.00,-6.08962507,106.13347865
26_SERANG_BARAT_ACCESS_ENTRANCE_R073,SERANG BARAT,ACCESS,-,ENTRANCE,200.00,-6.08965056,106.13351590
26_SERANG_BARAT_ACCESS_ENTRANCE_R073,SERANG BARAT,ACCESS,-,ENTRANCE,205.00,-6.08967606,106.13355315
26_SERANG_BARAT_ACCESS_ENTRANCE_R073,SERANG BARAT,ACCESS,-,ENTRANCE,210.00,-6.08970021,106.13359128
26_SERANG_BARAT_ACCESS_ENTRANCE_R073,SERANG BARAT,ACCESS,-,ENTRANCE,215.00,-6.08972374,106.13362981
26_SERANG_BARAT_ACCESS_ENTRANCE_R073,SERANG BARAT,ACCESS,-,ENTRANCE,220.00,-6.08974727,106.13366835
26_SERANG_BARAT_ACCESS_ENTRANCE_R073,SERANG BARAT,ACCESS,-,ENTRANCE,225.00,-6.08977039,106.13370714
26_SERANG_BARAT_ACCESS_ENTRANCE_R073,SERANG BARAT,ACCESS,-,ENTRANCE,230.00,-6.08979237,106.13374658
26_SERANG_BARAT_ACCESS_ENTRANCE_R073,SERANG BARAT,ACCESS,-,ENTRANCE,235.00,-6.08981409,106.13378618
26_SERANG_BARAT_ACCESS_ENTRANCE_R073,SERANG BARAT,ACCESS,-,ENTRANCE,240.00,-6.08983557,106.13382591
26_SERANG_BARAT_ACCESS_ENTRANCE_R073,SERANG BARAT,ACCESS,-,ENTRANCE,245.00,-6.08985705,106.13386564
26_SERANG_BARAT_ACCESS_ENTRANCE_R073,SERANG BARAT,ACCESS,-,ENTRANCE,250.00,-6.08987853,106.13390536
26_SERANG_BARAT_ACCESS_ENTRANCE_R073,SERANG BARAT,ACCESS,-,ENTRANCE,255.00,-6.08990001,106.13394509
26_SERANG_BARAT_ACCESS_ENTRANCE_R073,SERANG BARAT,ACCESS,-,ENTRANCE,260.00,-6.08992044,106.13398536
26_SERANG_BARAT_ACCESS_ENTRANCE_R073,SERANG BARAT,ACCESS,-,ENTRANCE,265.00,-6.08994019,106.13402599
26_SERANG_BARAT_ACCESS_ENTRANCE_R073,SERANG BARAT,ACCESS,-,ENTRANCE,270.00,-6.08995994,106.13406662
26_SERANG_BARAT_ACCESS_ENTRANCE_R073,SERANG BARAT,ACCESS,-,ENTRANCE,275.00,-6.08997969,106.13410724
26_SERANG_BARAT_ACCESS_ENTRANCE_R073,SERANG BARAT,ACCESS,-,ENTRANCE,280.00,-6.08999944,106.13414787
26_SERANG_BARAT_ACCESS_ENTRANCE_R073,SERANG BARAT,ACCESS,-,ENTRANCE,285.00,-6.09001919,106.13418849
26_SERANG_BARAT_ACCESS_ENTRANCE_R073,SERANG BARAT,ACCESS,-,ENTRANCE,290.00,-6.09003893,106.13422912
26_SERANG_BARAT_ACCESS_ENTRANCE_R073,SERANG BARAT,ACCESS,-,ENTRANCE,295.00,-6.09005868,106.13426975
26_SERANG_BARAT_ACCESS_ENTRANCE_R073,SERANG BARAT,ACCESS,-,ENTRANCE,300.00,-6.09007843,106.13431037
26_SERANG_BARAT_ACCESS_ENTRANCE_R073,SERANG BARAT,ACCESS,-,ENTRANCE,305.00,-6.09009812,106.13435103
26_SERANG_BARAT_ACCESS_ENTRANCE_R073,SERANG BARAT,ACCESS,-,ENTRANCE,310.00,-6.09011775,106.13439171
26_SERANG_BARAT_ACCESS_ENTRANCE_R073,SERANG BARAT,ACCESS,-,ENTRANCE,315.00,-6.09013738,106.13443240
26_SERANG_BARAT_ACCESS_ENTRANCE_R073,SERANG BARAT,ACCESS,-,ENTRANCE,320.00,-6.09015701,106.13447309
26_SERANG_BARAT_ACCESS_ENTRANCE_R073,SERANG BARAT,ACCESS,-,ENTRANCE,325.00,-6.09017617,106.13451398
26_SERANG_BARAT_ACCESS_ENTRANCE_R073,SERANG BARAT,ACCESS,-,ENTRANCE,330.00,-6.09019359,106.13455567
26_SERANG_BARAT_ACCESS_ENTRANCE_R073,SERANG BARAT,ACCESS,-,ENTRANCE,335.00,-6.09021209,106.13459673
26_SERANG_BARAT_ACCESS_ENTRANCE_R073,SERANG BARAT,ACCESS,-,ENTRANCE,340.00,-6.09022805,106.13463901
26_SERANG_BARAT_ACCESS_ENTRANCE_R073,SERANG BARAT,ACCESS,-,ENTRANCE,345.00,-6.09024400,106.13468129
26_SERANG_BARAT_ACCESS_ENTRANCE_R073,SERANG BARAT,ACCESS,-,ENTRANCE,350.00,-6.09025995,106.13472357
26_SERANG_BARAT_ACCESS_ENTRANCE_R073,SERANG BARAT,ACCESS,-,ENTRANCE,355.00,-6.09027590,106.13476585
26_SERANG_BARAT_ACCESS_ENTRANCE_R073,SERANG BARAT,ACCESS,-,ENTRANCE,360.00,-6.09029415,106.13480717
26_SERANG_BARAT_ACCESS_ENTRANCE_R073,SERANG BARAT,ACCESS,-,ENTRANCE,365.00,-6.09031262,106.13484841
26_SERANG_BARAT_ACCESS_ENTRANCE_R073,SERANG BARAT,ACCESS,-,ENTRANCE,370.00,-6.09032753,106.13489101
26_SERANG_BARAT_ACCESS_ENTRANCE_R073,SERANG BARAT,ACCESS,-,ENTRANCE,374.37,-6.09033960,106.13492860
27_CILEGON_TIMUR_RAMP_A_OFF_R074,CILEGON TIMUR,RAMP,A,OFF,0.00,-6.02317810,106.09353830
27_CILEGON_TIMUR_RAMP_A_OFF_R074,CILEGON TIMUR,RAMP,A,OFF,5.00,-6.02315234,106.09350176
27_CILEGON_TIMUR_RAMP_A_OFF_R074,CILEGON TIMUR,RAMP,A,OFF,10.00,-6.02312066,106.09346968
27_CILEGON_TIMUR_RAMP_A_OFF_R074,CILEGON TIMUR,RAMP,A,OFF,15.00,-6.02308865,106.09343792
27_CILEGON_TIMUR_RAMP_A_OFF_R074,CILEGON TIMUR,RAMP,A,OFF,20.00,-6.02305664,106.09340616
27_CILEGON_TIMUR_RAMP_A_OFF_R074,CILEGON TIMUR,RAMP,A,OFF,25.00,-6.02302482,106.09337422
27_CILEGON_TIMUR_RAMP_A_OFF_R074,CILEGON TIMUR,RAMP,A,OFF,30.00,-6.02299353,106.09334175
27_CILEGON_TIMUR_RAMP_A_OFF_R074,CILEGON TIMUR,RAMP,A,OFF,35.00,-6.02296223,106.09330928
27_CILEGON_TIMUR_RAMP_A_OFF_R074,CILEGON TIMUR,RAMP,A,OFF,40.00,-6.02293094,106.09327681
27_CILEGON_TIMUR_RAMP_A_OFF_R074,CILEGON TIMUR,RAMP,A,OFF,45.00,-6.02289964,106.09324435
27_CILEGON_TIMUR_RAMP_A_OFF_R074,CILEGON TIMUR,RAMP,A,OFF,50.00,-6.02286858,106.09321165
27_CILEGON_TIMUR_RAMP_A_OFF_R074,CILEGON TIMUR,RAMP,A,OFF,55.00,-6.02283753,106.09317894
27_CILEGON_TIMUR_RAMP_A_OFF_R074,CILEGON TIMUR,RAMP,A,OFF,60.00,-6.02280648,106.09314624
27_CILEGON_TIMUR_RAMP_A_OFF_R074,CILEGON TIMUR,RAMP,A,OFF,65.00,-6.02277543,106.09311353
27_CILEGON_TIMUR_RAMP_A_OFF_R074,CILEGON TIMUR,RAMP,A,OFF,70.00,-6.02274439,106.09308082
27_CILEGON_TIMUR_RAMP_A_OFF_R074,CILEGON TIMUR,RAMP,A,OFF,75.00,-6.02271336,106.09304810
27_CILEGON_TIMUR_RAMP_A_OFF_R074,CILEGON TIMUR,RAMP,A,OFF,80.00,-6.02268258,106.09301514
27_CILEGON_TIMUR_RAMP_A_OFF_R074,CILEGON TIMUR,RAMP,A,OFF,85.00,-6.02265179,106.09298218
27_CILEGON_TIMUR_RAMP_A_OFF_R074,CILEGON TIMUR,RAMP,A,OFF,90.00,-6.02262101,106.09294922
27_CILEGON_TIMUR_RAMP_A_OFF_R074,CILEGON TIMUR,RAMP,A,OFF,95.00,-6.02259023,106.09291626
27_CILEGON_TIMUR_RAMP_A_OFF_R074,CILEGON TIMUR,RAMP,A,OFF,100.00,-6.02255930,106.09288344
27_CILEGON_TIMUR_RAMP_A_OFF_R074,CILEGON TIMUR,RAMP,A,OFF,105.00,-6.02252836,106.09285063
27_CILEGON_TIMUR_RAMP_A_OFF_R074,CILEGON TIMUR,RAMP,A,OFF,110.00,-6.02249741,106.09281782
27_CILEGON_TIMUR_RAMP_A_OFF_R074,CILEGON TIMUR,RAMP,A,OFF,115.00,-6.02246647,106.09278501
27_CILEGON_TIMUR_RAMP_A_OFF_R074,CILEGON TIMUR,RAMP,A,OFF,120.00,-6.02243615,106.09275164
27_CILEGON_TIMUR_RAMP_A_OFF_R074,CILEGON TIMUR,RAMP,A,OFF,125.00,-6.02240682,106.09271737
27_CILEGON_TIMUR_RAMP_A_OFF_R074,CILEGON TIMUR,RAMP,A,OFF,130.00,-6.02237732,106.09268325
27_CILEGON_TIMUR_RAMP_A_OFF_R074,CILEGON TIMUR,RAMP,A,OFF,135.00,-6.02234722,106.09264965
27_CILEGON_TIMUR_RAMP_A_OFF_R074,CILEGON TIMUR,RAMP,A,OFF,140.00,-6.02231713,106.09261605
27_CILEGON_TIMUR_RAMP_A_OFF_R074,CILEGON TIMUR,RAMP,A,OFF,145.00,-6.02228964,106.09258030
27_CILEGON_TIMUR_RAMP_A_OFF_R074,CILEGON TIMUR,RAMP,A,OFF,150.00,-6.02226251,106.09254424
27_CILEGON_TIMUR_RAMP_A_OFF_R074,CILEGON TIMUR,RAMP,A,OFF,155.00,-6.02223568,106.09250795
27_CILEGON_TIMUR_RAMP_A_OFF_R074,CILEGON TIMUR,RAMP,A,OFF,160.00,-6.02220927,106.09247136
27_CILEGON_TIMUR_RAMP_A_OFF_R074,CILEGON TIMUR,RAMP,A,OFF,165.00,-6.02218358,106.09243427
27_CILEGON_TIMUR_RAMP_A_OFF_R074,CILEGON TIMUR,RAMP,A,OFF,170.00,-6.02215937,106.09239617
27_CILEGON_TIMUR_RAMP_A_OFF_R074,CILEGON TIMUR,RAMP,A,OFF,175.00,-6.02213516,106.09235807
27_CILEGON_TIMUR_RAMP_A_OFF_R074,CILEGON TIMUR,RAMP,A,OFF,180.00,-6.02211094,106.09231997
27_CILEGON_TIMUR_RAMP_A_OFF_R074,CILEGON TIMUR,RAMP,A,OFF,185.00,-6.02208675,106.09228185
27_CILEGON_TIMUR_RAMP_A_OFF_R074,CILEGON TIMUR,RAMP,A,OFF,190.00,-6.02206257,106.09224373
27_CILEGON_TIMUR_RAMP_A_OFF_R074,CILEGON TIMUR,RAMP,A,OFF,195.00,-6.02204325,106.09220302
27_CILEGON_TIMUR_RAMP_A_OFF_R074,CILEGON TIMUR,RAMP,A,OFF,200.00,-6.02202536,106.09216153
27_CILEGON_TIMUR_RAMP_A_OFF_R074,CILEGON TIMUR,RAMP,A,OFF,205.00,-6.02200746,106.09212005
27_CILEGON_TIMUR_RAMP_A_OFF_R074,CILEGON TIMUR,RAMP,A,OFF,210.00,-6.02198955,106.09207858
27_CILEGON_TIMUR_RAMP_A_OFF_R074,CILEGON TIMUR,RAMP,A,OFF,215.00,-6.02197165,106.09203710
27_CILEGON_TIMUR_RAMP_A_OFF_R074,CILEGON TIMUR,RAMP,A,OFF,220.00,-6.02195836,106.09199392
27_CILEGON_TIMUR_RAMP_A_OFF_R074,CILEGON TIMUR,RAMP,A,OFF,225.00,-6.02194532,106.09195065
27_CILEGON_TIMUR_RAMP_A_OFF_R074,CILEGON TIMUR,RAMP,A,OFF,230.00,-6.02193228,106.09190737
27_CILEGON_TIMUR_RAMP_A_OFF_R074,CILEGON TIMUR,RAMP,A,OFF,235.00,-6.02191984,106.09186393
27_CILEGON_TIMUR_RAMP_A_OFF_R074,CILEGON TIMUR,RAMP,A,OFF,240.00,-6.02190867,106.09182014
27_CILEGON_TIMUR_RAMP_A_OFF_R074,CILEGON TIMUR,RAMP,A,OFF,245.00,-6.02189750,106.09177634
27_CILEGON_TIMUR_RAMP_A_OFF_R074,CILEGON TIMUR,RAMP,A,OFF,250.00,-6.02188633,106.09173254
27_CILEGON_TIMUR_RAMP_A_OFF_R074,CILEGON TIMUR,RAMP,A,OFF,255.00,-6.02188198,106.09168766
27_CILEGON_TIMUR_RAMP_A_OFF_R074,CILEGON TIMUR,RAMP,A,OFF,260.00,-6.02187931,106.09164253
27_CILEGON_TIMUR_RAMP_A_OFF_R074,CILEGON TIMUR,RAMP,A,OFF,265.00,-6.02187467,106.09159756
27_CILEGON_TIMUR_RAMP_A_OFF_R074,CILEGON TIMUR,RAMP,A,OFF,270.00,-6.02186974,106.09155261
27_CILEGON_TIMUR_RAMP_A_OFF_R074,CILEGON TIMUR,RAMP,A,OFF,275.00,-6.02186482,106.09150767
27_CILEGON_TIMUR_RAMP_A_OFF_R074,CILEGON TIMUR,RAMP,A,OFF,280.00,-6.02186070,106.09146268
27_CILEGON_TIMUR_RAMP_A_OFF_R074,CILEGON TIMUR,RAMP,A,OFF,285.00,-6.02186070,106.09141747
27_CILEGON_TIMUR_RAMP_A_OFF_R074,CILEGON TIMUR,RAMP,A,OFF,290.00,-6.02186070,106.09137225
27_CILEGON_TIMUR_RAMP_A_OFF_R074,CILEGON TIMUR,RAMP,A,OFF,295.00,-6.02186074,106.09132704
27_CILEGON_TIMUR_RAMP_A_OFF_R074,CILEGON TIMUR,RAMP,A,OFF,300.00,-6.02186255,106.09128186
27_CILEGON_TIMUR_RAMP_A_OFF_R074,CILEGON TIMUR,RAMP,A,OFF,305.00,-6.02186436,106.09123668
27_CILEGON_TIMUR_RAMP_A_OFF_R074,CILEGON TIMUR,RAMP,A,OFF,310.00,-6.02186618,106.09119150
27_CILEGON_TIMUR_RAMP_A_OFF_R074,CILEGON TIMUR,RAMP,A,OFF,315.00,-6.02187228,106.09114698
27_CILEGON_TIMUR_RAMP_A_OFF_R074,CILEGON TIMUR,RAMP,A,OFF,320.00,-6.02188393,106.09110331
27_CILEGON_TIMUR_RAMP_A_OFF_R074,CILEGON TIMUR,RAMP,A,OFF,325.00,-6.02189559,106.09105964
27_CILEGON_TIMUR_RAMP_A_OFF_R074,CILEGON TIMUR,RAMP,A,OFF,330.00,-6.02190696,106.09101589
27_CILEGON_TIMUR_RAMP_A_OFF_R074,CILEGON TIMUR,RAMP,A,OFF,335.00,-6.02191832,106.09097214
27_CILEGON_TIMUR_RAMP_A_OFF_R074,CILEGON TIMUR,RAMP,A,OFF,340.00,-6.02193019,106.09092854
27_CILEGON_TIMUR_RAMP_A_OFF_R074,CILEGON TIMUR,RAMP,A,OFF,345.00,-6.02194314,106.09088524
27_CILEGON_TIMUR_RAMP_A_OFF_R074,CILEGON TIMUR,RAMP,A,OFF,350.00,-6.02195610,106.09084194
27_CILEGON_TIMUR_RAMP_A_OFF_R074,CILEGON TIMUR,RAMP,A,OFF,355.00,-6.02196905,106.09079864
27_CILEGON_TIMUR_RAMP_A_OFF_R074,CILEGON TIMUR,RAMP,A,OFF,360.00,-6.02198372,106.09075594
27_CILEGON_TIMUR_RAMP_A_OFF_R074,CILEGON TIMUR,RAMP,A,OFF,365.00,-6.02200007,106.09071382
27_CILEGON_TIMUR_RAMP_A_OFF_R074,CILEGON TIMUR,RAMP,A,OFF,370.00,-6.02201762,106.09067220
27_CILEGON_TIMUR_RAMP_A_OFF_R074,CILEGON TIMUR,RAMP,A,OFF,375.00,-6.02203587,106.09063088
27_CILEGON_TIMUR_RAMP_A_OFF_R074,CILEGON TIMUR,RAMP,A,OFF,380.00,-6.02205489,106.09058993
27_CILEGON_TIMUR_RAMP_A_OFF_R074,CILEGON TIMUR,RAMP,A,OFF,385.00,-6.02207621,106.09055012
27_CILEGON_TIMUR_RAMP_A_OFF_R074,CILEGON TIMUR,RAMP,A,OFF,390.00,-6.02209757,106.09051033
27_CILEGON_TIMUR_RAMP_A_OFF_R074,CILEGON TIMUR,RAMP,A,OFF,395.00,-6.02211966,106.09047095
27_CILEGON_TIMUR_RAMP_A_OFF_R074,CILEGON TIMUR,RAMP,A,OFF,400.00,-6.02214180,106.09043159
27_CILEGON_TIMUR_RAMP_A_OFF_R074,CILEGON TIMUR,RAMP,A,OFF,405.00,-6.02216580,106.09039337
27_CILEGON_TIMUR_RAMP_A_OFF_R074,CILEGON TIMUR,RAMP,A,OFF,410.00,-6.02219062,106.09035568
27_CILEGON_TIMUR_RAMP_A_OFF_R074,CILEGON TIMUR,RAMP,A,OFF,415.00,-6.02221688,106.09031898
27_CILEGON_TIMUR_RAMP_A_OFF_R074,CILEGON TIMUR,RAMP,A,OFF,420.00,-6.02224319,106.09028231
27_CILEGON_TIMUR_RAMP_A_OFF_R074,CILEGON TIMUR,RAMP,A,OFF,425.00,-6.02226987,106.09024591
27_CILEGON_TIMUR_RAMP_A_OFF_R074,CILEGON TIMUR,RAMP,A,OFF,430.00,-6.02229655,106.09020952
27_CILEGON_TIMUR_RAMP_A_OFF_R074,CILEGON TIMUR,RAMP,A,OFF,435.00,-6.02232392,106.09017365
27_CILEGON_TIMUR_RAMP_A_OFF_R074,CILEGON TIMUR,RAMP,A,OFF,440.00,-6.02235211,106.09013843
27_CILEGON_TIMUR_RAMP_A_OFF_R074,CILEGON TIMUR,RAMP,A,OFF,445.00,-6.02238038,106.09010327
27_CILEGON_TIMUR_RAMP_A_OFF_R074,CILEGON TIMUR,RAMP,A,OFF,450.00,-6.02240932,106.09006866
27_CILEGON_TIMUR_RAMP_A_OFF_R074,CILEGON TIMUR,RAMP,A,OFF,455.00,-6.02243825,106.09003404
27_CILEGON_TIMUR_RAMP_A_OFF_R074,CILEGON TIMUR,RAMP,A,OFF,460.00,-6.02246754,106.08999974
27_CILEGON_TIMUR_RAMP_A_OFF_R074,CILEGON TIMUR,RAMP,A,OFF,465.00,-6.02249704,106.08996561
27_CILEGON_TIMUR_RAMP_A_OFF_R074,CILEGON TIMUR,RAMP,A,OFF,470.00,-6.02252653,106.08993148
27_CILEGON_TIMUR_RAMP_A_OFF_R074,CILEGON TIMUR,RAMP,A,OFF,475.00,-6.02255603,106.08989736
27_CILEGON_TIMUR_RAMP_A_OFF_R074,CILEGON TIMUR,RAMP,A,OFF,480.00,-6.02258557,106.08986327
27_CILEGON_TIMUR_RAMP_A_OFF_R074,CILEGON TIMUR,RAMP,A,OFF,485.00,-6.02261515,106.08982921
27_CILEGON_TIMUR_RAMP_A_OFF_R074,CILEGON TIMUR,RAMP,A,OFF,490.00,-6.02264474,106.08979516
27_CILEGON_TIMUR_RAMP_A_OFF_R074,CILEGON TIMUR,RAMP,A,OFF,495.00,-6.02266821,106.08975683
27_CILEGON_TIMUR_RAMP_A_OFF_R074,CILEGON TIMUR,RAMP,A,OFF,500.00,-6.02267689,106.08971265
27_CILEGON_TIMUR_RAMP_A_OFF_R074,CILEGON TIMUR,RAMP,A,OFF,505.00,-6.02270021,106.08967740
27_CILEGON_TIMUR_RAMP_A_OFF_R074,CILEGON TIMUR,RAMP,A,OFF,510.00,-6.02273441,106.08964805
27_CILEGON_TIMUR_RAMP_A_OFF_R074,CILEGON TIMUR,RAMP,A,OFF,515.00,-6.02276862,106.08961870
27_CILEGON_TIMUR_RAMP_A_OFF_R074,CILEGON TIMUR,RAMP,A,OFF,520.00,-6.02280282,106.08958935
27_CILEGON_TIMUR_RAMP_A_OFF_R074,CILEGON TIMUR,RAMP,A,OFF,525.00,-6.02283702,106.08956000
27_CILEGON_TIMUR_RAMP_A_OFF_R074,CILEGON TIMUR,RAMP,A,OFF,530.00,-6.02287071,106.08953005
27_CILEGON_TIMUR_RAMP_A_OFF_R074,CILEGON TIMUR,RAMP,A,OFF,535.00,-6.02290369,106.08949932
27_CILEGON_TIMUR_RAMP_A_OFF_R074,CILEGON TIMUR,RAMP,A,OFF,540.00,-6.02293667,106.08946858
27_CILEGON_TIMUR_RAMP_A_OFF_R074,CILEGON TIMUR,RAMP,A,OFF,545.00,-6.02296965,106.08943785
27_CILEGON_TIMUR_RAMP_A_OFF_R074,CILEGON TIMUR,RAMP,A,OFF,547.46,-6.02298590,106.08942270
27_CILEGON_TIMUR_RAMP_B_OFF_R075,CILEGON TIMUR,RAMP,B,OFF,0.00,-6.02044330,106.09110440
27_CILEGON_TIMUR_RAMP_B_OFF_R075,CILEGON TIMUR,RAMP,B,OFF,5.00,-6.02047420,106.09113725
27_CILEGON_TIMUR_RAMP_B_OFF_R075,CILEGON TIMUR,RAMP,B,OFF,10.00,-6.02050511,106.09117009
27_CILEGON_TIMUR_RAMP_B_OFF_R075,CILEGON TIMUR,RAMP,B,OFF,15.00,-6.02053601,106.09120294
27_CILEGON_TIMUR_RAMP_B_OFF_R075,CILEGON TIMUR,RAMP,B,OFF,20.00,-6.02056691,106.09123578
27_CILEGON_TIMUR_RAMP_B_OFF_R075,CILEGON TIMUR,RAMP,B,OFF,25.00,-6.02059781,106.09126863
27_CILEGON_TIMUR_RAMP_B_OFF_R075,CILEGON TIMUR,RAMP,B,OFF,30.00,-6.02062872,106.09130147
27_CILEGON_TIMUR_RAMP_B_OFF_R075,CILEGON TIMUR,RAMP,B,OFF,35.00,-6.02065962,106.09133432
27_CILEGON_TIMUR_RAMP_B_OFF_R075,CILEGON TIMUR,RAMP,B,OFF,40.00,-6.02067249,106.09137378
27_CILEGON_TIMUR_RAMP_B_OFF_R075,CILEGON TIMUR,RAMP,B,OFF,45.00,-6.02067148,106.09141887
27_CILEGON_TIMUR_RAMP_B_OFF_R075,CILEGON TIMUR,RAMP,B,OFF,50.00,-6.02068648,106.09146092
27_CILEGON_TIMUR_RAMP_B_OFF_R075,CILEGON TIMUR,RAMP,B,OFF,55.00,-6.02071398,106.09149639
27_CILEGON_TIMUR_RAMP_B_OFF_R075,CILEGON TIMUR,RAMP,B,OFF,60.00,-6.02074491,106.09152920
27_CILEGON_TIMUR_RAMP_B_OFF_R075,CILEGON TIMUR,RAMP,B,OFF,65.00,-6.02077585,106.09156201
27_CILEGON_TIMUR_RAMP_B_OFF_R075,CILEGON TIMUR,RAMP,B,OFF,70.00,-6.02080679,106.09159483
27_CILEGON_TIMUR_RAMP_B_OFF_R075,CILEGON TIMUR,RAMP,B,OFF,75.00,-6.02083718,106.09162813
27_CILEGON_TIMUR_RAMP_B_OFF_R075,CILEGON TIMUR,RAMP,B,OFF,80.00,-6.02086738,106.09166161
27_CILEGON_TIMUR_RAMP_B_OFF_R075,CILEGON TIMUR,RAMP,B,OFF,85.00,-6.02089810,106.09169463
27_CILEGON_TIMUR_RAMP_B_OFF_R075,CILEGON TIMUR,RAMP,B,OFF,90.00,-6.02092882,106.09172765
27_CILEGON_TIMUR_RAMP_B_OFF_R075,CILEGON TIMUR,RAMP,B,OFF,95.00,-6.02095939,106.09176081
27_CILEGON_TIMUR_RAMP_B_OFF_R075,CILEGON TIMUR,RAMP,B,OFF,100.00,-6.02098954,106.09179435
27_CILEGON_TIMUR_RAMP_B_OFF_R075,CILEGON TIMUR,RAMP,B,OFF,105.00,-6.02101969,106.09182789
27_CILEGON_TIMUR_RAMP_B_OFF_R075,CILEGON TIMUR,RAMP,B,OFF,110.00,-6.02104985,106.09186144
27_CILEGON_TIMUR_RAMP_B_OFF_R075,CILEGON TIMUR,RAMP,B,OFF,115.00,-6.02107872,106.09189609
27_CILEGON_TIMUR_RAMP_B_OFF_R075,CILEGON TIMUR,RAMP,B,OFF,120.00,-6.02110752,106.09193082
27_CILEGON_TIMUR_RAMP_B_OFF_R075,CILEGON TIMUR,RAMP,B,OFF,125.00,-6.02113632,106.09196555
27_CILEGON_TIMUR_RAMP_B_OFF_R075,CILEGON TIMUR,RAMP,B,OFF,130.00,-6.02116511,106.09200027
27_CILEGON_TIMUR_RAMP_B_OFF_R075,CILEGON TIMUR,RAMP,B,OFF,135.00,-6.02119262,106.09203604
27_CILEGON_TIMUR_RAMP_B_OFF_R075,CILEGON TIMUR,RAMP,B,OFF,140.00,-6.02122013,106.09207181
27_CILEGON_TIMUR_RAMP_B_OFF_R075,CILEGON TIMUR,RAMP,B,OFF,145.00,-6.02124763,106.09210759
27_CILEGON_TIMUR_RAMP_B_OFF_R075,CILEGON TIMUR,RAMP,B,OFF,150.00,-6.02127396,106.09214420
27_CILEGON_TIMUR_RAMP_B_OFF_R075,CILEGON TIMUR,RAMP,B,OFF,155.00,-6.02129895,106.09218179
27_CILEGON_TIMUR_RAMP_B_OFF_R075,CILEGON TIMUR,RAMP,B,OFF,160.00,-6.02132257,106.09222021
27_CILEGON_TIMUR_RAMP_B_OFF_R075,CILEGON TIMUR,RAMP,B,OFF,165.00,-6.02134308,106.09226043
27_CILEGON_TIMUR_RAMP_B_OFF_R075,CILEGON TIMUR,RAMP,B,OFF,170.00,-6.02136168,106.09230160
27_CILEGON_TIMUR_RAMP_B_OFF_R075,CILEGON TIMUR,RAMP,B,OFF,175.00,-6.02137593,106.09234442
27_CILEGON_TIMUR_RAMP_B_OFF_R075,CILEGON TIMUR,RAMP,B,OFF,180.00,-6.02138832,106.09238788
27_CILEGON_TIMUR_RAMP_B_OFF_R075,CILEGON TIMUR,RAMP,B,OFF,185.00,-6.02139775,106.09243201
27_CILEGON_TIMUR_RAMP_B_OFF_R075,CILEGON TIMUR,RAMP,B,OFF,190.00,-6.02140325,106.09247687
27_CILEGON_TIMUR_RAMP_B_OFF_R075,CILEGON TIMUR,RAMP,B,OFF,195.00,-6.02140602,106.09252197
27_CILEGON_TIMUR_RAMP_B_OFF_R075,CILEGON TIMUR,RAMP,B,OFF,200.00,-6.02140590,106.09256715
27_CILEGON_TIMUR_RAMP_B_OFF_R075,CILEGON TIMUR,RAMP,B,OFF,205.00,-6.02140225,106.09261222
27_CILEGON_TIMUR_RAMP_B_OFF_R075,CILEGON TIMUR,RAMP,B,OFF,210.00,-6.02139005,106.09265573
27_CILEGON_TIMUR_RAMP_B_OFF_R075,CILEGON TIMUR,RAMP,B,OFF,215.00,-6.02137646,106.09269883
27_CILEGON_TIMUR_RAMP_B_OFF_R075,CILEGON TIMUR,RAMP,B,OFF,220.00,-6.02135869,106.09274032
27_CILEGON_TIMUR_RAMP_B_OFF_R075,CILEGON TIMUR,RAMP,B,OFF,225.00,-6.02133740,106.09278005
27_CILEGON_TIMUR_RAMP_B_OFF_R075,CILEGON TIMUR,RAMP,B,OFF,230.00,-6.02131213,106.09281734
27_CILEGON_TIMUR_RAMP_B_OFF_R075,CILEGON TIMUR,RAMP,B,OFF,235.00,-6.02128337,106.09285205
27_CILEGON_TIMUR_RAMP_B_OFF_R075,CILEGON TIMUR,RAMP,B,OFF,240.00,-6.02125078,106.09288310
27_CILEGON_TIMUR_RAMP_B_OFF_R075,CILEGON TIMUR,RAMP,B,OFF,245.00,-6.02121479,106.09291021
27_CILEGON_TIMUR_RAMP_B_OFF_R075,CILEGON TIMUR,RAMP,B,OFF,250.00,-6.02117742,106.09293504
27_CILEGON_TIMUR_RAMP_B_OFF_R075,CILEGON TIMUR,RAMP,B,OFF,255.00,-6.02113635,106.09295338
27_CILEGON_TIMUR_RAMP_B_OFF_R075,CILEGON TIMUR,RAMP,B,OFF,260.00,-6.02109437,106.09296959
27_CILEGON_TIMUR_RAMP_B_OFF_R075,CILEGON TIMUR,RAMP,B,OFF,265.00,-6.02105178,106.09298394
27_CILEGON_TIMUR_RAMP_B_OFF_R075,CILEGON TIMUR,RAMP,B,OFF,270.00,-6.02100803,106.09299415
27_CILEGON_TIMUR_RAMP_B_OFF_R075,CILEGON TIMUR,RAMP,B,OFF,275.00,-6.02096331,106.09299755
27_CILEGON_TIMUR_RAMP_B_OFF_R075,CILEGON TIMUR,RAMP,B,OFF,280.00,-6.02091835,106.09299824
27_CILEGON_TIMUR_RAMP_B_OFF_R075,CILEGON TIMUR,RAMP,B,OFF,285.00,-6.02087355,106.09299468
27_CILEGON_TIMUR_RAMP_B_OFF_R075,CILEGON TIMUR,RAMP,B,OFF,290.00,-6.02082942,106.09298611
27_CILEGON_TIMUR_RAMP_B_OFF_R075,CILEGON TIMUR,RAMP,B,OFF,295.00,-6.02078587,106.09297486
27_CILEGON_TIMUR_RAMP_B_OFF_R075,CILEGON TIMUR,RAMP,B,OFF,300.00,-6.02074298,106.09296134
27_CILEGON_TIMUR_RAMP_B_OFF_R075,CILEGON TIMUR,RAMP,B,OFF,305.00,-6.02070095,106.09294534
27_CILEGON_TIMUR_RAMP_B_OFF_R075,CILEGON TIMUR,RAMP,B,OFF,310.00,-6.02066010,106.09292650
27_CILEGON_TIMUR_RAMP_B_OFF_R075,CILEGON TIMUR,RAMP,B,OFF,315.00,-6.02062067,106.09290484
27_CILEGON_TIMUR_RAMP_B_OFF_R075,CILEGON TIMUR,RAMP,B,OFF,320.00,-6.02058275,106.09288063
27_CILEGON_TIMUR_RAMP_B_OFF_R075,CILEGON TIMUR,RAMP,B,OFF,325.00,-6.02054665,106.09285368
27_CILEGON_TIMUR_RAMP_B_OFF_R075,CILEGON TIMUR,RAMP,B,OFF,330.00,-6.02051136,106.09282568
27_CILEGON_TIMUR_RAMP_B_OFF_R075,CILEGON TIMUR,RAMP,B,OFF,335.00,-6.02047765,106.09279586
27_CILEGON_TIMUR_RAMP_B_OFF_R075,CILEGON TIMUR,RAMP,B,OFF,340.00,-6.02044713,106.09276264
27_CILEGON_TIMUR_RAMP_B_OFF_R075,CILEGON TIMUR,RAMP,B,OFF,345.00,-6.02041900,106.09272738
27_CILEGON_TIMUR_RAMP_B_OFF_R075,CILEGON TIMUR,RAMP,B,OFF,350.00,-6.02039255,106.09269085
27_CILEGON_TIMUR_RAMP_B_OFF_R075,CILEGON TIMUR,RAMP,B,OFF,355.00,-6.02036866,106.09265260
27_CILEGON_TIMUR_RAMP_B_OFF_R075,CILEGON TIMUR,RAMP,B,OFF,360.00,-6.02034708,106.09261294
27_CILEGON_TIMUR_RAMP_B_OFF_R075,CILEGON TIMUR,RAMP,B,OFF,365.00,-6.02032830,106.09257186
27_CILEGON_TIMUR_RAMP_B_OFF_R075,CILEGON TIMUR,RAMP,B,OFF,370.00,-6.02031164,106.09252992
27_CILEGON_TIMUR_RAMP_B_OFF_R075,CILEGON TIMUR,RAMP,B,OFF,375.00,-6.02029802,106.09248688
27_CILEGON_TIMUR_RAMP_B_OFF_R075,CILEGON TIMUR,RAMP,B,OFF,380.00,-6.02028858,106.09244267
27_CILEGON_TIMUR_RAMP_B_OFF_R075,CILEGON TIMUR,RAMP,B,OFF,385.00,-6.02028163,106.09239801
27_CILEGON_TIMUR_RAMP_B_OFF_R075,CILEGON TIMUR,RAMP,B,OFF,390.00,-6.02027874,106.09235294
27_CILEGON_TIMUR_RAMP_B_OFF_R075,CILEGON TIMUR,RAMP,B,OFF,395.00,-6.02027891,106.09230777
27_CILEGON_TIMUR_RAMP_B_OFF_R075,CILEGON TIMUR,RAMP,B,OFF,400.00,-6.02028129,106.09226262
27_CILEGON_TIMUR_RAMP_B_OFF_R075,CILEGON TIMUR,RAMP,B,OFF,405.00,-6.02028540,106.09221759
27_CILEGON_TIMUR_RAMP_B_OFF_R075,CILEGON TIMUR,RAMP,B,OFF,410.00,-6.02029207,106.09217289
27_CILEGON_TIMUR_RAMP_B_OFF_R075,CILEGON TIMUR,RAMP,B,OFF,415.00,-6.02030354,106.09212926
27_CILEGON_TIMUR_RAMP_B_OFF_R075,CILEGON TIMUR,RAMP,B,OFF,420.00,-6.02031728,106.09208622
27_CILEGON_TIMUR_RAMP_B_OFF_R075,CILEGON TIMUR,RAMP,B,OFF,425.00,-6.02033347,106.09204404
27_CILEGON_TIMUR_RAMP_B_OFF_R075,CILEGON TIMUR,RAMP,B,OFF,430.00,-6.02035295,106.09200334
27_CILEGON_TIMUR_RAMP_B_OFF_R075,CILEGON TIMUR,RAMP,B,OFF,435.00,-6.02037383,106.09196330
27_CILEGON_TIMUR_RAMP_B_OFF_R075,CILEGON TIMUR,RAMP,B,OFF,440.00,-6.02039650,106.09192426
27_CILEGON_TIMUR_RAMP_B_OFF_R075,CILEGON TIMUR,RAMP,B,OFF,445.00,-6.02042224,106.09188723
27_CILEGON_TIMUR_RAMP_B_OFF_R075,CILEGON TIMUR,RAMP,B,OFF,450.00,-6.02045028,106.09185192
27_CILEGON_TIMUR_RAMP_B_OFF_R075,CILEGON TIMUR,RAMP,B,OFF,455.00,-6.02047947,106.09181753
27_CILEGON_TIMUR_RAMP_B_OFF_R075,CILEGON TIMUR,RAMP,B,OFF,460.00,-6.02051011,106.09178443
27_CILEGON_TIMUR_RAMP_B_OFF_R075,CILEGON TIMUR,RAMP,B,OFF,465.00,-6.02054075,106.09175134
27_CILEGON_TIMUR_RAMP_B_OFF_R075,CILEGON TIMUR,RAMP,B,OFF,470.00,-6.02057254,106.09171936
27_CILEGON_TIMUR_RAMP_B_OFF_R075,CILEGON TIMUR,RAMP,B,OFF,475.00,-6.02060449,106.09168755
27_CILEGON_TIMUR_RAMP_B_OFF_R075,CILEGON TIMUR,RAMP,B,OFF,480.00,-6.02063688,106.09165619
27_CILEGON_TIMUR_RAMP_B_OFF_R075,CILEGON TIMUR,RAMP,B,OFF,485.00,-6.02066960,106.09162517
27_CILEGON_TIMUR_RAMP_B_OFF_R075,CILEGON TIMUR,RAMP,B,OFF,490.00,-6.02070231,106.09159416
27_CILEGON_TIMUR_RAMP_B_OFF_R075,CILEGON TIMUR,RAMP,B,OFF,495.00,-6.02073298,106.09156109
27_CILEGON_TIMUR_RAMP_B_OFF_R075,CILEGON TIMUR,RAMP,B,OFF,500.00,-6.02076382,106.09152818
27_CILEGON_TIMUR_RAMP_B_OFF_R075,CILEGON TIMUR,RAMP,B,OFF,505.00,-6.02079490,106.09149551
27_CILEGON_TIMUR_RAMP_B_OFF_R075,CILEGON TIMUR,RAMP,B,OFF,510.00,-6.02082559,106.09146247
27_CILEGON_TIMUR_RAMP_B_OFF_R075,CILEGON TIMUR,RAMP,B,OFF,515.00,-6.02085640,106.09142954
27_CILEGON_TIMUR_RAMP_B_OFF_R075,CILEGON TIMUR,RAMP,B,OFF,520.00,-6.02088722,106.09139661
27_CILEGON_TIMUR_RAMP_B_OFF_R075,CILEGON TIMUR,RAMP,B,OFF,525.00,-6.02091803,106.09136367
27_CILEGON_TIMUR_RAMP_B_OFF_R075,CILEGON TIMUR,RAMP,B,OFF,530.00,-6.02094893,106.09133083
27_CILEGON_TIMUR_RAMP_B_OFF_R075,CILEGON TIMUR,RAMP,B,OFF,535.00,-6.02098137,106.09129952
27_CILEGON_TIMUR_RAMP_B_OFF_R075,CILEGON TIMUR,RAMP,B,OFF,540.00,-6.02101381,106.09126821
27_CILEGON_TIMUR_RAMP_B_OFF_R075,CILEGON TIMUR,RAMP,B,OFF,545.00,-6.02104625,106.09123690
27_CILEGON_TIMUR_RAMP_B_OFF_R075,CILEGON TIMUR,RAMP,B,OFF,550.00,-6.02107869,106.09120559
27_CILEGON_TIMUR_RAMP_B_OFF_R075,CILEGON TIMUR,RAMP,B,OFF,555.00,-6.02111113,106.09117428
27_CILEGON_TIMUR_RAMP_B_OFF_R075,CILEGON TIMUR,RAMP,B,OFF,560.00,-6.02114357,106.09114296
27_CILEGON_TIMUR_RAMP_B_OFF_R075,CILEGON TIMUR,RAMP,B,OFF,565.00,-6.02117601,106.09111165
27_CILEGON_TIMUR_RAMP_B_OFF_R075,CILEGON TIMUR,RAMP,B,OFF,570.00,-6.02120845,106.09108034
27_CILEGON_TIMUR_RAMP_B_OFF_R075,CILEGON TIMUR,RAMP,B,OFF,575.00,-6.02124089,106.09104903
27_CILEGON_TIMUR_RAMP_B_OFF_R075,CILEGON TIMUR,RAMP,B,OFF,580.00,-6.02127332,106.09101772
27_CILEGON_TIMUR_RAMP_B_OFF_R075,CILEGON TIMUR,RAMP,B,OFF,585.00,-6.02130576,106.09098641
27_CILEGON_TIMUR_RAMP_B_OFF_R075,CILEGON TIMUR,RAMP,B,OFF,590.00,-6.02133820,106.09095509
27_CILEGON_TIMUR_RAMP_B_OFF_R075,CILEGON TIMUR,RAMP,B,OFF,595.00,-6.02137065,106.09092379
27_CILEGON_TIMUR_RAMP_B_OFF_R075,CILEGON TIMUR,RAMP,B,OFF,600.00,-6.02140309,106.09089248
27_CILEGON_TIMUR_RAMP_B_OFF_R075,CILEGON TIMUR,RAMP,B,OFF,605.00,-6.02143553,106.09086117
27_CILEGON_TIMUR_RAMP_B_OFF_R075,CILEGON TIMUR,RAMP,B,OFF,610.00,-6.02146798,106.09082986
27_CILEGON_TIMUR_RAMP_B_OFF_R075,CILEGON TIMUR,RAMP,B,OFF,615.00,-6.02150043,106.09079856
27_CILEGON_TIMUR_RAMP_B_OFF_R075,CILEGON TIMUR,RAMP,B,OFF,620.00,-6.02153290,106.09076728
27_CILEGON_TIMUR_RAMP_B_OFF_R075,CILEGON TIMUR,RAMP,B,OFF,625.00,-6.02156536,106.09073600
27_CILEGON_TIMUR_RAMP_B_OFF_R075,CILEGON TIMUR,RAMP,B,OFF,630.00,-6.02159783,106.09070472
27_CILEGON_TIMUR_RAMP_B_OFF_R075,CILEGON TIMUR,RAMP,B,OFF,635.00,-6.02163030,106.09067344
27_CILEGON_TIMUR_RAMP_B_OFF_R075,CILEGON TIMUR,RAMP,B,OFF,640.00,-6.02166277,106.09064216
27_CILEGON_TIMUR_RAMP_B_OFF_R075,CILEGON TIMUR,RAMP,B,OFF,645.00,-6.02169524,106.09061088
27_CILEGON_TIMUR_RAMP_B_OFF_R075,CILEGON TIMUR,RAMP,B,OFF,650.00,-6.02172771,106.09057960
27_CILEGON_TIMUR_RAMP_B_OFF_R075,CILEGON TIMUR,RAMP,B,OFF,655.00,-6.02176022,106.09054836
27_CILEGON_TIMUR_RAMP_B_OFF_R075,CILEGON TIMUR,RAMP,B,OFF,660.00,-6.02179312,106.09051754
27_CILEGON_TIMUR_RAMP_B_OFF_R075,CILEGON TIMUR,RAMP,B,OFF,665.00,-6.02182602,106.09048672
27_CILEGON_TIMUR_RAMP_B_OFF_R075,CILEGON TIMUR,RAMP,B,OFF,670.00,-6.02185893,106.09045590
27_CILEGON_TIMUR_RAMP_B_OFF_R075,CILEGON TIMUR,RAMP,B,OFF,675.00,-6.02189183,106.09042509
27_CILEGON_TIMUR_RAMP_B_OFF_R075,CILEGON TIMUR,RAMP,B,OFF,680.00,-6.02192474,106.09039427
27_CILEGON_TIMUR_RAMP_B_OFF_R075,CILEGON TIMUR,RAMP,B,OFF,685.00,-6.02195764,106.09036345
27_CILEGON_TIMUR_RAMP_B_OFF_R075,CILEGON TIMUR,RAMP,B,OFF,690.00,-6.02199055,106.09033263
27_CILEGON_TIMUR_RAMP_B_OFF_R075,CILEGON TIMUR,RAMP,B,OFF,695.00,-6.02202345,106.09030182
27_CILEGON_TIMUR_RAMP_B_OFF_R075,CILEGON TIMUR,RAMP,B,OFF,700.00,-6.02205635,106.09027100
27_CILEGON_TIMUR_RAMP_B_OFF_R075,CILEGON TIMUR,RAMP,B,OFF,705.00,-6.02208926,106.09024018
27_CILEGON_TIMUR_RAMP_B_OFF_R075,CILEGON TIMUR,RAMP,B,OFF,710.00,-6.02212216,106.09020937
27_CILEGON_TIMUR_RAMP_B_OFF_R075,CILEGON TIMUR,RAMP,B,OFF,715.00,-6.02215507,106.09017855
27_CILEGON_TIMUR_RAMP_B_OFF_R075,CILEGON TIMUR,RAMP,B,OFF,720.00,-6.02218777,106.09014751
27_CILEGON_TIMUR_RAMP_B_OFF_R075,CILEGON TIMUR,RAMP,B,OFF,725.00,-6.02222028,106.09011628
27_CILEGON_TIMUR_RAMP_B_OFF_R075,CILEGON TIMUR,RAMP,B,OFF,730.00,-6.02225280,106.09008505
27_CILEGON_TIMUR_RAMP_B_OFF_R075,CILEGON TIMUR,RAMP,B,OFF,735.00,-6.02228531,106.09005381
27_CILEGON_TIMUR_RAMP_B_OFF_R075,CILEGON TIMUR,RAMP,B,OFF,740.00,-6.02231781,106.09002257
27_CILEGON_TIMUR_RAMP_B_OFF_R075,CILEGON TIMUR,RAMP,B,OFF,745.00,-6.02235032,106.08999133
27_CILEGON_TIMUR_RAMP_B_OFF_R075,CILEGON TIMUR,RAMP,B,OFF,750.00,-6.02238282,106.08996008
27_CILEGON_TIMUR_RAMP_B_OFF_R075,CILEGON TIMUR,RAMP,B,OFF,755.00,-6.02241533,106.08992884
27_CILEGON_TIMUR_RAMP_B_OFF_R075,CILEGON TIMUR,RAMP,B,OFF,760.00,-6.02244783,106.08989760
27_CILEGON_TIMUR_RAMP_B_OFF_R075,CILEGON TIMUR,RAMP,B,OFF,765.00,-6.02248034,106.08986636
27_CILEGON_TIMUR_RAMP_B_OFF_R075,CILEGON TIMUR,RAMP,B,OFF,770.00,-6.02251321,106.08983551
27_CILEGON_TIMUR_RAMP_B_OFF_R075,CILEGON TIMUR,RAMP,B,OFF,775.00,-6.02254644,106.08980505
27_CILEGON_TIMUR_RAMP_B_OFF_R075,CILEGON TIMUR,RAMP,B,OFF,780.00,-6.02258119,106.08977636
27_CILEGON_TIMUR_RAMP_B_OFF_R075,CILEGON TIMUR,RAMP,B,OFF,785.00,-6.02261594,106.08974767
27_CILEGON_TIMUR_RAMP_B_OFF_R075,CILEGON TIMUR,RAMP,B,OFF,790.00,-6.02265069,106.08971897
27_CILEGON_TIMUR_RAMP_B_OFF_R075,CILEGON TIMUR,RAMP,B,OFF,795.00,-6.02268534,106.08969016
27_CILEGON_TIMUR_RAMP_B_OFF_R075,CILEGON TIMUR,RAMP,B,OFF,800.00,-6.02271955,106.08966081
27_CILEGON_TIMUR_RAMP_B_OFF_R075,CILEGON TIMUR,RAMP,B,OFF,805.00,-6.02275375,106.08963145
27_CILEGON_TIMUR_RAMP_B_OFF_R075,CILEGON TIMUR,RAMP,B,OFF,810.00,-6.02278796,106.08960210
27_CILEGON_TIMUR_RAMP_B_OFF_R075,CILEGON TIMUR,RAMP,B,OFF,815.00,-6.02282216,106.08957275
27_CILEGON_TIMUR_RAMP_B_OFF_R075,CILEGON TIMUR,RAMP,B,OFF,820.00,-6.02285637,106.08954340
27_CILEGON_TIMUR_RAMP_B_OFF_R075,CILEGON TIMUR,RAMP,B,OFF,825.00,-6.02288935,106.08951267
27_CILEGON_TIMUR_RAMP_B_OFF_R075,CILEGON TIMUR,RAMP,B,OFF,830.00,-6.02292233,106.08948194
27_CILEGON_TIMUR_RAMP_B_OFF_R075,CILEGON TIMUR,RAMP,B,OFF,835.00,-6.02295531,106.08945120
27_CILEGON_TIMUR_RAMP_B_OFF_R075,CILEGON TIMUR,RAMP,B,OFF,839.64,-6.02298590,106.08942270
27_CILEGON_TIMUR_RAMP_A_ON_R076,CILEGON TIMUR,RAMP,A,ON,0.00,-6.02293450,106.08934720
27_CILEGON_TIMUR_RAMP_A_ON_R076,CILEGON TIMUR,RAMP,A,ON,5.00,-6.02290152,106.08937793
27_CILEGON_TIMUR_RAMP_A_ON_R076,CILEGON TIMUR,RAMP,A,ON,10.00,-6.02286853,106.08940866
27_CILEGON_TIMUR_RAMP_A_ON_R076,CILEGON TIMUR,RAMP,A,ON,15.00,-6.02283555,106.08943939
27_CILEGON_TIMUR_RAMP_A_ON_R076,CILEGON TIMUR,RAMP,A,ON,20.00,-6.02280256,106.08947012
27_CILEGON_TIMUR_RAMP_A_ON_R076,CILEGON TIMUR,RAMP,A,ON,25.00,-6.02277158,106.08950285
27_CILEGON_TIMUR_RAMP_A_ON_R076,CILEGON TIMUR,RAMP,A,ON,30.00,-6.02274114,106.08953614
27_CILEGON_TIMUR_RAMP_A_ON_R076,CILEGON TIMUR,RAMP,A,ON,35.00,-6.02271070,106.08956942
27_CILEGON_TIMUR_RAMP_A_ON_R076,CILEGON TIMUR,RAMP,A,ON,40.00,-6.02268027,106.08960271
27_CILEGON_TIMUR_RAMP_A_ON_R076,CILEGON TIMUR,RAMP,A,ON,45.00,-6.02264983,106.08963599
27_CILEGON_TIMUR_RAMP_A_ON_R076,CILEGON TIMUR,RAMP,A,ON,50.00,-6.02261940,106.08966927
27_CILEGON_TIMUR_RAMP_A_ON_R076,CILEGON TIMUR,RAMP,A,ON,55.00,-6.02258896,106.08970256
27_CILEGON_TIMUR_RAMP_A_ON_R076,CILEGON TIMUR,RAMP,A,ON,60.00,-6.02255430,106.08972918
27_CILEGON_TIMUR_RAMP_A_ON_R076,CILEGON TIMUR,RAMP,A,ON,65.00,-6.02251164,106.08974344
27_CILEGON_TIMUR_RAMP_A_ON_R076,CILEGON TIMUR,RAMP,A,ON,70.00,-6.02247064,106.08976169
27_CILEGON_TIMUR_RAMP_A_ON_R076,CILEGON TIMUR,RAMP,A,ON,75.00,-6.02243212,106.08978496
27_CILEGON_TIMUR_RAMP_A_ON_R076,CILEGON TIMUR,RAMP,A,ON,80.00,-6.02239547,106.08981116
27_CILEGON_TIMUR_RAMP_A_ON_R076,CILEGON TIMUR,RAMP,A,ON,85.00,-6.02235882,106.08983737
27_CILEGON_TIMUR_RAMP_A_ON_R076,CILEGON TIMUR,RAMP,A,ON,90.00,-6.02232196,106.08986325
27_CILEGON_TIMUR_RAMP_A_ON_R076,CILEGON TIMUR,RAMP,A,ON,95.00,-6.02228507,106.08988911
27_CILEGON_TIMUR_RAMP_A_ON_R076,CILEGON TIMUR,RAMP,A,ON,100.00,-6.02224818,106.08991497
27_CILEGON_TIMUR_RAMP_A_ON_R076,CILEGON TIMUR,RAMP,A,ON,105.00,-6.02221106,106.08994048
27_CILEGON_TIMUR_RAMP_A_ON_R076,CILEGON TIMUR,RAMP,A,ON,110.00,-6.02217385,106.08996586
27_CILEGON_TIMUR_RAMP_A_ON_R076,CILEGON TIMUR,RAMP,A,ON,115.00,-6.02213664,106.08999125
27_CILEGON_TIMUR_RAMP_A_ON_R076,CILEGON TIMUR,RAMP,A,ON,120.00,-6.02209942,106.09001663
27_CILEGON_TIMUR_RAMP_A_ON_R076,CILEGON TIMUR,RAMP,A,ON,125.00,-6.02206217,106.09004196
27_CILEGON_TIMUR_RAMP_A_ON_R076,CILEGON TIMUR,RAMP,A,ON,130.00,-6.02202413,106.09006607
27_CILEGON_TIMUR_RAMP_A_ON_R076,CILEGON TIMUR,RAMP,A,ON,135.00,-6.02198610,106.09009018
27_CILEGON_TIMUR_RAMP_A_ON_R076,CILEGON TIMUR,RAMP,A,ON,140.00,-6.02194806,106.09011429
27_CILEGON_TIMUR_RAMP_A_ON_R076,CILEGON TIMUR,RAMP,A,ON,145.00,-6.02190947,106.09013751
27_CILEGON_TIMUR_RAMP_A_ON_R076,CILEGON TIMUR,RAMP,A,ON,150.00,-6.02187081,106.09016059
27_CILEGON_TIMUR_RAMP_A_ON_R076,CILEGON TIMUR,RAMP,A,ON,155.00,-6.02183214,106.09018368
27_CILEGON_TIMUR_RAMP_A_ON_R076,CILEGON TIMUR,RAMP,A,ON,160.00,-6.02179348,106.09020676
27_CILEGON_TIMUR_RAMP_A_ON_R076,CILEGON TIMUR,RAMP,A,ON,165.00,-6.02175466,106.09022958
27_CILEGON_TIMUR_RAMP_A_ON_R076,CILEGON TIMUR,RAMP,A,ON,170.00,-6.02171580,106.09025234
27_CILEGON_TIMUR_RAMP_A_ON_R076,CILEGON TIMUR,RAMP,A,ON,175.00,-6.02167695,106.09027509
27_CILEGON_TIMUR_RAMP_A_ON_R076,CILEGON TIMUR,RAMP,A,ON,180.00,-6.02163635,106.09029441
27_CILEGON_TIMUR_RAMP_A_ON_R076,CILEGON TIMUR,RAMP,A,ON,185.00,-6.02159517,106.09031258
27_CILEGON_TIMUR_RAMP_A_ON_R076,CILEGON TIMUR,RAMP,A,ON,190.00,-6.02155400,106.09033074
27_CILEGON_TIMUR_RAMP_A_ON_R076,CILEGON TIMUR,RAMP,A,ON,195.00,-6.02151282,106.09034891
27_CILEGON_TIMUR_RAMP_A_ON_R076,CILEGON TIMUR,RAMP,A,ON,200.00,-6.02147104,106.09036554
27_CILEGON_TIMUR_RAMP_A_ON_R076,CILEGON TIMUR,RAMP,A,ON,205.00,-6.02142871,106.09038082
27_CILEGON_TIMUR_RAMP_A_ON_R076,CILEGON TIMUR,RAMP,A,ON,210.00,-6.02138638,106.09039605
27_CILEGON_TIMUR_RAMP_A_ON_R076,CILEGON TIMUR,RAMP,A,ON,215.00,-6.02134401,106.09041120
27_CILEGON_TIMUR_RAMP_A_ON_R076,CILEGON TIMUR,RAMP,A,ON,220.00,-6.02130117,106.09042479
27_CILEGON_TIMUR_RAMP_A_ON_R076,CILEGON TIMUR,RAMP,A,ON,225.00,-6.02125758,106.09043589
27_CILEGON_TIMUR_RAMP_A_ON_R076,CILEGON TIMUR,RAMP,A,ON,230.00,-6.02121396,106.09044684
27_CILEGON_TIMUR_RAMP_A_ON_R076,CILEGON TIMUR,RAMP,A,ON,235.00,-6.02116989,106.09045586
27_CILEGON_TIMUR_RAMP_A_ON_R076,CILEGON TIMUR,RAMP,A,ON,240.00,-6.02112582,106.09046482
27_CILEGON_TIMUR_RAMP_A_ON_R076,CILEGON TIMUR,RAMP,A,ON,245.00,-6.02108140,106.09047186
27_CILEGON_TIMUR_RAMP_A_ON_R076,CILEGON TIMUR,RAMP,A,ON,250.00,-6.02103693,106.09047845
27_CILEGON_TIMUR_RAMP_A_ON_R076,CILEGON TIMUR,RAMP,A,ON,255.00,-6.02099210,106.09048197
27_CILEGON_TIMUR_RAMP_A_ON_R076,CILEGON TIMUR,RAMP,A,ON,260.00,-6.02094723,106.09048458
27_CILEGON_TIMUR_RAMP_A_ON_R076,CILEGON TIMUR,RAMP,A,ON,265.00,-6.02090228,106.09048580
27_CILEGON_TIMUR_RAMP_A_ON_R076,CILEGON TIMUR,RAMP,A,ON,270.00,-6.02085735,106.09048413
27_CILEGON_TIMUR_RAMP_A_ON_R076,CILEGON TIMUR,RAMP,A,ON,275.00,-6.02081243,106.09048205
27_CILEGON_TIMUR_RAMP_A_ON_R076,CILEGON TIMUR,RAMP,A,ON,280.00,-6.02076754,106.09047952
27_CILEGON_TIMUR_RAMP_A_ON_R076,CILEGON TIMUR,RAMP,A,ON,285.00,-6.02072282,106.09047492
27_CILEGON_TIMUR_RAMP_A_ON_R076,CILEGON TIMUR,RAMP,A,ON,290.00,-6.02067827,106.09046895
27_CILEGON_TIMUR_RAMP_A_ON_R076,CILEGON TIMUR,RAMP,A,ON,295.00,-6.02063413,106.09046030
27_CILEGON_TIMUR_RAMP_A_ON_R076,CILEGON TIMUR,RAMP,A,ON,300.00,-6.02059011,106.09045113
27_CILEGON_TIMUR_RAMP_A_ON_R076,CILEGON TIMUR,RAMP,A,ON,305.00,-6.02054641,106.09044049
27_CILEGON_TIMUR_RAMP_A_ON_R076,CILEGON TIMUR,RAMP,A,ON,310.00,-6.02050307,106.09042843
27_CILEGON_TIMUR_RAMP_A_ON_R076,CILEGON TIMUR,RAMP,A,ON,315.00,-6.02046025,106.09041470
27_CILEGON_TIMUR_RAMP_A_ON_R076,CILEGON TIMUR,RAMP,A,ON,320.00,-6.02041782,106.09039974
27_CILEGON_TIMUR_RAMP_A_ON_R076,CILEGON TIMUR,RAMP,A,ON,325.00,-6.02037569,106.09038393
27_CILEGON_TIMUR_RAMP_A_ON_R076,CILEGON TIMUR,RAMP,A,ON,330.00,-6.02033440,106.09036612
27_CILEGON_TIMUR_RAMP_A_ON_R076,CILEGON TIMUR,RAMP,A,ON,335.00,-6.02029360,106.09034710
27_CILEGON_TIMUR_RAMP_A_ON_R076,CILEGON TIMUR,RAMP,A,ON,340.00,-6.02025357,106.09032652
27_CILEGON_TIMUR_RAMP_A_ON_R076,CILEGON TIMUR,RAMP,A,ON,345.00,-6.02021413,106.09030485
27_CILEGON_TIMUR_RAMP_A_ON_R076,CILEGON TIMUR,RAMP,A,ON,350.00,-6.02017576,106.09028127
27_CILEGON_TIMUR_RAMP_A_ON_R076,CILEGON TIMUR,RAMP,A,ON,355.00,-6.02013740,106.09025769
27_CILEGON_TIMUR_RAMP_A_ON_R076,CILEGON TIMUR,RAMP,A,ON,360.00,-6.02009951,106.09023337
27_CILEGON_TIMUR_RAMP_A_ON_R076,CILEGON TIMUR,RAMP,A,ON,365.00,-6.02006290,106.09020712
27_CILEGON_TIMUR_RAMP_A_ON_R076,CILEGON TIMUR,RAMP,A,ON,370.00,-6.02002628,106.09018088
27_CILEGON_TIMUR_RAMP_A_ON_R076,CILEGON TIMUR,RAMP,A,ON,375.00,-6.01998967,106.09015463
27_CILEGON_TIMUR_RAMP_A_ON_R076,CILEGON TIMUR,RAMP,A,ON,380.00,-6.01995431,106.09012671
27_CILEGON_TIMUR_RAMP_A_ON_R076,CILEGON TIMUR,RAMP,A,ON,385.00,-6.01991920,106.09009847
27_CILEGON_TIMUR_RAMP_A_ON_R076,CILEGON TIMUR,RAMP,A,ON,390.00,-6.01988440,106.09006983
27_CILEGON_TIMUR_RAMP_A_ON_R076,CILEGON TIMUR,RAMP,A,ON,395.00,-6.01984978,106.09004097
27_CILEGON_TIMUR_RAMP_A_ON_R076,CILEGON TIMUR,RAMP,A,ON,400.00,-6.01981695,106.09001009
27_CILEGON_TIMUR_RAMP_A_ON_R076,CILEGON TIMUR,RAMP,A,ON,405.00,-6.01978433,106.08997897
27_CILEGON_TIMUR_RAMP_A_ON_R076,CILEGON TIMUR,RAMP,A,ON,410.00,-6.01975171,106.08994785
27_CILEGON_TIMUR_RAMP_A_ON_R076,CILEGON TIMUR,RAMP,A,ON,415.00,-6.01971908,106.08991673
27_CILEGON_TIMUR_RAMP_A_ON_R076,CILEGON TIMUR,RAMP,A,ON,420.00,-6.01968646,106.08988562
27_CILEGON_TIMUR_RAMP_A_ON_R076,CILEGON TIMUR,RAMP,A,ON,425.00,-6.01965454,106.08985377
27_CILEGON_TIMUR_RAMP_A_ON_R076,CILEGON TIMUR,RAMP,A,ON,430.00,-6.01962276,106.08982178
27_CILEGON_TIMUR_RAMP_A_ON_R076,CILEGON TIMUR,RAMP,A,ON,435.00,-6.01959098,106.08978980
27_CILEGON_TIMUR_RAMP_A_ON_R076,CILEGON TIMUR,RAMP,A,ON,440.00,-6.01955920,106.08975781
27_CILEGON_TIMUR_RAMP_A_ON_R076,CILEGON TIMUR,RAMP,A,ON,445.00,-6.01952742,106.08972582
27_CILEGON_TIMUR_RAMP_A_ON_R076,CILEGON TIMUR,RAMP,A,ON,450.00,-6.01949564,106.08969384
27_CILEGON_TIMUR_RAMP_A_ON_R076,CILEGON TIMUR,RAMP,A,ON,455.00,-6.01946386,106.08966185
27_CILEGON_TIMUR_RAMP_A_ON_R076,CILEGON TIMUR,RAMP,A,ON,460.00,-6.01943207,106.08962987
27_CILEGON_TIMUR_RAMP_A_ON_R076,CILEGON TIMUR,RAMP,A,ON,465.00,-6.01940026,106.08959791
27_CILEGON_TIMUR_RAMP_A_ON_R076,CILEGON TIMUR,RAMP,A,ON,470.00,-6.01936845,106.08956595
27_CILEGON_TIMUR_RAMP_A_ON_R076,CILEGON TIMUR,RAMP,A,ON,475.00,-6.01933664,106.08953399
27_CILEGON_TIMUR_RAMP_A_ON_R076,CILEGON TIMUR,RAMP,A,ON,480.00,-6.01930484,106.08950203
27_CILEGON_TIMUR_RAMP_A_ON_R076,CILEGON TIMUR,RAMP,A,ON,485.00,-6.01927303,106.08947007
27_CILEGON_TIMUR_RAMP_A_ON_R076,CILEGON TIMUR,RAMP,A,ON,490.00,-6.01924122,106.08943811
27_CILEGON_TIMUR_RAMP_A_ON_R076,CILEGON TIMUR,RAMP,A,ON,495.00,-6.01920983,106.08940573
27_CILEGON_TIMUR_RAMP_A_ON_R076,CILEGON TIMUR,RAMP,A,ON,500.00,-6.01917845,106.08937335
27_CILEGON_TIMUR_RAMP_A_ON_R076,CILEGON TIMUR,RAMP,A,ON,505.00,-6.01914706,106.08934098
27_CILEGON_TIMUR_RAMP_A_ON_R076,CILEGON TIMUR,RAMP,A,ON,510.00,-6.01911567,106.08930860
27_CILEGON_TIMUR_RAMP_A_ON_R076,CILEGON TIMUR,RAMP,A,ON,515.00,-6.01908429,106.08927622
27_CILEGON_TIMUR_RAMP_A_ON_R076,CILEGON TIMUR,RAMP,A,ON,520.00,-6.01905450,106.08924236
27_CILEGON_TIMUR_RAMP_A_ON_R076,CILEGON TIMUR,RAMP,A,ON,525.00,-6.01902495,106.08920828
27_CILEGON_TIMUR_RAMP_A_ON_R076,CILEGON TIMUR,RAMP,A,ON,530.00,-6.01899541,106.08917419
27_CILEGON_TIMUR_RAMP_A_ON_R076,CILEGON TIMUR,RAMP,A,ON,535.00,-6.01896586,106.08914011
27_CILEGON_TIMUR_RAMP_A_ON_R076,CILEGON TIMUR,RAMP,A,ON,540.00,-6.01893194,106.08911111
27_CILEGON_TIMUR_RAMP_A_ON_R076,CILEGON TIMUR,RAMP,A,ON,542.99,-6.01890730,106.08910080
27_CILEGON_TIMUR_RAMP_B_ON_R077,CILEGON TIMUR,RAMP,B,ON,0.00,-6.02293450,106.08934720
27_CILEGON_TIMUR_RAMP_B_ON_R077,CILEGON TIMUR,RAMP,B,ON,5.00,-6.02290152,106.08937793
27_CILEGON_TIMUR_RAMP_B_ON_R077,CILEGON TIMUR,RAMP,B,ON,10.00,-6.02286853,106.08940866
27_CILEGON_TIMUR_RAMP_B_ON_R077,CILEGON TIMUR,RAMP,B,ON,15.00,-6.02283555,106.08943939
27_CILEGON_TIMUR_RAMP_B_ON_R077,CILEGON TIMUR,RAMP,B,ON,20.00,-6.02280256,106.08947012
27_CILEGON_TIMUR_RAMP_B_ON_R077,CILEGON TIMUR,RAMP,B,ON,25.00,-6.02277158,106.08950285
27_CILEGON_TIMUR_RAMP_B_ON_R077,CILEGON TIMUR,RAMP,B,ON,30.00,-6.02274114,106.08953614
27_CILEGON_TIMUR_RAMP_B_ON_R077,CILEGON TIMUR,RAMP,B,ON,35.00,-6.02271070,106.08956942
27_CILEGON_TIMUR_RAMP_B_ON_R077,CILEGON TIMUR,RAMP,B,ON,40.00,-6.02268027,106.08960271
27_CILEGON_TIMUR_RAMP_B_ON_R077,CILEGON TIMUR,RAMP,B,ON,45.00,-6.02264983,106.08963599
27_CILEGON_TIMUR_RAMP_B_ON_R077,CILEGON TIMUR,RAMP,B,ON,50.00,-6.02261940,106.08966927
27_CILEGON_TIMUR_RAMP_B_ON_R077,CILEGON TIMUR,RAMP,B,ON,55.00,-6.02258896,106.08970256
27_CILEGON_TIMUR_RAMP_B_ON_R077,CILEGON TIMUR,RAMP,B,ON,60.00,-6.02255764,106.08973495
27_CILEGON_TIMUR_RAMP_B_ON_R077,CILEGON TIMUR,RAMP,B,ON,65.00,-6.02252459,106.08976561
27_CILEGON_TIMUR_RAMP_B_ON_R077,CILEGON TIMUR,RAMP,B,ON,70.00,-6.02249155,106.08979628
27_CILEGON_TIMUR_RAMP_B_ON_R077,CILEGON TIMUR,RAMP,B,ON,75.00,-6.02245850,106.08982694
27_CILEGON_TIMUR_RAMP_B_ON_R077,CILEGON TIMUR,RAMP,B,ON,80.00,-6.02242545,106.08985760
27_CILEGON_TIMUR_RAMP_B_ON_R077,CILEGON TIMUR,RAMP,B,ON,85.00,-6.02239241,106.08988827
27_CILEGON_TIMUR_RAMP_B_ON_R077,CILEGON TIMUR,RAMP,B,ON,90.00,-6.02235936,106.08991893
27_CILEGON_TIMUR_RAMP_B_ON_R077,CILEGON TIMUR,RAMP,B,ON,95.00,-6.02232632,106.08994960
27_CILEGON_TIMUR_RAMP_B_ON_R077,CILEGON TIMUR,RAMP,B,ON,100.00,-6.02229327,106.08998026
27_CILEGON_TIMUR_RAMP_B_ON_R077,CILEGON TIMUR,RAMP,B,ON,105.00,-6.02226022,106.09001092
27_CILEGON_TIMUR_RAMP_B_ON_R077,CILEGON TIMUR,RAMP,B,ON,110.00,-6.02222718,106.09004159
27_CILEGON_TIMUR_RAMP_B_ON_R077,CILEGON TIMUR,RAMP,B,ON,115.00,-6.02219413,106.09007225
27_CILEGON_TIMUR_RAMP_B_ON_R077,CILEGON TIMUR,RAMP,B,ON,120.00,-6.02216109,106.09010292
27_CILEGON_TIMUR_RAMP_B_ON_R077,CILEGON TIMUR,RAMP,B,ON,125.00,-6.02212806,106.09013359
27_CILEGON_TIMUR_RAMP_B_ON_R077,CILEGON TIMUR,RAMP,B,ON,130.00,-6.02209502,106.09016427
27_CILEGON_TIMUR_RAMP_B_ON_R077,CILEGON TIMUR,RAMP,B,ON,135.00,-6.02206199,106.09019495
27_CILEGON_TIMUR_RAMP_B_ON_R077,CILEGON TIMUR,RAMP,B,ON,140.00,-6.02202896,106.09022563
27_CILEGON_TIMUR_RAMP_B_ON_R077,CILEGON TIMUR,RAMP,B,ON,145.00,-6.02199595,106.09025634
27_CILEGON_TIMUR_RAMP_B_ON_R077,CILEGON TIMUR,RAMP,B,ON,150.00,-6.02196294,106.09028704
27_CILEGON_TIMUR_RAMP_B_ON_R077,CILEGON TIMUR,RAMP,B,ON,155.00,-6.02192993,106.09031774
27_CILEGON_TIMUR_RAMP_B_ON_R077,CILEGON TIMUR,RAMP,B,ON,160.00,-6.02189693,106.09034845
27_CILEGON_TIMUR_RAMP_B_ON_R077,CILEGON TIMUR,RAMP,B,ON,165.00,-6.02186388,106.09037911
27_CILEGON_TIMUR_RAMP_B_ON_R077,CILEGON TIMUR,RAMP,B,ON,170.00,-6.02183083,106.09040977
27_CILEGON_TIMUR_RAMP_B_ON_R077,CILEGON TIMUR,RAMP,B,ON,175.00,-6.02179777,106.09044042
27_CILEGON_TIMUR_RAMP_B_ON_R077,CILEGON TIMUR,RAMP,B,ON,180.00,-6.02176471,106.09047107
27_CILEGON_TIMUR_RAMP_B_ON_R077,CILEGON TIMUR,RAMP,B,ON,185.00,-6.02173167,106.09050174
27_CILEGON_TIMUR_RAMP_B_ON_R077,CILEGON TIMUR,RAMP,B,ON,190.00,-6.02169863,106.09053241
27_CILEGON_TIMUR_RAMP_B_ON_R077,CILEGON TIMUR,RAMP,B,ON,195.00,-6.02166558,106.09056307
27_CILEGON_TIMUR_RAMP_B_ON_R077,CILEGON TIMUR,RAMP,B,ON,200.00,-6.02163254,106.09059374
27_CILEGON_TIMUR_RAMP_B_ON_R077,CILEGON TIMUR,RAMP,B,ON,205.00,-6.02159951,106.09062442
27_CILEGON_TIMUR_RAMP_B_ON_R077,CILEGON TIMUR,RAMP,B,ON,210.00,-6.02156647,106.09065509
27_CILEGON_TIMUR_RAMP_B_ON_R077,CILEGON TIMUR,RAMP,B,ON,215.00,-6.02153344,106.09068577
27_CILEGON_TIMUR_RAMP_B_ON_R077,CILEGON TIMUR,RAMP,B,ON,220.00,-6.02150040,106.09071644
27_CILEGON_TIMUR_RAMP_B_ON_R077,CILEGON TIMUR,RAMP,B,ON,225.00,-6.02146736,106.09074712
27_CILEGON_TIMUR_RAMP_B_ON_R077,CILEGON TIMUR,RAMP,B,ON,230.00,-6.02143433,106.09077779
27_CILEGON_TIMUR_RAMP_B_ON_R077,CILEGON TIMUR,RAMP,B,ON,235.00,-6.02140129,106.09080847
27_CILEGON_TIMUR_RAMP_B_ON_R077,CILEGON TIMUR,RAMP,B,ON,240.00,-6.02136825,106.09083914
27_CILEGON_TIMUR_RAMP_B_ON_R077,CILEGON TIMUR,RAMP,B,ON,245.00,-6.02133521,106.09086981
27_CILEGON_TIMUR_RAMP_B_ON_R077,CILEGON TIMUR,RAMP,B,ON,250.00,-6.02130217,106.09090047
27_CILEGON_TIMUR_RAMP_B_ON_R077,CILEGON TIMUR,RAMP,B,ON,255.00,-6.02126913,106.09093114
27_CILEGON_TIMUR_RAMP_B_ON_R077,CILEGON TIMUR,RAMP,B,ON,260.00,-6.02123609,106.09096181
27_CILEGON_TIMUR_RAMP_B_ON_R077,CILEGON TIMUR,RAMP,B,ON,265.00,-6.02120304,106.09099247
27_CILEGON_TIMUR_RAMP_B_ON_R077,CILEGON TIMUR,RAMP,B,ON,270.00,-6.02117000,106.09102314
27_CILEGON_TIMUR_RAMP_B_ON_R077,CILEGON TIMUR,RAMP,B,ON,275.00,-6.02113696,106.09105381
27_CILEGON_TIMUR_RAMP_B_ON_R077,CILEGON TIMUR,RAMP,B,ON,280.00,-6.02110392,106.09108448
27_CILEGON_TIMUR_RAMP_B_ON_R077,CILEGON TIMUR,RAMP,B,ON,285.00,-6.02107088,106.09111515
27_CILEGON_TIMUR_RAMP_B_ON_R077,CILEGON TIMUR,RAMP,B,ON,290.00,-6.02103785,106.09114583
27_CILEGON_TIMUR_RAMP_B_ON_R077,CILEGON TIMUR,RAMP,B,ON,295.00,-6.02100481,106.09117650
27_CILEGON_TIMUR_RAMP_B_ON_R077,CILEGON TIMUR,RAMP,B,ON,300.00,-6.02097178,106.09120718
27_CILEGON_TIMUR_RAMP_B_ON_R077,CILEGON TIMUR,RAMP,B,ON,305.00,-6.02093874,106.09123786
27_CILEGON_TIMUR_RAMP_B_ON_R077,CILEGON TIMUR,RAMP,B,ON,310.00,-6.02090571,106.09126853
27_CILEGON_TIMUR_RAMP_B_ON_R077,CILEGON TIMUR,RAMP,B,ON,315.00,-6.02087237,106.09129887
27_CILEGON_TIMUR_RAMP_B_ON_R077,CILEGON TIMUR,RAMP,B,ON,320.00,-6.02083896,106.09132913
27_CILEGON_TIMUR_RAMP_B_ON_R077,CILEGON TIMUR,RAMP,B,ON,325.00,-6.02080554,106.09135939
27_CILEGON_TIMUR_RAMP_B_ON_R077,CILEGON TIMUR,RAMP,B,ON,330.00,-6.02077213,106.09138965
27_CILEGON_TIMUR_RAMP_B_ON_R077,CILEGON TIMUR,RAMP,B,ON,335.00,-6.02074189,106.09142306
27_CILEGON_TIMUR_RAMP_B_ON_R077,CILEGON TIMUR,RAMP,B,ON,340.00,-6.02071221,106.09145703
27_CILEGON_TIMUR_RAMP_B_ON_R077,CILEGON TIMUR,RAMP,B,ON,345.00,-6.02068253,106.09149100
27_CILEGON_TIMUR_RAMP_B_ON_R077,CILEGON TIMUR,RAMP,B,ON,350.00,-6.02065286,106.09152497
27_CILEGON_TIMUR_RAMP_B_ON_R077,CILEGON TIMUR,RAMP,B,ON,355.00,-6.02062267,106.09155847
27_CILEGON_TIMUR_RAMP_B_ON_R077,CILEGON TIMUR,RAMP,B,ON,360.00,-6.02059201,106.09159154
27_CILEGON_TIMUR_RAMP_B_ON_R077,CILEGON TIMUR,RAMP,B,ON,365.00,-6.02056134,106.09162462
27_CILEGON_TIMUR_RAMP_B_ON_R077,CILEGON TIMUR,RAMP,B,ON,370.00,-6.02053068,106.09165769
27_CILEGON_TIMUR_RAMP_B_ON_R077,CILEGON TIMUR,RAMP,B,ON,375.00,-6.02050002,106.09169076
27_CILEGON_TIMUR_RAMP_B_ON_R077,CILEGON TIMUR,RAMP,B,ON,380.00,-6.02046935,106.09172383
27_CILEGON_TIMUR_RAMP_B_ON_R077,CILEGON TIMUR,RAMP,B,ON,385.00,-6.02044253,106.09175991
27_CILEGON_TIMUR_RAMP_B_ON_R077,CILEGON TIMUR,RAMP,B,ON,390.00,-6.02041805,106.09179784
27_CILEGON_TIMUR_RAMP_B_ON_R077,CILEGON TIMUR,RAMP,B,ON,395.00,-6.02039357,106.09183577
27_CILEGON_TIMUR_RAMP_B_ON_R077,CILEGON TIMUR,RAMP,B,ON,400.00,-6.02036909,106.09187370
27_CILEGON_TIMUR_RAMP_B_ON_R077,CILEGON TIMUR,RAMP,B,ON,405.00,-6.02034461,106.09191163
27_CILEGON_TIMUR_RAMP_B_ON_R077,CILEGON TIMUR,RAMP,B,ON,410.00,-6.02032014,106.09194956
27_CILEGON_TIMUR_RAMP_B_ON_R077,CILEGON TIMUR,RAMP,B,ON,415.00,-6.02029564,106.09198747
27_CILEGON_TIMUR_RAMP_B_ON_R077,CILEGON TIMUR,RAMP,B,ON,420.00,-6.02027618,106.09202774
27_CILEGON_TIMUR_RAMP_B_ON_R077,CILEGON TIMUR,RAMP,B,ON,425.00,-6.02026318,106.09207103
27_CILEGON_TIMUR_RAMP_B_ON_R077,CILEGON TIMUR,RAMP,B,ON,430.00,-6.02025018,106.09211431
27_CILEGON_TIMUR_RAMP_B_ON_R077,CILEGON TIMUR,RAMP,B,ON,435.00,-6.02023717,106.09215759
27_CILEGON_TIMUR_RAMP_B_ON_R077,CILEGON TIMUR,RAMP,B,ON,440.00,-6.02022415,106.09220087
27_CILEGON_TIMUR_RAMP_B_ON_R077,CILEGON TIMUR,RAMP,B,ON,445.00,-6.02021740,106.09224508
27_CILEGON_TIMUR_RAMP_B_ON_R077,CILEGON TIMUR,RAMP,B,ON,450.00,-6.02021740,106.09229030
27_CILEGON_TIMUR_RAMP_B_ON_R077,CILEGON TIMUR,RAMP,B,ON,455.00,-6.02021740,106.09233551
27_CILEGON_TIMUR_RAMP_B_ON_R077,CILEGON TIMUR,RAMP,B,ON,460.00,-6.02022098,106.09238056
27_CILEGON_TIMUR_RAMP_B_ON_R077,CILEGON TIMUR,RAMP,B,ON,465.00,-6.02022520,106.09242557
27_CILEGON_TIMUR_RAMP_B_ON_R077,CILEGON TIMUR,RAMP,B,ON,470.00,-6.02022941,106.09247059
27_CILEGON_TIMUR_RAMP_B_ON_R077,CILEGON TIMUR,RAMP,B,ON,475.00,-6.02024070,106.09251428
27_CILEGON_TIMUR_RAMP_B_ON_R077,CILEGON TIMUR,RAMP,B,ON,480.00,-6.02025292,106.09255779
27_CILEGON_TIMUR_RAMP_B_ON_R077,CILEGON TIMUR,RAMP,B,ON,485.00,-6.02026514,106.09260131
27_CILEGON_TIMUR_RAMP_B_ON_R077,CILEGON TIMUR,RAMP,B,ON,490.00,-6.02028331,106.09264240
27_CILEGON_TIMUR_RAMP_B_ON_R077,CILEGON TIMUR,RAMP,B,ON,495.00,-6.02030467,106.09268218
27_CILEGON_TIMUR_RAMP_B_ON_R077,CILEGON TIMUR,RAMP,B,ON,500.00,-6.02032603,106.09272197
27_CILEGON_TIMUR_RAMP_B_ON_R077,CILEGON TIMUR,RAMP,B,ON,505.00,-6.02035516,106.09275606
27_CILEGON_TIMUR_RAMP_B_ON_R077,CILEGON TIMUR,RAMP,B,ON,510.00,-6.02038629,106.09278870
27_CILEGON_TIMUR_RAMP_B_ON_R077,CILEGON TIMUR,RAMP,B,ON,515.00,-6.02041798,106.09282070
27_CILEGON_TIMUR_RAMP_B_ON_R077,CILEGON TIMUR,RAMP,B,ON,520.00,-6.02045305,106.09284901
27_CILEGON_TIMUR_RAMP_B_ON_R077,CILEGON TIMUR,RAMP,B,ON,525.00,-6.02048812,106.09287731
27_CILEGON_TIMUR_RAMP_B_ON_R077,CILEGON TIMUR,RAMP,B,ON,530.00,-6.02052318,106.09290562
27_CILEGON_TIMUR_RAMP_B_ON_R077,CILEGON TIMUR,RAMP,B,ON,535.00,-6.02055825,106.09293392
27_CILEGON_TIMUR_RAMP_B_ON_R077,CILEGON TIMUR,RAMP,B,ON,540.00,-6.02059411,106.09296120
27_CILEGON_TIMUR_RAMP_B_ON_R077,CILEGON TIMUR,RAMP,B,ON,545.00,-6.02062997,106.09298848
27_CILEGON_TIMUR_RAMP_B_ON_R077,CILEGON TIMUR,RAMP,B,ON,550.00,-6.02067047,106.09300735
27_CILEGON_TIMUR_RAMP_B_ON_R077,CILEGON TIMUR,RAMP,B,ON,555.00,-6.02071309,106.09302138
27_CILEGON_TIMUR_RAMP_B_ON_R077,CILEGON TIMUR,RAMP,B,ON,560.00,-6.02075711,106.09303058
27_CILEGON_TIMUR_RAMP_B_ON_R077,CILEGON TIMUR,RAMP,B,ON,565.00,-6.02080134,106.09303851
27_CILEGON_TIMUR_RAMP_B_ON_R077,CILEGON TIMUR,RAMP,B,ON,570.00,-6.02084597,106.09304403
27_CILEGON_TIMUR_RAMP_B_ON_R077,CILEGON TIMUR,RAMP,B,ON,575.00,-6.02089061,106.09304953
27_CILEGON_TIMUR_RAMP_B_ON_R077,CILEGON TIMUR,RAMP,B,ON,580.00,-6.02093524,106.09305501
27_CILEGON_TIMUR_RAMP_B_ON_R077,CILEGON TIMUR,RAMP,B,ON,585.00,-6.02097987,106.09306050
27_CILEGON_TIMUR_RAMP_B_ON_R077,CILEGON TIMUR,RAMP,B,ON,590.00,-6.02102451,106.09306599
27_CILEGON_TIMUR_RAMP_B_ON_R077,CILEGON TIMUR,RAMP,B,ON,595.00,-6.02106939,106.09306696
27_CILEGON_TIMUR_RAMP_B_ON_R077,CILEGON TIMUR,RAMP,B,ON,600.00,-6.02111436,106.09306648
27_CILEGON_TIMUR_RAMP_B_ON_R077,CILEGON TIMUR,RAMP,B,ON,605.00,-6.02115932,106.09306601
27_CILEGON_TIMUR_RAMP_B_ON_R077,CILEGON TIMUR,RAMP,B,ON,610.00,-6.02120428,106.09306553
27_CILEGON_TIMUR_RAMP_B_ON_R077,CILEGON TIMUR,RAMP,B,ON,615.00,-6.02124916,106.09306279
27_CILEGON_TIMUR_RAMP_B_ON_R077,CILEGON TIMUR,RAMP,B,ON,620.00,-6.02129404,106.09305989
27_CILEGON_TIMUR_RAMP_B_ON_R077,CILEGON TIMUR,RAMP,B,ON,625.00,-6.02133891,106.09305698
27_CILEGON_TIMUR_RAMP_B_ON_R077,CILEGON TIMUR,RAMP,B,ON,630.00,-6.02138380,106.09305450
27_CILEGON_TIMUR_RAMP_B_ON_R077,CILEGON TIMUR,RAMP,B,ON,635.00,-6.02142876,106.09305357
27_CILEGON_TIMUR_RAMP_B_ON_R077,CILEGON TIMUR,RAMP,B,ON,640.00,-6.02147371,106.09305264
27_CILEGON_TIMUR_RAMP_B_ON_R077,CILEGON TIMUR,RAMP,B,ON,645.00,-6.02151867,106.09305171
27_CILEGON_TIMUR_RAMP_B_ON_R077,CILEGON TIMUR,RAMP,B,ON,650.00,-6.02156362,106.09305158
27_CILEGON_TIMUR_RAMP_B_ON_R077,CILEGON TIMUR,RAMP,B,ON,655.00,-6.02160857,106.09305298
27_CILEGON_TIMUR_RAMP_B_ON_R077,CILEGON TIMUR,RAMP,B,ON,660.00,-6.02165351,106.09305437
27_CILEGON_TIMUR_RAMP_B_ON_R077,CILEGON TIMUR,RAMP,B,ON,665.00,-6.02169846,106.09305577
27_CILEGON_TIMUR_RAMP_B_ON_R077,CILEGON TIMUR,RAMP,B,ON,670.00,-6.02174320,106.09305952
27_CILEGON_TIMUR_RAMP_B_ON_R077,CILEGON TIMUR,RAMP,B,ON,675.00,-6.02178771,106.09306591
27_CILEGON_TIMUR_RAMP_B_ON_R077,CILEGON TIMUR,RAMP,B,ON,680.00,-6.02183223,106.09307229
27_CILEGON_TIMUR_RAMP_B_ON_R077,CILEGON TIMUR,RAMP,B,ON,685.00,-6.02187659,106.09307957
27_CILEGON_TIMUR_RAMP_B_ON_R077,CILEGON TIMUR,RAMP,B,ON,690.00,-6.02192070,106.09308836
27_CILEGON_TIMUR_RAMP_B_ON_R077,CILEGON TIMUR,RAMP,B,ON,695.00,-6.02196481,106.09309715
27_CILEGON_TIMUR_RAMP_B_ON_R077,CILEGON TIMUR,RAMP,B,ON,700.00,-6.02200892,106.09310594
27_CILEGON_TIMUR_RAMP_B_ON_R077,CILEGON TIMUR,RAMP,B,ON,705.00,-6.02205260,106.09311633
27_CILEGON_TIMUR_RAMP_B_ON_R077,CILEGON TIMUR,RAMP,B,ON,710.00,-6.02209509,106.09313112
27_CILEGON_TIMUR_RAMP_B_ON_R077,CILEGON TIMUR,RAMP,B,ON,715.00,-6.02213758,106.09314591
27_CILEGON_TIMUR_RAMP_B_ON_R077,CILEGON TIMUR,RAMP,B,ON,720.00,-6.02218008,106.09316069
27_CILEGON_TIMUR_RAMP_B_ON_R077,CILEGON TIMUR,RAMP,B,ON,725.00,-6.02222257,106.09317548
27_CILEGON_TIMUR_RAMP_B_ON_R077,CILEGON TIMUR,RAMP,B,ON,730.00,-6.02226314,106.09319488
27_CILEGON_TIMUR_RAMP_B_ON_R077,CILEGON TIMUR,RAMP,B,ON,735.00,-6.02230345,106.09321493
27_CILEGON_TIMUR_RAMP_B_ON_R077,CILEGON TIMUR,RAMP,B,ON,740.00,-6.02234375,106.09323498
27_CILEGON_TIMUR_RAMP_B_ON_R077,CILEGON TIMUR,RAMP,B,ON,745.00,-6.02238405,106.09325503
27_CILEGON_TIMUR_RAMP_B_ON_R077,CILEGON TIMUR,RAMP,B,ON,750.00,-6.02242281,106.09327794
27_CILEGON_TIMUR_RAMP_B_ON_R077,CILEGON TIMUR,RAMP,B,ON,755.00,-6.02246142,106.09330111
27_CILEGON_TIMUR_RAMP_B_ON_R077,CILEGON TIMUR,RAMP,B,ON,760.00,-6.02250004,106.09332428
27_CILEGON_TIMUR_RAMP_B_ON_R077,CILEGON TIMUR,RAMP,B,ON,765.00,-6.02253865,106.09334744
27_CILEGON_TIMUR_RAMP_B_ON_R077,CILEGON TIMUR,RAMP,B,ON,770.00,-6.02257727,106.09337061
27_CILEGON_TIMUR_RAMP_B_ON_R077,CILEGON TIMUR,RAMP,B,ON,775.00,-6.02261589,106.09339377
27_CILEGON_TIMUR_RAMP_B_ON_R077,CILEGON TIMUR,RAMP,B,ON,780.00,-6.02265450,106.09341694
27_CILEGON_TIMUR_RAMP_B_ON_R077,CILEGON TIMUR,RAMP,B,ON,785.00,-6.02268992,106.09344461
27_CILEGON_TIMUR_RAMP_B_ON_R077,CILEGON TIMUR,RAMP,B,ON,790.00,-6.02272429,106.09347377
27_CILEGON_TIMUR_RAMP_B_ON_R077,CILEGON TIMUR,RAMP,B,ON,795.00,-6.02275866,106.09350293
27_CILEGON_TIMUR_RAMP_B_ON_R077,CILEGON TIMUR,RAMP,B,ON,800.00,-6.02279302,106.09353209
27_CILEGON_TIMUR_RAMP_B_ON_R077,CILEGON TIMUR,RAMP,B,ON,805.00,-6.02282739,106.09356125
27_CILEGON_TIMUR_RAMP_B_ON_R077,CILEGON TIMUR,RAMP,B,ON,810.00,-6.02286175,106.09359041
27_CILEGON_TIMUR_RAMP_B_ON_R077,CILEGON TIMUR,RAMP,B,ON,815.00,-6.02289612,106.09361957
27_CILEGON_TIMUR_RAMP_B_ON_R077,CILEGON TIMUR,RAMP,B,ON,820.00,-6.02293003,106.09364926
27_CILEGON_TIMUR_RAMP_B_ON_R077,CILEGON TIMUR,RAMP,B,ON,825.00,-6.02296388,106.09367903
27_CILEGON_TIMUR_RAMP_B_ON_R077,CILEGON TIMUR,RAMP,B,ON,830.00,-6.02300235,106.09370133
27_CILEGON_TIMUR_RAMP_B_ON_R077,CILEGON TIMUR,RAMP,B,ON,835.00,-6.02304631,106.09370297
27_CILEGON_TIMUR_RAMP_B_ON_R077,CILEGON TIMUR,RAMP,B,ON,840.00,-6.02308990,106.09369189
27_CILEGON_TIMUR_RAMP_B_ON_R077,CILEGON TIMUR,RAMP,B,ON,845.00,-6.02312462,106.09371828
27_CILEGON_TIMUR_RAMP_B_ON_R077,CILEGON TIMUR,RAMP,B,ON,850.00,-6.02315855,106.09374795
27_CILEGON_TIMUR_RAMP_B_ON_R077,CILEGON TIMUR,RAMP,B,ON,855.00,-6.02319249,106.09377761
27_CILEGON_TIMUR_RAMP_B_ON_R077,CILEGON TIMUR,RAMP,B,ON,860.00,-6.02322643,106.09380727
27_CILEGON_TIMUR_RAMP_B_ON_R077,CILEGON TIMUR,RAMP,B,ON,865.00,-6.02326036,106.09383694
27_CILEGON_TIMUR_RAMP_B_ON_R077,CILEGON TIMUR,RAMP,B,ON,870.00,-6.02329430,106.09386660
27_CILEGON_TIMUR_RAMP_B_ON_R077,CILEGON TIMUR,RAMP,B,ON,875.00,-6.02332824,106.09389626
27_CILEGON_TIMUR_RAMP_B_ON_R077,CILEGON TIMUR,RAMP,B,ON,880.00,-6.02336218,106.09392593
27_CILEGON_TIMUR_RAMP_B_ON_R077,CILEGON TIMUR,RAMP,B,ON,885.00,-6.02339611,106.09395559
27_CILEGON_TIMUR_RAMP_B_ON_R077,CILEGON TIMUR,RAMP,B,ON,890.00,-6.02343005,106.09398525
27_CILEGON_TIMUR_RAMP_B_ON_R077,CILEGON TIMUR,RAMP,B,ON,895.00,-6.02346399,106.09401491
27_CILEGON_TIMUR_RAMP_B_ON_R077,CILEGON TIMUR,RAMP,B,ON,900.00,-6.02349793,106.09404458
27_CILEGON_TIMUR_RAMP_B_ON_R077,CILEGON TIMUR,RAMP,B,ON,905.00,-6.02353186,106.09407424
27_CILEGON_TIMUR_RAMP_B_ON_R077,CILEGON TIMUR,RAMP,B,ON,910.00,-6.02356580,106.09410390
27_CILEGON_TIMUR_RAMP_B_ON_R077,CILEGON TIMUR,RAMP,B,ON,915.00,-6.02359974,106.09413357
27_CILEGON_TIMUR_RAMP_B_ON_R077,CILEGON TIMUR,RAMP,B,ON,920.00,-6.02363367,106.09416323
27_CILEGON_TIMUR_RAMP_B_ON_R077,CILEGON TIMUR,RAMP,B,ON,925.00,-6.02366761,106.09419289
27_CILEGON_TIMUR_RAMP_B_ON_R077,CILEGON TIMUR,RAMP,B,ON,930.00,-6.02370155,106.09422256
27_CILEGON_TIMUR_RAMP_B_ON_R077,CILEGON TIMUR,RAMP,B,ON,935.00,-6.02373549,106.09425222
27_CILEGON_TIMUR_RAMP_B_ON_R077,CILEGON TIMUR,RAMP,B,ON,940.00,-6.02376942,106.09428188
27_CILEGON_TIMUR_RAMP_B_ON_R077,CILEGON TIMUR,RAMP,B,ON,945.00,-6.02380336,106.09431155
27_CILEGON_TIMUR_RAMP_B_ON_R077,CILEGON TIMUR,RAMP,B,ON,950.00,-6.02383730,106.09434121
27_CILEGON_TIMUR_RAMP_B_ON_R077,CILEGON TIMUR,RAMP,B,ON,951.53,-6.02384770,106.09435030
27_CILEGON_TIMUR_GATE_PLAZA_EXIT_R078,CILEGON TIMUR,GATE,PLAZA,EXIT,0.00,-6.02298590,106.08942270
27_CILEGON_TIMUR_GATE_PLAZA_EXIT_R078,CILEGON TIMUR,GATE,PLAZA,EXIT,5.00,-6.02301888,106.08939196
27_CILEGON_TIMUR_GATE_PLAZA_EXIT_R078,CILEGON TIMUR,GATE,PLAZA,EXIT,10.00,-6.02305185,106.08936122
27_CILEGON_TIMUR_GATE_PLAZA_EXIT_R078,CILEGON TIMUR,GATE,PLAZA,EXIT,15.00,-6.02308483,106.08933049
27_CILEGON_TIMUR_GATE_PLAZA_EXIT_R078,CILEGON TIMUR,GATE,PLAZA,EXIT,20.00,-6.02311776,106.08929970
27_CILEGON_TIMUR_GATE_PLAZA_EXIT_R078,CILEGON TIMUR,GATE,PLAZA,EXIT,25.00,-6.02315061,106.08926882
27_CILEGON_TIMUR_GATE_PLAZA_EXIT_R078,CILEGON TIMUR,GATE,PLAZA,EXIT,30.00,-6.02318347,106.08923795
27_CILEGON_TIMUR_GATE_PLAZA_EXIT_R078,CILEGON TIMUR,GATE,PLAZA,EXIT,35.00,-6.02321632,106.08920708
27_CILEGON_TIMUR_GATE_PLAZA_EXIT_R078,CILEGON TIMUR,GATE,PLAZA,EXIT,40.00,-6.02324917,106.08917620
27_CILEGON_TIMUR_GATE_PLAZA_EXIT_R078,CILEGON TIMUR,GATE,PLAZA,EXIT,45.00,-6.02328167,106.08914495
27_CILEGON_TIMUR_GATE_PLAZA_EXIT_R078,CILEGON TIMUR,GATE,PLAZA,EXIT,50.00,-6.02331369,106.08911321
27_CILEGON_TIMUR_GATE_PLAZA_EXIT_R078,CILEGON TIMUR,GATE,PLAZA,EXIT,55.00,-6.02334571,106.08908146
27_CILEGON_TIMUR_GATE_PLAZA_EXIT_R078,CILEGON TIMUR,GATE,PLAZA,EXIT,60.00,-6.02337773,106.08904972
27_CILEGON_TIMUR_GATE_PLAZA_EXIT_R078,CILEGON TIMUR,GATE,PLAZA,EXIT,65.00,-6.02340975,106.08901798
27_CILEGON_TIMUR_GATE_PLAZA_EXIT_R078,CILEGON TIMUR,GATE,PLAZA,EXIT,70.00,-6.02344177,106.08898623
27_CILEGON_TIMUR_GATE_PLAZA_EXIT_R078,CILEGON TIMUR,GATE,PLAZA,EXIT,75.00,-6.02347379,106.08895449
27_CILEGON_TIMUR_GATE_PLAZA_EXIT_R078,CILEGON TIMUR,GATE,PLAZA,EXIT,80.00,-6.02350581,106.08892274
27_CILEGON_TIMUR_GATE_PLAZA_EXIT_R078,CILEGON TIMUR,GATE,PLAZA,EXIT,85.00,-6.02353783,106.08889100
27_CILEGON_TIMUR_GATE_PLAZA_EXIT_R078,CILEGON TIMUR,GATE,PLAZA,EXIT,90.00,-6.02356985,106.08885925
27_CILEGON_TIMUR_GATE_PLAZA_EXIT_R078,CILEGON TIMUR,GATE,PLAZA,EXIT,95.00,-6.02360175,106.08882739
27_CILEGON_TIMUR_GATE_PLAZA_EXIT_R078,CILEGON TIMUR,GATE,PLAZA,EXIT,100.00,-6.02363337,106.08879524
27_CILEGON_TIMUR_GATE_PLAZA_EXIT_R078,CILEGON TIMUR,GATE,PLAZA,EXIT,105.00,-6.02366499,106.08876309
27_CILEGON_TIMUR_GATE_PLAZA_EXIT_R078,CILEGON TIMUR,GATE,PLAZA,EXIT,110.00,-6.02369661,106.08873094
27_CILEGON_TIMUR_GATE_PLAZA_EXIT_R078,CILEGON TIMUR,GATE,PLAZA,EXIT,115.00,-6.02372823,106.08869879
27_CILEGON_TIMUR_GATE_PLAZA_EXIT_R078,CILEGON TIMUR,GATE,PLAZA,EXIT,117.08,-6.02374140,106.08868540
27_CILEGON_TIMUR_GATE_PLAZA_ENTRANCE_R079,CILEGON TIMUR,GATE,PLAZA,ENTRANCE,0.00,-6.02366750,106.08863270
27_CILEGON_TIMUR_GATE_PLAZA_ENTRANCE_R079,CILEGON TIMUR,GATE,PLAZA,ENTRANCE,5.00,-6.02363589,106.08866485
27_CILEGON_TIMUR_GATE_PLAZA_ENTRANCE_R079,CILEGON TIMUR,GATE,PLAZA,ENTRANCE,10.00,-6.02360427,106.08869701
27_CILEGON_TIMUR_GATE_PLAZA_ENTRANCE_R079,CILEGON TIMUR,GATE,PLAZA,ENTRANCE,15.00,-6.02357266,106.08872916
27_CILEGON_TIMUR_GATE_PLAZA_ENTRANCE_R079,CILEGON TIMUR,GATE,PLAZA,ENTRANCE,20.00,-6.02354104,106.08876132
27_CILEGON_TIMUR_GATE_PLAZA_ENTRANCE_R079,CILEGON TIMUR,GATE,PLAZA,ENTRANCE,25.00,-6.02350926,106.08879330
27_CILEGON_TIMUR_GATE_PLAZA_ENTRANCE_R079,CILEGON TIMUR,GATE,PLAZA,ENTRANCE,30.00,-6.02347718,106.08882499
27_CILEGON_TIMUR_GATE_PLAZA_ENTRANCE_R079,CILEGON TIMUR,GATE,PLAZA,ENTRANCE,35.00,-6.02344511,106.08885668
27_CILEGON_TIMUR_GATE_PLAZA_ENTRANCE_R079,CILEGON TIMUR,GATE,PLAZA,ENTRANCE,40.00,-6.02341303,106.08888836
27_CILEGON_TIMUR_GATE_PLAZA_ENTRANCE_R079,CILEGON TIMUR,GATE,PLAZA,ENTRANCE,45.00,-6.02338096,106.08892005
27_CILEGON_TIMUR_GATE_PLAZA_ENTRANCE_R079,CILEGON TIMUR,GATE,PLAZA,ENTRANCE,50.00,-6.02334888,106.08895174
27_CILEGON_TIMUR_GATE_PLAZA_ENTRANCE_R079,CILEGON TIMUR,GATE,PLAZA,ENTRANCE,55.00,-6.02331681,106.08898343
27_CILEGON_TIMUR_GATE_PLAZA_ENTRANCE_R079,CILEGON TIMUR,GATE,PLAZA,ENTRANCE,60.00,-6.02328473,106.08901512
27_CILEGON_TIMUR_GATE_PLAZA_ENTRANCE_R079,CILEGON TIMUR,GATE,PLAZA,ENTRANCE,65.00,-6.02325265,106.08904681
27_CILEGON_TIMUR_GATE_PLAZA_ENTRANCE_R079,CILEGON TIMUR,GATE,PLAZA,ENTRANCE,70.00,-6.02322058,106.08907849
27_CILEGON_TIMUR_GATE_PLAZA_ENTRANCE_R079,CILEGON TIMUR,GATE,PLAZA,ENTRANCE,75.00,-6.02318808,106.08910974
27_CILEGON_TIMUR_GATE_PLAZA_ENTRANCE_R079,CILEGON TIMUR,GATE,PLAZA,ENTRANCE,80.00,-6.02315525,106.08914064
27_CILEGON_TIMUR_GATE_PLAZA_ENTRANCE_R079,CILEGON TIMUR,GATE,PLAZA,ENTRANCE,85.00,-6.02312242,106.08917153
27_CILEGON_TIMUR_GATE_PLAZA_ENTRANCE_R079,CILEGON TIMUR,GATE,PLAZA,ENTRANCE,90.00,-6.02308958,106.08920242
27_CILEGON_TIMUR_GATE_PLAZA_ENTRANCE_R079,CILEGON TIMUR,GATE,PLAZA,ENTRANCE,95.00,-6.02305675,106.08923332
27_CILEGON_TIMUR_GATE_PLAZA_ENTRANCE_R079,CILEGON TIMUR,GATE,PLAZA,ENTRANCE,100.00,-6.02302381,106.08926410
27_CILEGON_TIMUR_GATE_PLAZA_ENTRANCE_R079,CILEGON TIMUR,GATE,PLAZA,ENTRANCE,105.00,-6.02299081,106.08929481
27_CILEGON_TIMUR_GATE_PLAZA_ENTRANCE_R079,CILEGON TIMUR,GATE,PLAZA,ENTRANCE,110.00,-6.02295780,106.08932552
27_CILEGON_TIMUR_GATE_PLAZA_ENTRANCE_R079,CILEGON TIMUR,GATE,PLAZA,ENTRANCE,113.53,-6.02293450,106.08934720
27_CILEGON_TIMUR_ACCESS_EXIT_R080,CILEGON TIMUR,ACCESS,-,EXIT,0.00,-6.02374140,106.08868540
27_CILEGON_TIMUR_ACCESS_EXIT_R080,CILEGON TIMUR,ACCESS,-,EXIT,5.00,-6.02377302,106.08865326
27_CILEGON_TIMUR_ACCESS_EXIT_R080,CILEGON TIMUR,ACCESS,-,EXIT,10.00,-6.02380465,106.08862111
27_CILEGON_TIMUR_ACCESS_EXIT_R080,CILEGON TIMUR,ACCESS,-,EXIT,15.00,-6.02383343,106.08858658
27_CILEGON_TIMUR_ACCESS_EXIT_R080,CILEGON TIMUR,ACCESS,-,EXIT,20.00,-6.02385932,106.08854961
27_CILEGON_TIMUR_ACCESS_EXIT_R080,CILEGON TIMUR,ACCESS,-,EXIT,25.00,-6.02388521,106.08851264
27_CILEGON_TIMUR_ACCESS_EXIT_R080,CILEGON TIMUR,ACCESS,-,EXIT,30.00,-6.02391110,106.08847567
27_CILEGON_TIMUR_ACCESS_EXIT_R080,CILEGON TIMUR,ACCESS,-,EXIT,35.00,-6.02393699,106.08843870
27_CILEGON_TIMUR_ACCESS_EXIT_R080,CILEGON TIMUR,ACCESS,-,EXIT,40.00,-6.02395877,106.08839918
27_CILEGON_TIMUR_ACCESS_EXIT_R080,CILEGON TIMUR,ACCESS,-,EXIT,45.00,-6.02397694,106.08835788
27_CILEGON_TIMUR_ACCESS_EXIT_R080,CILEGON TIMUR,ACCESS,-,EXIT,50.00,-6.02399382,106.08831597
27_CILEGON_TIMUR_ACCESS_EXIT_R080,CILEGON TIMUR,ACCESS,-,EXIT,55.00,-6.02401069,106.08827406
27_CILEGON_TIMUR_ACCESS_EXIT_R080,CILEGON TIMUR,ACCESS,-,EXIT,60.00,-6.02402756,106.08823215
27_CILEGON_TIMUR_ACCESS_EXIT_R080,CILEGON TIMUR,ACCESS,-,EXIT,65.00,-6.02404444,106.08819024
27_CILEGON_TIMUR_ACCESS_EXIT_R080,CILEGON TIMUR,ACCESS,-,EXIT,70.00,-6.02406131,106.08814833
27_CILEGON_TIMUR_ACCESS_EXIT_R080,CILEGON TIMUR,ACCESS,-,EXIT,75.00,-6.02407819,106.08810641
27_CILEGON_TIMUR_ACCESS_EXIT_R080,CILEGON TIMUR,ACCESS,-,EXIT,80.00,-6.02409506,106.08806450
27_CILEGON_TIMUR_ACCESS_EXIT_R080,CILEGON TIMUR,ACCESS,-,EXIT,85.00,-6.02411193,106.08802259
27_CILEGON_TIMUR_ACCESS_EXIT_R080,CILEGON TIMUR,ACCESS,-,EXIT,90.00,-6.02412881,106.08798068
27_CILEGON_TIMUR_ACCESS_EXIT_R080,CILEGON TIMUR,ACCESS,-,EXIT,95.00,-6.02414568,106.08793877
27_CILEGON_TIMUR_ACCESS_EXIT_R080,CILEGON TIMUR,ACCESS,-,EXIT,100.00,-6.02416256,106.08789686
27_CILEGON_TIMUR_ACCESS_EXIT_R080,CILEGON TIMUR,ACCESS,-,EXIT,105.00,-6.02417943,106.08785495
27_CILEGON_TIMUR_ACCESS_EXIT_R080,CILEGON TIMUR,ACCESS,-,EXIT,110.00,-6.02419630,106.08781303
27_CILEGON_TIMUR_ACCESS_EXIT_R080,CILEGON TIMUR,ACCESS,-,EXIT,115.00,-6.02421318,106.08777112
27_CILEGON_TIMUR_ACCESS_EXIT_R080,CILEGON TIMUR,ACCESS,-,EXIT,120.00,-6.02422931,106.08772892
27_CILEGON_TIMUR_ACCESS_EXIT_R080,CILEGON TIMUR,ACCESS,-,EXIT,125.00,-6.02424469,106.08768644
27_CILEGON_TIMUR_ACCESS_EXIT_R080,CILEGON TIMUR,ACCESS,-,EXIT,130.00,-6.02426008,106.08764395
27_CILEGON_TIMUR_ACCESS_EXIT_R080,CILEGON TIMUR,ACCESS,-,EXIT,135.00,-6.02427546,106.08760146
27_CILEGON_TIMUR_ACCESS_EXIT_R080,CILEGON TIMUR,ACCESS,-,EXIT,140.00,-6.02429085,106.08755898
27_CILEGON_TIMUR_ACCESS_EXIT_R080,CILEGON TIMUR,ACCESS,-,EXIT,145.00,-6.02430624,106.08751649
27_CILEGON_TIMUR_ACCESS_EXIT_R080,CILEGON TIMUR,ACCESS,-,EXIT,150.00,-6.02432162,106.08747400
27_CILEGON_TIMUR_ACCESS_EXIT_R080,CILEGON TIMUR,ACCESS,-,EXIT,155.00,-6.02433701,106.08743152
27_CILEGON_TIMUR_ACCESS_EXIT_R080,CILEGON TIMUR,ACCESS,-,EXIT,160.00,-6.02435235,106.08738902
27_CILEGON_TIMUR_ACCESS_EXIT_R080,CILEGON TIMUR,ACCESS,-,EXIT,165.00,-6.02436767,106.08734650
27_CILEGON_TIMUR_ACCESS_EXIT_R080,CILEGON TIMUR,ACCESS,-,EXIT,170.00,-6.02438298,106.08730399
27_CILEGON_TIMUR_ACCESS_EXIT_R080,CILEGON TIMUR,ACCESS,-,EXIT,175.00,-6.02439829,106.08726148
27_CILEGON_TIMUR_ACCESS_EXIT_R080,CILEGON TIMUR,ACCESS,-,EXIT,180.00,-6.02441361,106.08721896
27_CILEGON_TIMUR_ACCESS_EXIT_R080,CILEGON TIMUR,ACCESS,-,EXIT,185.00,-6.02442892,106.08717645
27_CILEGON_TIMUR_ACCESS_EXIT_R080,CILEGON TIMUR,ACCESS,-,EXIT,190.00,-6.02444424,106.08713394
27_CILEGON_TIMUR_ACCESS_EXIT_R080,CILEGON TIMUR,ACCESS,-,EXIT,195.00,-6.02445955,106.08709143
27_CILEGON_TIMUR_ACCESS_EXIT_R080,CILEGON TIMUR,ACCESS,-,EXIT,200.00,-6.02447486,106.08704891
27_CILEGON_TIMUR_ACCESS_EXIT_R080,CILEGON TIMUR,ACCESS,-,EXIT,205.00,-6.02449018,106.08700640
27_CILEGON_TIMUR_ACCESS_EXIT_R080,CILEGON TIMUR,ACCESS,-,EXIT,210.00,-6.02450642,106.08696424
27_CILEGON_TIMUR_ACCESS_EXIT_R080,CILEGON TIMUR,ACCESS,-,EXIT,215.00,-6.02452293,106.08692218
27_CILEGON_TIMUR_ACCESS_EXIT_R080,CILEGON TIMUR,ACCESS,-,EXIT,220.00,-6.02453944,106.08688013
27_CILEGON_TIMUR_ACCESS_EXIT_R080,CILEGON TIMUR,ACCESS,-,EXIT,225.00,-6.02455595,106.08683807
27_CILEGON_TIMUR_ACCESS_EXIT_R080,CILEGON TIMUR,ACCESS,-,EXIT,230.00,-6.02457246,106.08679601
27_CILEGON_TIMUR_ACCESS_EXIT_R080,CILEGON TIMUR,ACCESS,-,EXIT,235.00,-6.02458897,106.08675395
27_CILEGON_TIMUR_ACCESS_EXIT_R080,CILEGON TIMUR,ACCESS,-,EXIT,240.00,-6.02460548,106.08671190
27_CILEGON_TIMUR_ACCESS_EXIT_R080,CILEGON TIMUR,ACCESS,-,EXIT,245.00,-6.02462199,106.08666984
27_CILEGON_TIMUR_ACCESS_EXIT_R080,CILEGON TIMUR,ACCESS,-,EXIT,250.00,-6.02463850,106.08662778
27_CILEGON_TIMUR_ACCESS_EXIT_R080,CILEGON TIMUR,ACCESS,-,EXIT,255.00,-6.02465501,106.08658572
27_CILEGON_TIMUR_ACCESS_EXIT_R080,CILEGON TIMUR,ACCESS,-,EXIT,260.00,-6.02467152,106.08654366
27_CILEGON_TIMUR_ACCESS_EXIT_R080,CILEGON TIMUR,ACCESS,-,EXIT,265.00,-6.02468803,106.08650161
27_CILEGON_TIMUR_ACCESS_EXIT_R080,CILEGON TIMUR,ACCESS,-,EXIT,270.00,-6.02470454,106.08645955
27_CILEGON_TIMUR_ACCESS_EXIT_R080,CILEGON TIMUR,ACCESS,-,EXIT,275.00,-6.02472105,106.08641749
27_CILEGON_TIMUR_ACCESS_EXIT_R080,CILEGON TIMUR,ACCESS,-,EXIT,280.00,-6.02473756,106.08637543
27_CILEGON_TIMUR_ACCESS_EXIT_R080,CILEGON TIMUR,ACCESS,-,EXIT,285.00,-6.02475838,106.08633537
27_CILEGON_TIMUR_ACCESS_EXIT_R080,CILEGON TIMUR,ACCESS,-,EXIT,290.00,-6.02477945,106.08629543
27_CILEGON_TIMUR_ACCESS_EXIT_R080,CILEGON TIMUR,ACCESS,-,EXIT,295.00,-6.02480052,106.08625548
27_CILEGON_TIMUR_ACCESS_EXIT_R080,CILEGON TIMUR,ACCESS,-,EXIT,300.00,-6.02482254,106.08621610
27_CILEGON_TIMUR_ACCESS_EXIT_R080,CILEGON TIMUR,ACCESS,-,EXIT,305.00,-6.02484710,106.08617823
27_CILEGON_TIMUR_ACCESS_EXIT_R080,CILEGON TIMUR,ACCESS,-,EXIT,310.00,-6.02487166,106.08614035
27_CILEGON_TIMUR_ACCESS_EXIT_R080,CILEGON TIMUR,ACCESS,-,EXIT,315.00,-6.02489622,106.08610248
27_CILEGON_TIMUR_ACCESS_EXIT_R080,CILEGON TIMUR,ACCESS,-,EXIT,320.00,-6.02492290,106.08606614
27_CILEGON_TIMUR_ACCESS_EXIT_R080,CILEGON TIMUR,ACCESS,-,EXIT,325.00,-6.02495097,106.08603082
27_CILEGON_TIMUR_ACCESS_EXIT_R080,CILEGON TIMUR,ACCESS,-,EXIT,330.00,-6.02497905,106.08599550
27_CILEGON_TIMUR_ACCESS_EXIT_R080,CILEGON TIMUR,ACCESS,-,EXIT,335.00,-6.02500879,106.08596160
27_CILEGON_TIMUR_ACCESS_EXIT_R080,CILEGON TIMUR,ACCESS,-,EXIT,340.00,-6.02503901,106.08592812
27_CILEGON_TIMUR_ACCESS_EXIT_R080,CILEGON TIMUR,ACCESS,-,EXIT,345.00,-6.02506915,106.08589457
27_CILEGON_TIMUR_ACCESS_EXIT_R080,CILEGON TIMUR,ACCESS,-,EXIT,350.00,-6.02509929,106.08586101
27_CILEGON_TIMUR_ACCESS_EXIT_R080,CILEGON TIMUR,ACCESS,-,EXIT,355.00,-6.02512943,106.08582746
27_CILEGON_TIMUR_ACCESS_EXIT_R080,CILEGON TIMUR,ACCESS,-,EXIT,360.00,-6.02516179,106.08579612
27_CILEGON_TIMUR_ACCESS_EXIT_R080,CILEGON TIMUR,ACCESS,-,EXIT,365.00,-6.02519349,106.08576430
27_CILEGON_TIMUR_ACCESS_EXIT_R080,CILEGON TIMUR,ACCESS,-,EXIT,370.00,-6.02521898,106.08572705
27_CILEGON_TIMUR_ACCESS_EXIT_R080,CILEGON TIMUR,ACCESS,-,EXIT,375.00,-6.02524665,106.08569245
27_CILEGON_TIMUR_ACCESS_EXIT_R080,CILEGON TIMUR,ACCESS,-,EXIT,380.00,-6.02528718,106.08567300
27_CILEGON_TIMUR_ACCESS_EXIT_R080,CILEGON TIMUR,ACCESS,-,EXIT,385.00,-6.02532676,106.08565167
27_CILEGON_TIMUR_ACCESS_EXIT_R080,CILEGON TIMUR,ACCESS,-,EXIT,390.00,-6.02536776,106.08563311
27_CILEGON_TIMUR_ACCESS_EXIT_R080,CILEGON TIMUR,ACCESS,-,EXIT,395.00,-6.02540877,106.08561455
27_CILEGON_TIMUR_ACCESS_EXIT_R080,CILEGON TIMUR,ACCESS,-,EXIT,400.00,-6.02545049,106.08559783
27_CILEGON_TIMUR_ACCESS_EXIT_R080,CILEGON TIMUR,ACCESS,-,EXIT,405.00,-6.02549308,106.08558333
27_CILEGON_TIMUR_ACCESS_EXIT_R080,CILEGON TIMUR,ACCESS,-,EXIT,410.00,-6.02553567,106.08556882
27_CILEGON_TIMUR_ACCESS_EXIT_R080,CILEGON TIMUR,ACCESS,-,EXIT,415.00,-6.02557949,106.08555913
27_CILEGON_TIMUR_ACCESS_EXIT_R080,CILEGON TIMUR,ACCESS,-,EXIT,420.00,-6.02562374,106.08555111
27_CILEGON_TIMUR_ACCESS_EXIT_R080,CILEGON TIMUR,ACCESS,-,EXIT,425.00,-6.02566800,106.08554308
27_CILEGON_TIMUR_ACCESS_EXIT_R080,CILEGON TIMUR,ACCESS,-,EXIT,430.00,-6.02571241,106.08553613
27_CILEGON_TIMUR_ACCESS_EXIT_R080,CILEGON TIMUR,ACCESS,-,EXIT,435.00,-6.02575709,106.08553104
27_CILEGON_TIMUR_ACCESS_EXIT_R080,CILEGON TIMUR,ACCESS,-,EXIT,440.00,-6.02580177,106.08552594
27_CILEGON_TIMUR_ACCESS_EXIT_R080,CILEGON TIMUR,ACCESS,-,EXIT,445.00,-6.02584645,106.08552085
27_CILEGON_TIMUR_ACCESS_EXIT_R080,CILEGON TIMUR,ACCESS,-,EXIT,450.00,-6.02589112,106.08551575
27_CILEGON_TIMUR_ACCESS_EXIT_R080,CILEGON TIMUR,ACCESS,-,EXIT,455.00,-6.02593580,106.08551066
27_CILEGON_TIMUR_ACCESS_EXIT_R080,CILEGON TIMUR,ACCESS,-,EXIT,460.00,-6.02598048,106.08550557
27_CILEGON_TIMUR_ACCESS_EXIT_R080,CILEGON TIMUR,ACCESS,-,EXIT,465.00,-6.02602516,106.08550047
27_CILEGON_TIMUR_ACCESS_EXIT_R080,CILEGON TIMUR,ACCESS,-,EXIT,470.00,-6.02606984,106.08549538
27_CILEGON_TIMUR_ACCESS_EXIT_R080,CILEGON TIMUR,ACCESS,-,EXIT,475.00,-6.02611452,106.08549028
27_CILEGON_TIMUR_ACCESS_EXIT_R080,CILEGON TIMUR,ACCESS,-,EXIT,480.00,-6.02615920,106.08548519
27_CILEGON_TIMUR_ACCESS_EXIT_R080,CILEGON TIMUR,ACCESS,-,EXIT,485.00,-6.02620388,106.08548010
27_CILEGON_TIMUR_ACCESS_EXIT_R080,CILEGON TIMUR,ACCESS,-,EXIT,490.00,-6.02624856,106.08547500
27_CILEGON_TIMUR_ACCESS_EXIT_R080,CILEGON TIMUR,ACCESS,-,EXIT,495.00,-6.02629339,106.08547174
27_CILEGON_TIMUR_ACCESS_EXIT_R080,CILEGON TIMUR,ACCESS,-,EXIT,500.00,-6.02633831,106.08546976
27_CILEGON_TIMUR_ACCESS_EXIT_R080,CILEGON TIMUR,ACCESS,-,EXIT,505.00,-6.02638323,106.08546778
27_CILEGON_TIMUR_ACCESS_EXIT_R080,CILEGON TIMUR,ACCESS,-,EXIT,510.00,-6.02642815,106.08546580
27_CILEGON_TIMUR_ACCESS_EXIT_R080,CILEGON TIMUR,ACCESS,-,EXIT,515.00,-6.02647308,106.08546382
27_CILEGON_TIMUR_ACCESS_EXIT_R080,CILEGON TIMUR,ACCESS,-,EXIT,520.00,-6.02651800,106.08546184
27_CILEGON_TIMUR_ACCESS_EXIT_R080,CILEGON TIMUR,ACCESS,-,EXIT,525.00,-6.02656292,106.08545986
27_CILEGON_TIMUR_ACCESS_EXIT_R080,CILEGON TIMUR,ACCESS,-,EXIT,530.00,-6.02660785,106.08545789
27_CILEGON_TIMUR_ACCESS_EXIT_R080,CILEGON TIMUR,ACCESS,-,EXIT,535.00,-6.02665277,106.08545591
27_CILEGON_TIMUR_ACCESS_EXIT_R080,CILEGON TIMUR,ACCESS,-,EXIT,540.00,-6.02669769,106.08545393
27_CILEGON_TIMUR_ACCESS_EXIT_R080,CILEGON TIMUR,ACCESS,-,EXIT,545.00,-6.02674262,106.08545195
27_CILEGON_TIMUR_ACCESS_EXIT_R080,CILEGON TIMUR,ACCESS,-,EXIT,550.00,-6.02678754,106.08544996
27_CILEGON_TIMUR_ACCESS_EXIT_R080,CILEGON TIMUR,ACCESS,-,EXIT,555.00,-6.02683246,106.08544797
27_CILEGON_TIMUR_ACCESS_EXIT_R080,CILEGON TIMUR,ACCESS,-,EXIT,560.00,-6.02687738,106.08544598
27_CILEGON_TIMUR_ACCESS_EXIT_R080,CILEGON TIMUR,ACCESS,-,EXIT,565.00,-6.02692231,106.08544399
27_CILEGON_TIMUR_ACCESS_EXIT_R080,CILEGON TIMUR,ACCESS,-,EXIT,570.00,-6.02696723,106.08544200
27_CILEGON_TIMUR_ACCESS_EXIT_R080,CILEGON TIMUR,ACCESS,-,EXIT,575.00,-6.02701215,106.08544001
27_CILEGON_TIMUR_ACCESS_EXIT_R080,CILEGON TIMUR,ACCESS,-,EXIT,580.00,-6.02705707,106.08543802
27_CILEGON_TIMUR_ACCESS_EXIT_R080,CILEGON TIMUR,ACCESS,-,EXIT,585.00,-6.02710200,106.08543603
27_CILEGON_TIMUR_ACCESS_EXIT_R080,CILEGON TIMUR,ACCESS,-,EXIT,590.00,-6.02714692,106.08543404
27_CILEGON_TIMUR_ACCESS_EXIT_R080,CILEGON TIMUR,ACCESS,-,EXIT,595.00,-6.02719184,106.08543205
27_CILEGON_TIMUR_ACCESS_EXIT_R080,CILEGON TIMUR,ACCESS,-,EXIT,600.00,-6.02723676,106.08543007
27_CILEGON_TIMUR_ACCESS_EXIT_R080,CILEGON TIMUR,ACCESS,-,EXIT,605.00,-6.02728169,106.08542808
27_CILEGON_TIMUR_ACCESS_EXIT_R080,CILEGON TIMUR,ACCESS,-,EXIT,610.00,-6.02732661,106.08542609
27_CILEGON_TIMUR_ACCESS_EXIT_R080,CILEGON TIMUR,ACCESS,-,EXIT,615.00,-6.02737153,106.08542410
27_CILEGON_TIMUR_ACCESS_EXIT_R080,CILEGON TIMUR,ACCESS,-,EXIT,620.00,-6.02741645,106.08542211
27_CILEGON_TIMUR_ACCESS_EXIT_R080,CILEGON TIMUR,ACCESS,-,EXIT,625.00,-6.02746138,106.08542012
27_CILEGON_TIMUR_ACCESS_EXIT_R080,CILEGON TIMUR,ACCESS,-,EXIT,630.00,-6.02750630,106.08541813
27_CILEGON_TIMUR_ACCESS_EXIT_R080,CILEGON TIMUR,ACCESS,-,EXIT,635.00,-6.02755122,106.08541614
27_CILEGON_TIMUR_ACCESS_EXIT_R080,CILEGON TIMUR,ACCESS,-,EXIT,640.00,-6.02759609,106.08541334
27_CILEGON_TIMUR_ACCESS_EXIT_R080,CILEGON TIMUR,ACCESS,-,EXIT,645.00,-6.02764097,106.08541062
27_CILEGON_TIMUR_ACCESS_EXIT_R080,CILEGON TIMUR,ACCESS,-,EXIT,650.00,-6.02768586,106.08540790
27_CILEGON_TIMUR_ACCESS_EXIT_R080,CILEGON TIMUR,ACCESS,-,EXIT,655.00,-6.02773074,106.08540519
27_CILEGON_TIMUR_ACCESS_EXIT_R080,CILEGON TIMUR,ACCESS,-,EXIT,660.00,-6.02777565,106.08540297
27_CILEGON_TIMUR_ACCESS_EXIT_R080,CILEGON TIMUR,ACCESS,-,EXIT,665.00,-6.02782057,106.08540082
27_CILEGON_TIMUR_ACCESS_EXIT_R080,CILEGON TIMUR,ACCESS,-,EXIT,670.00,-6.02786548,106.08539866
27_CILEGON_TIMUR_ACCESS_EXIT_R080,CILEGON TIMUR,ACCESS,-,EXIT,675.00,-6.02791040,106.08539650
27_CILEGON_TIMUR_ACCESS_EXIT_R080,CILEGON TIMUR,ACCESS,-,EXIT,680.00,-6.02795531,106.08539435
27_CILEGON_TIMUR_ACCESS_EXIT_R080,CILEGON TIMUR,ACCESS,-,EXIT,685.00,-6.02800023,106.08539219
27_CILEGON_TIMUR_ACCESS_EXIT_R080,CILEGON TIMUR,ACCESS,-,EXIT,690.00,-6.02804514,106.08539004
27_CILEGON_TIMUR_ACCESS_EXIT_R080,CILEGON TIMUR,ACCESS,-,EXIT,695.00,-6.02809006,106.08538788
27_CILEGON_TIMUR_ACCESS_EXIT_R080,CILEGON TIMUR,ACCESS,-,EXIT,700.00,-6.02813497,106.08538573
27_CILEGON_TIMUR_ACCESS_EXIT_R080,CILEGON TIMUR,ACCESS,-,EXIT,705.00,-6.02817989,106.08538357
27_CILEGON_TIMUR_ACCESS_EXIT_R080,CILEGON TIMUR,ACCESS,-,EXIT,710.00,-6.02822480,106.08538141
27_CILEGON_TIMUR_ACCESS_EXIT_R080,CILEGON TIMUR,ACCESS,-,EXIT,715.00,-6.02826972,106.08537926
27_CILEGON_TIMUR_ACCESS_EXIT_R080,CILEGON TIMUR,ACCESS,-,EXIT,720.00,-6.02831463,106.08537710
27_CILEGON_TIMUR_ACCESS_EXIT_R080,CILEGON TIMUR,ACCESS,-,EXIT,725.00,-6.02835955,106.08537495
27_CILEGON_TIMUR_ACCESS_EXIT_R080,CILEGON TIMUR,ACCESS,-,EXIT,730.00,-6.02840446,106.08537279
27_CILEGON_TIMUR_ACCESS_EXIT_R080,CILEGON TIMUR,ACCESS,-,EXIT,735.00,-6.02844938,106.08537063
27_CILEGON_TIMUR_ACCESS_EXIT_R080,CILEGON TIMUR,ACCESS,-,EXIT,740.00,-6.02849429,106.08536848
27_CILEGON_TIMUR_ACCESS_EXIT_R080,CILEGON TIMUR,ACCESS,-,EXIT,745.00,-6.02853921,106.08536632
27_CILEGON_TIMUR_ACCESS_EXIT_R080,CILEGON TIMUR,ACCESS,-,EXIT,750.00,-6.02858416,106.08536531
27_CILEGON_TIMUR_ACCESS_EXIT_R080,CILEGON TIMUR,ACCESS,-,EXIT,755.00,-6.02862912,106.08536458
27_CILEGON_TIMUR_ACCESS_EXIT_R080,CILEGON TIMUR,ACCESS,-,EXIT,760.00,-6.02867408,106.08536382
27_CILEGON_TIMUR_ACCESS_EXIT_R080,CILEGON TIMUR,ACCESS,-,EXIT,765.00,-6.02871904,106.08536305
27_CILEGON_TIMUR_ACCESS_EXIT_R080,CILEGON TIMUR,ACCESS,-,EXIT,770.00,-6.02876400,106.08536231
27_CILEGON_TIMUR_ACCESS_EXIT_R080,CILEGON TIMUR,ACCESS,-,EXIT,775.00,-6.02880896,106.08536158
27_CILEGON_TIMUR_ACCESS_EXIT_R080,CILEGON TIMUR,ACCESS,-,EXIT,780.00,-6.02885392,106.08536083
27_CILEGON_TIMUR_ACCESS_EXIT_R080,CILEGON TIMUR,ACCESS,-,EXIT,785.00,-6.02889888,106.08536008
27_CILEGON_TIMUR_ACCESS_EXIT_R080,CILEGON TIMUR,ACCESS,-,EXIT,790.00,-6.02894384,106.08535933
27_CILEGON_TIMUR_ACCESS_EXIT_R080,CILEGON TIMUR,ACCESS,-,EXIT,795.00,-6.02898880,106.08535857
27_CILEGON_TIMUR_ACCESS_EXIT_R080,CILEGON TIMUR,ACCESS,-,EXIT,800.00,-6.02903376,106.08535782
27_CILEGON_TIMUR_ACCESS_EXIT_R080,CILEGON TIMUR,ACCESS,-,EXIT,805.00,-6.02907872,106.08535707
27_CILEGON_TIMUR_ACCESS_EXIT_R080,CILEGON TIMUR,ACCESS,-,EXIT,810.00,-6.02912368,106.08535648
27_CILEGON_TIMUR_ACCESS_EXIT_R080,CILEGON TIMUR,ACCESS,-,EXIT,815.00,-6.02916864,106.08535590
27_CILEGON_TIMUR_ACCESS_EXIT_R080,CILEGON TIMUR,ACCESS,-,EXIT,820.00,-6.02921361,106.08535532
27_CILEGON_TIMUR_ACCESS_EXIT_R080,CILEGON TIMUR,ACCESS,-,EXIT,825.00,-6.02925857,106.08535474
27_CILEGON_TIMUR_ACCESS_EXIT_R080,CILEGON TIMUR,ACCESS,-,EXIT,830.00,-6.02930353,106.08535416
27_CILEGON_TIMUR_ACCESS_EXIT_R080,CILEGON TIMUR,ACCESS,-,EXIT,835.00,-6.02934849,106.08535358
27_CILEGON_TIMUR_ACCESS_EXIT_R080,CILEGON TIMUR,ACCESS,-,EXIT,840.00,-6.02939346,106.08535300
27_CILEGON_TIMUR_ACCESS_EXIT_R080,CILEGON TIMUR,ACCESS,-,EXIT,845.00,-6.02943842,106.08535242
27_CILEGON_TIMUR_ACCESS_EXIT_R080,CILEGON TIMUR,ACCESS,-,EXIT,850.00,-6.02948338,106.08535184
27_CILEGON_TIMUR_ACCESS_EXIT_R080,CILEGON TIMUR,ACCESS,-,EXIT,855.00,-6.02952834,106.08535126
27_CILEGON_TIMUR_ACCESS_EXIT_R080,CILEGON TIMUR,ACCESS,-,EXIT,860.00,-6.02957330,106.08535068
27_CILEGON_TIMUR_ACCESS_EXIT_R080,CILEGON TIMUR,ACCESS,-,EXIT,865.00,-6.02961827,106.08535010
27_CILEGON_TIMUR_ACCESS_EXIT_R080,CILEGON TIMUR,ACCESS,-,EXIT,870.00,-6.02966323,106.08534952
27_CILEGON_TIMUR_ACCESS_EXIT_R080,CILEGON TIMUR,ACCESS,-,EXIT,875.00,-6.02970819,106.08534894
27_CILEGON_TIMUR_ACCESS_EXIT_R080,CILEGON TIMUR,ACCESS,-,EXIT,880.00,-6.02975315,106.08534836
27_CILEGON_TIMUR_ACCESS_EXIT_R080,CILEGON TIMUR,ACCESS,-,EXIT,885.00,-6.02979812,106.08534778
27_CILEGON_TIMUR_ACCESS_EXIT_R080,CILEGON TIMUR,ACCESS,-,EXIT,890.00,-6.02984308,106.08534721
27_CILEGON_TIMUR_ACCESS_EXIT_R080,CILEGON TIMUR,ACCESS,-,EXIT,895.00,-6.02988790,106.08534410
27_CILEGON_TIMUR_ACCESS_EXIT_R080,CILEGON TIMUR,ACCESS,-,EXIT,900.00,-6.02993264,106.08533961
27_CILEGON_TIMUR_ACCESS_EXIT_R080,CILEGON TIMUR,ACCESS,-,EXIT,905.00,-6.02997739,106.08533512
27_CILEGON_TIMUR_ACCESS_EXIT_R080,CILEGON TIMUR,ACCESS,-,EXIT,910.00,-6.03002213,106.08533063
27_CILEGON_TIMUR_ACCESS_EXIT_R080,CILEGON TIMUR,ACCESS,-,EXIT,915.00,-6.03006688,106.08532615
27_CILEGON_TIMUR_ACCESS_EXIT_R080,CILEGON TIMUR,ACCESS,-,EXIT,920.00,-6.03011162,106.08532166
27_CILEGON_TIMUR_ACCESS_EXIT_R080,CILEGON TIMUR,ACCESS,-,EXIT,925.00,-6.03015636,106.08531717
27_CILEGON_TIMUR_ACCESS_EXIT_R080,CILEGON TIMUR,ACCESS,-,EXIT,930.00,-6.03020104,106.08531208
27_CILEGON_TIMUR_ACCESS_EXIT_R080,CILEGON TIMUR,ACCESS,-,EXIT,935.00,-6.03024570,106.08530679
27_CILEGON_TIMUR_ACCESS_EXIT_R080,CILEGON TIMUR,ACCESS,-,EXIT,940.00,-6.03024807,106.08526613
27_CILEGON_TIMUR_ACCESS_EXIT_R080,CILEGON TIMUR,ACCESS,-,EXIT,945.00,-6.03024511,106.08522101
27_CILEGON_TIMUR_ACCESS_EXIT_R080,CILEGON TIMUR,ACCESS,-,EXIT,950.00,-6.03024215,106.08517590
27_CILEGON_TIMUR_ACCESS_EXIT_R080,CILEGON TIMUR,ACCESS,-,EXIT,955.00,-6.03023919,106.08513078
27_CILEGON_TIMUR_ACCESS_EXIT_R080,CILEGON TIMUR,ACCESS,-,EXIT,960.00,-6.03023623,106.08508566
27_CILEGON_TIMUR_ACCESS_EXIT_R080,CILEGON TIMUR,ACCESS,-,EXIT,965.00,-6.03023327,106.08504054
27_CILEGON_TIMUR_ACCESS_EXIT_R080,CILEGON TIMUR,ACCESS,-,EXIT,970.00,-6.03027356,106.08503171
27_CILEGON_TIMUR_ACCESS_EXIT_R080,CILEGON TIMUR,ACCESS,-,EXIT,975.00,-6.03031847,106.08502977
27_CILEGON_TIMUR_ACCESS_EXIT_R080,CILEGON TIMUR,ACCESS,-,EXIT,980.00,-6.03036037,106.08504461
27_CILEGON_TIMUR_ACCESS_EXIT_R080,CILEGON TIMUR,ACCESS,-,EXIT,985.00,-6.03039118,106.08507603
27_CILEGON_TIMUR_ACCESS_EXIT_R080,CILEGON TIMUR,ACCESS,-,EXIT,990.00,-6.03040485,106.08511910
27_CILEGON_TIMUR_ACCESS_EXIT_R080,CILEGON TIMUR,ACCESS,-,EXIT,995.00,-6.03041852,106.08516218
27_CILEGON_TIMUR_ACCESS_EXIT_R080,CILEGON TIMUR,ACCESS,-,EXIT,1000.00,-6.03043220,106.08520526
27_CILEGON_TIMUR_ACCESS_EXIT_R080,CILEGON TIMUR,ACCESS,-,EXIT,1005.00,-6.03044587,106.08524833
27_CILEGON_TIMUR_ACCESS_EXIT_R080,CILEGON TIMUR,ACCESS,-,EXIT,1010.00,-6.03044278,106.08528087
27_CILEGON_TIMUR_ACCESS_EXIT_R080,CILEGON TIMUR,ACCESS,-,EXIT,1015.00,-6.03039828,106.08528734
27_CILEGON_TIMUR_ACCESS_EXIT_R080,CILEGON TIMUR,ACCESS,-,EXIT,1020.00,-6.03035378,106.08529382
27_CILEGON_TIMUR_ACCESS_EXIT_R080,CILEGON TIMUR,ACCESS,-,EXIT,1025.00,-6.03030914,106.08529924
27_CILEGON_TIMUR_ACCESS_EXIT_R080,CILEGON TIMUR,ACCESS,-,EXIT,1030.00,-6.03026448,106.08530456
27_CILEGON_TIMUR_ACCESS_EXIT_R080,CILEGON TIMUR,ACCESS,-,EXIT,1035.00,-6.03021983,106.08530986
27_CILEGON_TIMUR_ACCESS_EXIT_R080,CILEGON TIMUR,ACCESS,-,EXIT,1040.00,-6.03017517,106.08531515
27_CILEGON_TIMUR_ACCESS_EXIT_R080,CILEGON TIMUR,ACCESS,-,EXIT,1045.00,-6.03013044,106.08531977
27_CILEGON_TIMUR_ACCESS_EXIT_R080,CILEGON TIMUR,ACCESS,-,EXIT,1050.00,-6.03008569,106.08532426
27_CILEGON_TIMUR_ACCESS_EXIT_R080,CILEGON TIMUR,ACCESS,-,EXIT,1055.00,-6.03004095,106.08532875
27_CILEGON_TIMUR_ACCESS_EXIT_R080,CILEGON TIMUR,ACCESS,-,EXIT,1060.00,-6.02999621,106.08533323
27_CILEGON_TIMUR_ACCESS_EXIT_R080,CILEGON TIMUR,ACCESS,-,EXIT,1065.00,-6.02995146,106.08533772
27_CILEGON_TIMUR_ACCESS_EXIT_R080,CILEGON TIMUR,ACCESS,-,EXIT,1070.00,-6.02990672,106.08534221
27_CILEGON_TIMUR_ACCESS_EXIT_R080,CILEGON TIMUR,ACCESS,-,EXIT,1075.00,-6.02986198,106.08534670
27_CILEGON_TIMUR_ACCESS_EXIT_R080,CILEGON TIMUR,ACCESS,-,EXIT,1080.00,-6.02981703,106.08534754
27_CILEGON_TIMUR_ACCESS_EXIT_R080,CILEGON TIMUR,ACCESS,-,EXIT,1085.00,-6.02977206,106.08534812
27_CILEGON_TIMUR_ACCESS_EXIT_R080,CILEGON TIMUR,ACCESS,-,EXIT,1090.00,-6.02972710,106.08534870
27_CILEGON_TIMUR_ACCESS_EXIT_R080,CILEGON TIMUR,ACCESS,-,EXIT,1095.00,-6.02968214,106.08534928
27_CILEGON_TIMUR_ACCESS_EXIT_R080,CILEGON TIMUR,ACCESS,-,EXIT,1100.00,-6.02963718,106.08534986
27_CILEGON_TIMUR_ACCESS_EXIT_R080,CILEGON TIMUR,ACCESS,-,EXIT,1105.00,-6.02959222,106.08535044
27_CILEGON_TIMUR_ACCESS_EXIT_R080,CILEGON TIMUR,ACCESS,-,EXIT,1110.00,-6.02954725,106.08535102
27_CILEGON_TIMUR_ACCESS_EXIT_R080,CILEGON TIMUR,ACCESS,-,EXIT,1115.00,-6.02950229,106.08535160
27_CILEGON_TIMUR_ACCESS_EXIT_R080,CILEGON TIMUR,ACCESS,-,EXIT,1120.00,-6.02945733,106.08535218
27_CILEGON_TIMUR_ACCESS_EXIT_R080,CILEGON TIMUR,ACCESS,-,EXIT,1125.00,-6.02941237,106.08535276
27_CILEGON_TIMUR_ACCESS_EXIT_R080,CILEGON TIMUR,ACCESS,-,EXIT,1130.00,-6.02936740,106.08535334
27_CILEGON_TIMUR_ACCESS_EXIT_R080,CILEGON TIMUR,ACCESS,-,EXIT,1135.00,-6.02932244,106.08535391
27_CILEGON_TIMUR_ACCESS_EXIT_R080,CILEGON TIMUR,ACCESS,-,EXIT,1140.00,-6.02927748,106.08535449
27_CILEGON_TIMUR_ACCESS_EXIT_R080,CILEGON TIMUR,ACCESS,-,EXIT,1145.00,-6.02923252,106.08535507
27_CILEGON_TIMUR_ACCESS_EXIT_R080,CILEGON TIMUR,ACCESS,-,EXIT,1150.00,-6.02918755,106.08535565
27_CILEGON_TIMUR_ACCESS_EXIT_R080,CILEGON TIMUR,ACCESS,-,EXIT,1155.00,-6.02914259,106.08535623
27_CILEGON_TIMUR_ACCESS_EXIT_R080,CILEGON TIMUR,ACCESS,-,EXIT,1160.00,-6.02909763,106.08535681
27_CILEGON_TIMUR_ACCESS_EXIT_R080,CILEGON TIMUR,ACCESS,-,EXIT,1165.00,-6.02905267,106.08535751
27_CILEGON_TIMUR_ACCESS_EXIT_R080,CILEGON TIMUR,ACCESS,-,EXIT,1170.00,-6.02900771,106.08535826
27_CILEGON_TIMUR_ACCESS_EXIT_R080,CILEGON TIMUR,ACCESS,-,EXIT,1175.00,-6.02896275,106.08535901
27_CILEGON_TIMUR_ACCESS_EXIT_R080,CILEGON TIMUR,ACCESS,-,EXIT,1180.00,-6.02891779,106.08535976
27_CILEGON_TIMUR_ACCESS_EXIT_R080,CILEGON TIMUR,ACCESS,-,EXIT,1185.00,-6.02887283,106.08536051
27_CILEGON_TIMUR_ACCESS_EXIT_R080,CILEGON TIMUR,ACCESS,-,EXIT,1190.00,-6.02882787,106.08536126
27_CILEGON_TIMUR_ACCESS_EXIT_R080,CILEGON TIMUR,ACCESS,-,EXIT,1195.00,-6.02878291,106.08536200
27_CILEGON_TIMUR_ACCESS_EXIT_R080,CILEGON TIMUR,ACCESS,-,EXIT,1200.00,-6.02873795,106.08536273
27_CILEGON_TIMUR_ACCESS_EXIT_R080,CILEGON TIMUR,ACCESS,-,EXIT,1205.00,-6.02869299,106.08536350
27_CILEGON_TIMUR_ACCESS_EXIT_R080,CILEGON TIMUR,ACCESS,-,EXIT,1210.00,-6.02864803,106.08536426
27_CILEGON_TIMUR_ACCESS_EXIT_R080,CILEGON TIMUR,ACCESS,-,EXIT,1215.00,-6.02860307,106.08536500
27_CILEGON_TIMUR_ACCESS_EXIT_R080,CILEGON TIMUR,ACCESS,-,EXIT,1220.00,-6.02855811,106.08536574
27_CILEGON_TIMUR_ACCESS_EXIT_R080,CILEGON TIMUR,ACCESS,-,EXIT,1225.00,-6.02851318,106.08536757
27_CILEGON_TIMUR_ACCESS_EXIT_R080,CILEGON TIMUR,ACCESS,-,EXIT,1230.00,-6.02846827,106.08536973
27_CILEGON_TIMUR_ACCESS_EXIT_R080,CILEGON TIMUR,ACCESS,-,EXIT,1235.00,-6.02842335,106.08537188
27_CILEGON_TIMUR_ACCESS_EXIT_R080,CILEGON TIMUR,ACCESS,-,EXIT,1240.00,-6.02837844,106.08537404
27_CILEGON_TIMUR_ACCESS_EXIT_R080,CILEGON TIMUR,ACCESS,-,EXIT,1245.00,-6.02833352,106.08537619
27_CILEGON_TIMUR_ACCESS_EXIT_R080,CILEGON TIMUR,ACCESS,-,EXIT,1250.00,-6.02828861,106.08537835
27_CILEGON_TIMUR_ACCESS_EXIT_R080,CILEGON TIMUR,ACCESS,-,EXIT,1255.00,-6.02824369,106.08538051
27_CILEGON_TIMUR_ACCESS_EXIT_R080,CILEGON TIMUR,ACCESS,-,EXIT,1260.00,-6.02819878,106.08538266
27_CILEGON_TIMUR_ACCESS_EXIT_R080,CILEGON TIMUR,ACCESS,-,EXIT,1265.00,-6.02815386,106.08538482
27_CILEGON_TIMUR_ACCESS_EXIT_R080,CILEGON TIMUR,ACCESS,-,EXIT,1270.00,-6.02810895,106.08538697
27_CILEGON_TIMUR_ACCESS_EXIT_R080,CILEGON TIMUR,ACCESS,-,EXIT,1275.00,-6.02806403,106.08538913
27_CILEGON_TIMUR_ACCESS_EXIT_R080,CILEGON TIMUR,ACCESS,-,EXIT,1280.00,-6.02801912,106.08539129
27_CILEGON_TIMUR_ACCESS_EXIT_R080,CILEGON TIMUR,ACCESS,-,EXIT,1285.00,-6.02797420,106.08539344
27_CILEGON_TIMUR_ACCESS_EXIT_R080,CILEGON TIMUR,ACCESS,-,EXIT,1290.00,-6.02792929,106.08539560
27_CILEGON_TIMUR_ACCESS_EXIT_R080,CILEGON TIMUR,ACCESS,-,EXIT,1295.00,-6.02788437,106.08539775
27_CILEGON_TIMUR_ACCESS_EXIT_R080,CILEGON TIMUR,ACCESS,-,EXIT,1300.00,-6.02783946,106.08539991
27_CILEGON_TIMUR_ACCESS_EXIT_R080,CILEGON TIMUR,ACCESS,-,EXIT,1305.00,-6.02779454,106.08540207
27_CILEGON_TIMUR_ACCESS_EXIT_R080,CILEGON TIMUR,ACCESS,-,EXIT,1310.00,-6.02774963,106.08540422
27_CILEGON_TIMUR_ACCESS_EXIT_R080,CILEGON TIMUR,ACCESS,-,EXIT,1315.00,-6.02770474,106.08540676
27_CILEGON_TIMUR_ACCESS_EXIT_R080,CILEGON TIMUR,ACCESS,-,EXIT,1320.00,-6.02765985,106.08540948
27_CILEGON_TIMUR_ACCESS_EXIT_R080,CILEGON TIMUR,ACCESS,-,EXIT,1325.00,-6.02761497,106.08541220
27_CILEGON_TIMUR_ACCESS_EXIT_R080,CILEGON TIMUR,ACCESS,-,EXIT,1330.00,-6.02757012,106.08541530
27_CILEGON_TIMUR_ACCESS_EXIT_R080,CILEGON TIMUR,ACCESS,-,EXIT,1335.00,-6.02752519,106.08541729
27_CILEGON_TIMUR_ACCESS_EXIT_R080,CILEGON TIMUR,ACCESS,-,EXIT,1340.00,-6.02748027,106.08541928
27_CILEGON_TIMUR_ACCESS_EXIT_R080,CILEGON TIMUR,ACCESS,-,EXIT,1345.00,-6.02743535,106.08542127
27_CILEGON_TIMUR_ACCESS_EXIT_R080,CILEGON TIMUR,ACCESS,-,EXIT,1350.00,-6.02739043,106.08542326
27_CILEGON_TIMUR_ACCESS_EXIT_R080,CILEGON TIMUR,ACCESS,-,EXIT,1355.00,-6.02734550,106.08542525
27_CILEGON_TIMUR_ACCESS_EXIT_R080,CILEGON TIMUR,ACCESS,-,EXIT,1360.00,-6.02730058,106.08542724
27_CILEGON_TIMUR_ACCESS_EXIT_R080,CILEGON TIMUR,ACCESS,-,EXIT,1365.00,-6.02725566,106.08542923
27_CILEGON_TIMUR_ACCESS_EXIT_R080,CILEGON TIMUR,ACCESS,-,EXIT,1370.00,-6.02721073,106.08543122
27_CILEGON_TIMUR_ACCESS_EXIT_R080,CILEGON TIMUR,ACCESS,-,EXIT,1375.00,-6.02716581,106.08543321
27_CILEGON_TIMUR_ACCESS_EXIT_R080,CILEGON TIMUR,ACCESS,-,EXIT,1380.00,-6.02712089,106.08543520
27_CILEGON_TIMUR_ACCESS_EXIT_R080,CILEGON TIMUR,ACCESS,-,EXIT,1385.00,-6.02707597,106.08543719
27_CILEGON_TIMUR_ACCESS_EXIT_R080,CILEGON TIMUR,ACCESS,-,EXIT,1390.00,-6.02703104,106.08543917
27_CILEGON_TIMUR_ACCESS_EXIT_R080,CILEGON TIMUR,ACCESS,-,EXIT,1395.00,-6.02698612,106.08544116
27_CILEGON_TIMUR_ACCESS_EXIT_R080,CILEGON TIMUR,ACCESS,-,EXIT,1400.00,-6.02694120,106.08544315
27_CILEGON_TIMUR_ACCESS_EXIT_R080,CILEGON TIMUR,ACCESS,-,EXIT,1405.00,-6.02689628,106.08544514
27_CILEGON_TIMUR_ACCESS_EXIT_R080,CILEGON TIMUR,ACCESS,-,EXIT,1410.00,-6.02685135,106.08544713
27_CILEGON_TIMUR_ACCESS_EXIT_R080,CILEGON TIMUR,ACCESS,-,EXIT,1415.00,-6.02680643,106.08544912
27_CILEGON_TIMUR_ACCESS_EXIT_R080,CILEGON TIMUR,ACCESS,-,EXIT,1420.00,-6.02676151,106.08545111
27_CILEGON_TIMUR_ACCESS_EXIT_R080,CILEGON TIMUR,ACCESS,-,EXIT,1425.00,-6.02671659,106.08545310
27_CILEGON_TIMUR_ACCESS_EXIT_R080,CILEGON TIMUR,ACCESS,-,EXIT,1430.00,-6.02667166,106.08545508
27_CILEGON_TIMUR_ACCESS_EXIT_R080,CILEGON TIMUR,ACCESS,-,EXIT,1435.00,-6.02662674,106.08545706
27_CILEGON_TIMUR_ACCESS_EXIT_R080,CILEGON TIMUR,ACCESS,-,EXIT,1440.00,-6.02658182,106.08545903
27_CILEGON_TIMUR_ACCESS_EXIT_R080,CILEGON TIMUR,ACCESS,-,EXIT,1445.00,-6.02653689,106.08546101
27_CILEGON_TIMUR_ACCESS_EXIT_R080,CILEGON TIMUR,ACCESS,-,EXIT,1450.00,-6.02649197,106.08546298
27_CILEGON_TIMUR_ACCESS_EXIT_R080,CILEGON TIMUR,ACCESS,-,EXIT,1455.00,-6.02644705,106.08546496
27_CILEGON_TIMUR_ACCESS_EXIT_R080,CILEGON TIMUR,ACCESS,-,EXIT,1460.00,-6.02640213,106.08546694
27_CILEGON_TIMUR_ACCESS_EXIT_R080,CILEGON TIMUR,ACCESS,-,EXIT,1465.00,-6.02635720,106.08546892
27_CILEGON_TIMUR_ACCESS_EXIT_R080,CILEGON TIMUR,ACCESS,-,EXIT,1470.00,-6.02631228,106.08547090
27_CILEGON_TIMUR_ACCESS_EXIT_R080,CILEGON TIMUR,ACCESS,-,EXIT,1475.00,-6.02626736,106.08547288
27_CILEGON_TIMUR_ACCESS_EXIT_R080,CILEGON TIMUR,ACCESS,-,EXIT,1480.00,-6.02622267,106.08547795
27_CILEGON_TIMUR_ACCESS_EXIT_R080,CILEGON TIMUR,ACCESS,-,EXIT,1485.00,-6.02617800,106.08548305
27_CILEGON_TIMUR_ACCESS_EXIT_R080,CILEGON TIMUR,ACCESS,-,EXIT,1490.00,-6.02613332,106.08548814
27_CILEGON_TIMUR_ACCESS_EXIT_R080,CILEGON TIMUR,ACCESS,-,EXIT,1495.00,-6.02608864,106.08549324
27_CILEGON_TIMUR_ACCESS_EXIT_R080,CILEGON TIMUR,ACCESS,-,EXIT,1500.00,-6.02604396,106.08549833
27_CILEGON_TIMUR_ACCESS_EXIT_R080,CILEGON TIMUR,ACCESS,-,EXIT,1505.00,-6.02599928,106.08550342
27_CILEGON_TIMUR_ACCESS_EXIT_R080,CILEGON TIMUR,ACCESS,-,EXIT,1510.00,-6.02595460,106.08550852
27_CILEGON_TIMUR_ACCESS_EXIT_R080,CILEGON TIMUR,ACCESS,-,EXIT,1515.00,-6.02590992,106.08551361
27_CILEGON_TIMUR_ACCESS_EXIT_R080,CILEGON TIMUR,ACCESS,-,EXIT,1520.00,-6.02586524,106.08551871
27_CILEGON_TIMUR_ACCESS_EXIT_R080,CILEGON TIMUR,ACCESS,-,EXIT,1525.00,-6.02582056,106.08552380
27_CILEGON_TIMUR_ACCESS_EXIT_R080,CILEGON TIMUR,ACCESS,-,EXIT,1530.00,-6.02577588,106.08552889
27_CILEGON_TIMUR_ACCESS_EXIT_R080,CILEGON TIMUR,ACCESS,-,EXIT,1535.00,-6.02573120,106.08553399
27_CILEGON_TIMUR_ACCESS_EXIT_R080,CILEGON TIMUR,ACCESS,-,EXIT,1540.00,-6.02568661,106.08553970
27_CILEGON_TIMUR_ACCESS_EXIT_R080,CILEGON TIMUR,ACCESS,-,EXIT,1545.00,-6.02564236,106.08554773
27_CILEGON_TIMUR_ACCESS_EXIT_R080,CILEGON TIMUR,ACCESS,-,EXIT,1550.00,-6.02559810,106.08555576
27_CILEGON_TIMUR_ACCESS_EXIT_R080,CILEGON TIMUR,ACCESS,-,EXIT,1555.00,-6.02555385,106.08556378
27_CILEGON_TIMUR_ACCESS_EXIT_R080,CILEGON TIMUR,ACCESS,-,EXIT,1560.00,-6.02551099,106.08557723
27_CILEGON_TIMUR_ACCESS_EXIT_R080,CILEGON TIMUR,ACCESS,-,EXIT,1565.00,-6.02546840,106.08559173
27_CILEGON_TIMUR_ACCESS_EXIT_R080,CILEGON TIMUR,ACCESS,-,EXIT,1570.00,-6.02542601,106.08560675
27_CILEGON_TIMUR_ACCESS_EXIT_R080,CILEGON TIMUR,ACCESS,-,EXIT,1575.00,-6.02538501,106.08562531
27_CILEGON_TIMUR_ACCESS_EXIT_R080,CILEGON TIMUR,ACCESS,-,EXIT,1580.00,-6.02534400,106.08564386
27_CILEGON_TIMUR_ACCESS_EXIT_R080,CILEGON TIMUR,ACCESS,-,EXIT,1585.00,-6.02530349,106.08566338
27_CILEGON_TIMUR_ACCESS_EXIT_R080,CILEGON TIMUR,ACCESS,-,EXIT,1590.00,-6.02526395,106.08568478
27_CILEGON_TIMUR_ACCESS_EXIT_R080,CILEGON TIMUR,ACCESS,-,EXIT,1595.00,-6.02522113,106.08569543
27_CILEGON_TIMUR_ACCESS_EXIT_R080,CILEGON TIMUR,ACCESS,-,EXIT,1595.35,-6.02521800,106.08569550
27_CILEGON_TIMUR_ACCESS_ENTRANCE_R081,CILEGON TIMUR,ACCESS,-,ENTRANCE,0.00,-6.02521800,106.08569550
27_CILEGON_TIMUR_ACCESS_ENTRANCE_R081,CILEGON TIMUR,ACCESS,-,ENTRANCE,5.00,-6.02517304,106.08569639
27_CILEGON_TIMUR_ACCESS_ENTRANCE_R081,CILEGON TIMUR,ACCESS,-,ENTRANCE,10.00,-6.02513061,106.08570347
27_CILEGON_TIMUR_ACCESS_ENTRANCE_R081,CILEGON TIMUR,ACCESS,-,ENTRANCE,15.00,-6.02509797,106.08573458
27_CILEGON_TIMUR_ACCESS_ENTRANCE_R081,CILEGON TIMUR,ACCESS,-,ENTRANCE,20.00,-6.02506719,106.08576748
27_CILEGON_TIMUR_ACCESS_ENTRANCE_R081,CILEGON TIMUR,ACCESS,-,ENTRANCE,25.00,-6.02503743,106.08580137
27_CILEGON_TIMUR_ACCESS_ENTRANCE_R081,CILEGON TIMUR,ACCESS,-,ENTRANCE,30.00,-6.02500767,106.08583527
27_CILEGON_TIMUR_ACCESS_ENTRANCE_R081,CILEGON TIMUR,ACCESS,-,ENTRANCE,35.00,-6.02497786,106.08586913
27_CILEGON_TIMUR_ACCESS_ENTRANCE_R081,CILEGON TIMUR,ACCESS,-,ENTRANCE,40.00,-6.02494794,106.08590287
27_CILEGON_TIMUR_ACCESS_ENTRANCE_R081,CILEGON TIMUR,ACCESS,-,ENTRANCE,45.00,-6.02491948,106.08593785
27_CILEGON_TIMUR_ACCESS_ENTRANCE_R081,CILEGON TIMUR,ACCESS,-,ENTRANCE,50.00,-6.02489208,106.08597370
27_CILEGON_TIMUR_ACCESS_ENTRANCE_R081,CILEGON TIMUR,ACCESS,-,ENTRANCE,55.00,-6.02486467,106.08600955
27_CILEGON_TIMUR_ACCESS_ENTRANCE_R081,CILEGON TIMUR,ACCESS,-,ENTRANCE,60.00,-6.02483962,106.08604706
27_CILEGON_TIMUR_ACCESS_ENTRANCE_R081,CILEGON TIMUR,ACCESS,-,ENTRANCE,65.00,-6.02481539,106.08608515
27_CILEGON_TIMUR_ACCESS_ENTRANCE_R081,CILEGON TIMUR,ACCESS,-,ENTRANCE,70.00,-6.02479116,106.08612324
27_CILEGON_TIMUR_ACCESS_ENTRANCE_R081,CILEGON TIMUR,ACCESS,-,ENTRANCE,75.00,-6.02476708,106.08616141
27_CILEGON_TIMUR_ACCESS_ENTRANCE_R081,CILEGON TIMUR,ACCESS,-,ENTRANCE,80.00,-6.02474657,106.08620165
27_CILEGON_TIMUR_ACCESS_ENTRANCE_R081,CILEGON TIMUR,ACCESS,-,ENTRANCE,85.00,-6.02472606,106.08624189
27_CILEGON_TIMUR_ACCESS_ENTRANCE_R081,CILEGON TIMUR,ACCESS,-,ENTRANCE,90.00,-6.02470555,106.08628213
27_CILEGON_TIMUR_ACCESS_ENTRANCE_R081,CILEGON TIMUR,ACCESS,-,ENTRANCE,95.00,-6.02468650,106.08632302
27_CILEGON_TIMUR_ACCESS_ENTRANCE_R081,CILEGON TIMUR,ACCESS,-,ENTRANCE,100.00,-6.02467044,106.08636525
27_CILEGON_TIMUR_ACCESS_ENTRANCE_R081,CILEGON TIMUR,ACCESS,-,ENTRANCE,105.00,-6.02465437,106.08640748
27_CILEGON_TIMUR_ACCESS_ENTRANCE_R081,CILEGON TIMUR,ACCESS,-,ENTRANCE,110.00,-6.02463831,106.08644971
27_CILEGON_TIMUR_ACCESS_ENTRANCE_R081,CILEGON TIMUR,ACCESS,-,ENTRANCE,115.00,-6.02462224,106.08649195
27_CILEGON_TIMUR_ACCESS_ENTRANCE_R081,CILEGON TIMUR,ACCESS,-,ENTRANCE,120.00,-6.02460617,106.08653418
27_CILEGON_TIMUR_ACCESS_ENTRANCE_R081,CILEGON TIMUR,ACCESS,-,ENTRANCE,125.00,-6.02459011,106.08657641
27_CILEGON_TIMUR_ACCESS_ENTRANCE_R081,CILEGON TIMUR,ACCESS,-,ENTRANCE,130.00,-6.02457404,106.08661864
27_CILEGON_TIMUR_ACCESS_ENTRANCE_R081,CILEGON TIMUR,ACCESS,-,ENTRANCE,135.00,-6.02455797,106.08666087
27_CILEGON_TIMUR_ACCESS_ENTRANCE_R081,CILEGON TIMUR,ACCESS,-,ENTRANCE,140.00,-6.02454191,106.08670310
27_CILEGON_TIMUR_ACCESS_ENTRANCE_R081,CILEGON TIMUR,ACCESS,-,ENTRANCE,145.00,-6.02452584,106.08674533
27_CILEGON_TIMUR_ACCESS_ENTRANCE_R081,CILEGON TIMUR,ACCESS,-,ENTRANCE,150.00,-6.02450978,106.08678756
27_CILEGON_TIMUR_ACCESS_ENTRANCE_R081,CILEGON TIMUR,ACCESS,-,ENTRANCE,155.00,-6.02449371,106.08682980
27_CILEGON_TIMUR_ACCESS_ENTRANCE_R081,CILEGON TIMUR,ACCESS,-,ENTRANCE,160.00,-6.02447764,106.08687203
27_CILEGON_TIMUR_ACCESS_ENTRANCE_R081,CILEGON TIMUR,ACCESS,-,ENTRANCE,165.00,-6.02446158,106.08691426
27_CILEGON_TIMUR_ACCESS_ENTRANCE_R081,CILEGON TIMUR,ACCESS,-,ENTRANCE,170.00,-6.02444541,106.08695645
27_CILEGON_TIMUR_ACCESS_ENTRANCE_R081,CILEGON TIMUR,ACCESS,-,ENTRANCE,175.00,-6.02442904,106.08699856
27_CILEGON_TIMUR_ACCESS_ENTRANCE_R081,CILEGON TIMUR,ACCESS,-,ENTRANCE,180.00,-6.02441268,106.08704068
27_CILEGON_TIMUR_ACCESS_ENTRANCE_R081,CILEGON TIMUR,ACCESS,-,ENTRANCE,185.00,-6.02439631,106.08708279
27_CILEGON_TIMUR_ACCESS_ENTRANCE_R081,CILEGON TIMUR,ACCESS,-,ENTRANCE,190.00,-6.02437995,106.08712491
27_CILEGON_TIMUR_ACCESS_ENTRANCE_R081,CILEGON TIMUR,ACCESS,-,ENTRANCE,195.00,-6.02436358,106.08716702
27_CILEGON_TIMUR_ACCESS_ENTRANCE_R081,CILEGON TIMUR,ACCESS,-,ENTRANCE,200.00,-6.02434722,106.08720914
27_CILEGON_TIMUR_ACCESS_ENTRANCE_R081,CILEGON TIMUR,ACCESS,-,ENTRANCE,205.00,-6.02433086,106.08725125
27_CILEGON_TIMUR_ACCESS_ENTRANCE_R081,CILEGON TIMUR,ACCESS,-,ENTRANCE,210.00,-6.02431449,106.08729337
27_CILEGON_TIMUR_ACCESS_ENTRANCE_R081,CILEGON TIMUR,ACCESS,-,ENTRANCE,215.00,-6.02429813,106.08733548
27_CILEGON_TIMUR_ACCESS_ENTRANCE_R081,CILEGON TIMUR,ACCESS,-,ENTRANCE,220.00,-6.02428176,106.08737760
27_CILEGON_TIMUR_ACCESS_ENTRANCE_R081,CILEGON TIMUR,ACCESS,-,ENTRANCE,225.00,-6.02426644,106.08742011
27_CILEGON_TIMUR_ACCESS_ENTRANCE_R081,CILEGON TIMUR,ACCESS,-,ENTRANCE,230.00,-6.02425111,106.08746262
27_CILEGON_TIMUR_ACCESS_ENTRANCE_R081,CILEGON TIMUR,ACCESS,-,ENTRANCE,235.00,-6.02423578,106.08750513
27_CILEGON_TIMUR_ACCESS_ENTRANCE_R081,CILEGON TIMUR,ACCESS,-,ENTRANCE,240.00,-6.02422046,106.08754763
27_CILEGON_TIMUR_ACCESS_ENTRANCE_R081,CILEGON TIMUR,ACCESS,-,ENTRANCE,245.00,-6.02420513,106.08759014
27_CILEGON_TIMUR_ACCESS_ENTRANCE_R081,CILEGON TIMUR,ACCESS,-,ENTRANCE,250.00,-6.02418981,106.08763265
27_CILEGON_TIMUR_ACCESS_ENTRANCE_R081,CILEGON TIMUR,ACCESS,-,ENTRANCE,255.00,-6.02417449,106.08767516
27_CILEGON_TIMUR_ACCESS_ENTRANCE_R081,CILEGON TIMUR,ACCESS,-,ENTRANCE,260.00,-6.02415921,106.08771769
27_CILEGON_TIMUR_ACCESS_ENTRANCE_R081,CILEGON TIMUR,ACCESS,-,ENTRANCE,265.00,-6.02414303,106.08775987
27_CILEGON_TIMUR_ACCESS_ENTRANCE_R081,CILEGON TIMUR,ACCESS,-,ENTRANCE,270.00,-6.02412685,106.08780206
27_CILEGON_TIMUR_ACCESS_ENTRANCE_R081,CILEGON TIMUR,ACCESS,-,ENTRANCE,275.00,-6.02411067,106.08784425
27_CILEGON_TIMUR_ACCESS_ENTRANCE_R081,CILEGON TIMUR,ACCESS,-,ENTRANCE,280.00,-6.02409449,106.08788644
27_CILEGON_TIMUR_ACCESS_ENTRANCE_R081,CILEGON TIMUR,ACCESS,-,ENTRANCE,285.00,-6.02407831,106.08792862
27_CILEGON_TIMUR_ACCESS_ENTRANCE_R081,CILEGON TIMUR,ACCESS,-,ENTRANCE,290.00,-6.02406213,106.08797081
27_CILEGON_TIMUR_ACCESS_ENTRANCE_R081,CILEGON TIMUR,ACCESS,-,ENTRANCE,295.00,-6.02404596,106.08801300
27_CILEGON_TIMUR_ACCESS_ENTRANCE_R081,CILEGON TIMUR,ACCESS,-,ENTRANCE,300.00,-6.02402978,106.08805519
27_CILEGON_TIMUR_ACCESS_ENTRANCE_R081,CILEGON TIMUR,ACCESS,-,ENTRANCE,305.00,-6.02401360,106.08809738
27_CILEGON_TIMUR_ACCESS_ENTRANCE_R081,CILEGON TIMUR,ACCESS,-,ENTRANCE,310.00,-6.02399742,106.08813956
27_CILEGON_TIMUR_ACCESS_ENTRANCE_R081,CILEGON TIMUR,ACCESS,-,ENTRANCE,315.00,-6.02397783,106.08818017
27_CILEGON_TIMUR_ACCESS_ENTRANCE_R081,CILEGON TIMUR,ACCESS,-,ENTRANCE,320.00,-6.02395652,106.08821999
27_CILEGON_TIMUR_ACCESS_ENTRANCE_R081,CILEGON TIMUR,ACCESS,-,ENTRANCE,325.00,-6.02393521,106.08825981
27_CILEGON_TIMUR_ACCESS_ENTRANCE_R081,CILEGON TIMUR,ACCESS,-,ENTRANCE,330.00,-6.02391390,106.08829962
27_CILEGON_TIMUR_ACCESS_ENTRANCE_R081,CILEGON TIMUR,ACCESS,-,ENTRANCE,335.00,-6.02389250,106.08833939
27_CILEGON_TIMUR_ACCESS_ENTRANCE_R081,CILEGON TIMUR,ACCESS,-,ENTRANCE,340.00,-6.02387027,106.08837865
27_CILEGON_TIMUR_ACCESS_ENTRANCE_R081,CILEGON TIMUR,ACCESS,-,ENTRANCE,345.00,-6.02384434,106.08841559
27_CILEGON_TIMUR_ACCESS_ENTRANCE_R081,CILEGON TIMUR,ACCESS,-,ENTRANCE,350.00,-6.02381840,106.08845252
27_CILEGON_TIMUR_ACCESS_ENTRANCE_R081,CILEGON TIMUR,ACCESS,-,ENTRANCE,355.00,-6.02379247,106.08848946
27_CILEGON_TIMUR_ACCESS_ENTRANCE_R081,CILEGON TIMUR,ACCESS,-,ENTRANCE,360.00,-6.02376653,106.08852640
27_CILEGON_TIMUR_ACCESS_ENTRANCE_R081,CILEGON TIMUR,ACCESS,-,ENTRANCE,365.00,-6.02373794,106.08856110
27_CILEGON_TIMUR_ACCESS_ENTRANCE_R081,CILEGON TIMUR,ACCESS,-,ENTRANCE,370.00,-6.02370632,106.08859324
27_CILEGON_TIMUR_ACCESS_ENTRANCE_R081,CILEGON TIMUR,ACCESS,-,ENTRANCE,375.00,-6.02367469,106.08862539
27_CILEGON_TIMUR_ACCESS_ENTRANCE_R081,CILEGON TIMUR,ACCESS,-,ENTRANCE,376.14,-6.02366750,106.08863270
27_CILEGON_TIMUR_ACCESS_BOJONEGARA_ALL_R082,CILEGON TIMUR,ACCESS,BOJONEGARA,ALL,0.00,-6.02521800,106.08569550
27_CILEGON_TIMUR_ACCESS_BOJONEGARA_ALL_R082,CILEGON TIMUR,ACCESS,BOJONEGARA,ALL,5.00,-6.02517304,106.08569639
27_CILEGON_TIMUR_ACCESS_BOJONEGARA_ALL_R082,CILEGON TIMUR,ACCESS,BOJONEGARA,ALL,10.00,-6.02512870,106.08569378
27_CILEGON_TIMUR_ACCESS_BOJONEGARA_ALL_R082,CILEGON TIMUR,ACCESS,BOJONEGARA,ALL,15.00,-6.02508671,106.08567758
27_CILEGON_TIMUR_ACCESS_BOJONEGARA_ALL_R082,CILEGON TIMUR,ACCESS,BOJONEGARA,ALL,20.00,-6.02504473,106.08566138
27_CILEGON_TIMUR_ACCESS_BOJONEGARA_ALL_R082,CILEGON TIMUR,ACCESS,BOJONEGARA,ALL,25.00,-6.02500275,106.08564518
27_CILEGON_TIMUR_ACCESS_BOJONEGARA_ALL_R082,CILEGON TIMUR,ACCESS,BOJONEGARA,ALL,30.00,-6.02496077,106.08562898
27_CILEGON_TIMUR_ACCESS_BOJONEGARA_ALL_R082,CILEGON TIMUR,ACCESS,BOJONEGARA,ALL,35.00,-6.02491879,106.08561278
27_CILEGON_TIMUR_ACCESS_BOJONEGARA_ALL_R082,CILEGON TIMUR,ACCESS,BOJONEGARA,ALL,40.00,-6.02487681,106.08559658
27_CILEGON_TIMUR_ACCESS_BOJONEGARA_ALL_R082,CILEGON TIMUR,ACCESS,BOJONEGARA,ALL,45.00,-6.02483483,106.08558038
27_CILEGON_TIMUR_ACCESS_BOJONEGARA_ALL_R082,CILEGON TIMUR,ACCESS,BOJONEGARA,ALL,50.00,-6.02479285,106.08556423
27_CILEGON_TIMUR_ACCESS_BOJONEGARA_ALL_R082,CILEGON TIMUR,ACCESS,BOJONEGARA,ALL,55.00,-6.02475569,106.08558968
27_CILEGON_TIMUR_ACCESS_BOJONEGARA_ALL_R082,CILEGON TIMUR,ACCESS,BOJONEGARA,ALL,60.00,-6.02471810,106.08561450
27_CILEGON_TIMUR_ACCESS_BOJONEGARA_ALL_R082,CILEGON TIMUR,ACCESS,BOJONEGARA,ALL,65.00,-6.02468381,106.08564342
27_CILEGON_TIMUR_ACCESS_BOJONEGARA_ALL_R082,CILEGON TIMUR,ACCESS,BOJONEGARA,ALL,70.00,-6.02465392,106.08567705
27_CILEGON_TIMUR_ACCESS_BOJONEGARA_ALL_R082,CILEGON TIMUR,ACCESS,BOJONEGARA,ALL,75.00,-6.02463100,106.08571546
27_CILEGON_TIMUR_ACCESS_BOJONEGARA_ALL_R082,CILEGON TIMUR,ACCESS,BOJONEGARA,ALL,80.00,-6.02461524,106.08575776
27_CILEGON_TIMUR_ACCESS_BOJONEGARA_ALL_R082,CILEGON TIMUR,ACCESS,BOJONEGARA,ALL,85.00,-6.02460276,106.08580120
27_CILEGON_TIMUR_ACCESS_BOJONEGARA_ALL_R082,CILEGON TIMUR,ACCESS,BOJONEGARA,ALL,90.00,-6.02459027,106.08584464
27_CILEGON_TIMUR_ACCESS_BOJONEGARA_ALL_R082,CILEGON TIMUR,ACCESS,BOJONEGARA,ALL,95.00,-6.02457779,106.08588808
27_CILEGON_TIMUR_ACCESS_BOJONEGARA_ALL_R082,CILEGON TIMUR,ACCESS,BOJONEGARA,ALL,100.00,-6.02456531,106.08593152
27_CILEGON_TIMUR_ACCESS_BOJONEGARA_ALL_R082,CILEGON TIMUR,ACCESS,BOJONEGARA,ALL,105.00,-6.02455282,106.08597495
27_CILEGON_TIMUR_ACCESS_BOJONEGARA_ALL_R082,CILEGON TIMUR,ACCESS,BOJONEGARA,ALL,110.00,-6.02454013,106.08601833
27_CILEGON_TIMUR_ACCESS_BOJONEGARA_ALL_R082,CILEGON TIMUR,ACCESS,BOJONEGARA,ALL,115.00,-6.02452744,106.08606171
27_CILEGON_TIMUR_ACCESS_BOJONEGARA_ALL_R082,CILEGON TIMUR,ACCESS,BOJONEGARA,ALL,120.00,-6.02451476,106.08610509
27_CILEGON_TIMUR_ACCESS_BOJONEGARA_ALL_R082,CILEGON TIMUR,ACCESS,BOJONEGARA,ALL,125.00,-6.02450207,106.08614847
27_CILEGON_TIMUR_ACCESS_BOJONEGARA_ALL_R082,CILEGON TIMUR,ACCESS,BOJONEGARA,ALL,130.00,-6.02448938,106.08619185
27_CILEGON_TIMUR_ACCESS_BOJONEGARA_ALL_R082,CILEGON TIMUR,ACCESS,BOJONEGARA,ALL,135.00,-6.02447670,106.08623523
27_CILEGON_TIMUR_ACCESS_BOJONEGARA_ALL_R082,CILEGON TIMUR,ACCESS,BOJONEGARA,ALL,140.00,-6.02445184,106.08625592
27_CILEGON_TIMUR_ACCESS_BOJONEGARA_ALL_R082,CILEGON TIMUR,ACCESS,BOJONEGARA,ALL,145.00,-6.02440881,106.08624278
27_CILEGON_TIMUR_ACCESS_BOJONEGARA_ALL_R082,CILEGON TIMUR,ACCESS,BOJONEGARA,ALL,150.00,-6.02436579,106.08622963
27_CILEGON_TIMUR_ACCESS_BOJONEGARA_ALL_R082,CILEGON TIMUR,ACCESS,BOJONEGARA,ALL,155.00,-6.02432277,106.08621648
27_CILEGON_TIMUR_ACCESS_BOJONEGARA_ALL_R082,CILEGON TIMUR,ACCESS,BOJONEGARA,ALL,160.00,-6.02427974,106.08620334
27_CILEGON_TIMUR_ACCESS_BOJONEGARA_ALL_R082,CILEGON TIMUR,ACCESS,BOJONEGARA,ALL,165.00,-6.02423672,106.08619019
27_CILEGON_TIMUR_ACCESS_BOJONEGARA_ALL_R082,CILEGON TIMUR,ACCESS,BOJONEGARA,ALL,170.00,-6.02419370,106.08617704
27_CILEGON_TIMUR_ACCESS_BOJONEGARA_ALL_R082,CILEGON TIMUR,ACCESS,BOJONEGARA,ALL,175.00,-6.02415067,106.08616389
27_CILEGON_TIMUR_ACCESS_BOJONEGARA_ALL_R082,CILEGON TIMUR,ACCESS,BOJONEGARA,ALL,180.00,-6.02410765,106.08615075
27_CILEGON_TIMUR_ACCESS_BOJONEGARA_ALL_R082,CILEGON TIMUR,ACCESS,BOJONEGARA,ALL,185.00,-6.02406463,106.08613760
27_CILEGON_TIMUR_ACCESS_BOJONEGARA_ALL_R082,CILEGON TIMUR,ACCESS,BOJONEGARA,ALL,190.00,-6.02402160,106.08612445
27_CILEGON_TIMUR_ACCESS_BOJONEGARA_ALL_R082,CILEGON TIMUR,ACCESS,BOJONEGARA,ALL,195.00,-6.02403222,106.08612770
27_CILEGON_TIMUR_ACCESS_BOJONEGARA_ALL_R082,CILEGON TIMUR,ACCESS,BOJONEGARA,ALL,200.00,-6.02407524,106.08614084
27_CILEGON_TIMUR_ACCESS_BOJONEGARA_ALL_R082,CILEGON TIMUR,ACCESS,BOJONEGARA,ALL,205.00,-6.02411827,106.08615399
27_CILEGON_TIMUR_ACCESS_BOJONEGARA_ALL_R082,CILEGON TIMUR,ACCESS,BOJONEGARA,ALL,210.00,-6.02416129,106.08616714
27_CILEGON_TIMUR_ACCESS_BOJONEGARA_ALL_R082,CILEGON TIMUR,ACCESS,BOJONEGARA,ALL,215.00,-6.02420431,106.08618028
27_CILEGON_TIMUR_ACCESS_BOJONEGARA_ALL_R082,CILEGON TIMUR,ACCESS,BOJONEGARA,ALL,220.00,-6.02424734,106.08619343
27_CILEGON_TIMUR_ACCESS_BOJONEGARA_ALL_R082,CILEGON TIMUR,ACCESS,BOJONEGARA,ALL,225.00,-6.02429036,106.08620658
27_CILEGON_TIMUR_ACCESS_BOJONEGARA_ALL_R082,CILEGON TIMUR,ACCESS,BOJONEGARA,ALL,230.00,-6.02433338,106.08621973
27_CILEGON_TIMUR_ACCESS_BOJONEGARA_ALL_R082,CILEGON TIMUR,ACCESS,BOJONEGARA,ALL,235.00,-6.02437640,106.08623287
27_CILEGON_TIMUR_ACCESS_BOJONEGARA_ALL_R082,CILEGON TIMUR,ACCESS,BOJONEGARA,ALL,240.00,-6.02441943,106.08624602
27_CILEGON_TIMUR_ACCESS_BOJONEGARA_ALL_R082,CILEGON TIMUR,ACCESS,BOJONEGARA,ALL,245.00,-6.02446245,106.08625917
27_CILEGON_TIMUR_ACCESS_BOJONEGARA_ALL_R082,CILEGON TIMUR,ACCESS,BOJONEGARA,ALL,250.00,-6.02447983,106.08622452
27_CILEGON_TIMUR_ACCESS_BOJONEGARA_ALL_R082,CILEGON TIMUR,ACCESS,BOJONEGARA,ALL,255.00,-6.02449251,106.08618115
27_CILEGON_TIMUR_ACCESS_BOJONEGARA_ALL_R082,CILEGON TIMUR,ACCESS,BOJONEGARA,ALL,260.00,-6.02450520,106.08613777
27_CILEGON_TIMUR_ACCESS_BOJONEGARA_ALL_R082,CILEGON TIMUR,ACCESS,BOJONEGARA,ALL,265.00,-6.02451789,106.08609439
27_CILEGON_TIMUR_ACCESS_BOJONEGARA_ALL_R082,CILEGON TIMUR,ACCESS,BOJONEGARA,ALL,270.00,-6.02453057,106.08605101
27_CILEGON_TIMUR_ACCESS_BOJONEGARA_ALL_R082,CILEGON TIMUR,ACCESS,BOJONEGARA,ALL,275.00,-6.02454326,106.08600763
27_CILEGON_TIMUR_ACCESS_BOJONEGARA_ALL_R082,CILEGON TIMUR,ACCESS,BOJONEGARA,ALL,280.00,-6.02455590,106.08596424
27_CILEGON_TIMUR_ACCESS_BOJONEGARA_ALL_R082,CILEGON TIMUR,ACCESS,BOJONEGARA,ALL,285.00,-6.02456839,106.08592080
27_CILEGON_TIMUR_ACCESS_BOJONEGARA_ALL_R082,CILEGON TIMUR,ACCESS,BOJONEGARA,ALL,290.00,-6.02458087,106.08587736
27_CILEGON_TIMUR_ACCESS_BOJONEGARA_ALL_R082,CILEGON TIMUR,ACCESS,BOJONEGARA,ALL,295.00,-6.02459335,106.08583392
27_CILEGON_TIMUR_ACCESS_BOJONEGARA_ALL_R082,CILEGON TIMUR,ACCESS,BOJONEGARA,ALL,300.00,-6.02460584,106.08579048
27_CILEGON_TIMUR_ACCESS_BOJONEGARA_ALL_R082,CILEGON TIMUR,ACCESS,BOJONEGARA,ALL,305.00,-6.02461846,106.08574709
27_CILEGON_TIMUR_ACCESS_BOJONEGARA_ALL_R082,CILEGON TIMUR,ACCESS,BOJONEGARA,ALL,310.00,-6.02463511,106.08570509
27_CILEGON_TIMUR_ACCESS_BOJONEGARA_ALL_R082,CILEGON TIMUR,ACCESS,BOJONEGARA,ALL,315.00,-6.02466070,106.08566822
27_CILEGON_TIMUR_ACCESS_BOJONEGARA_ALL_R082,CILEGON TIMUR,ACCESS,BOJONEGARA,ALL,320.00,-6.02469173,106.08563560
27_CILEGON_TIMUR_ACCESS_BOJONEGARA_ALL_R082,CILEGON TIMUR,ACCESS,BOJONEGARA,ALL,325.00,-6.02472742,106.08560844
27_CILEGON_TIMUR_ACCESS_BOJONEGARA_ALL_R082,CILEGON TIMUR,ACCESS,BOJONEGARA,ALL,330.00,-6.02476486,106.08558340
27_CILEGON_TIMUR_ACCESS_BOJONEGARA_ALL_R082,CILEGON TIMUR,ACCESS,BOJONEGARA,ALL,335.00,-6.02480321,106.08556818
27_CILEGON_TIMUR_ACCESS_BOJONEGARA_ALL_R082,CILEGON TIMUR,ACCESS,BOJONEGARA,ALL,340.00,-6.02484519,106.08558438
27_CILEGON_TIMUR_ACCESS_BOJONEGARA_ALL_R082,CILEGON TIMUR,ACCESS,BOJONEGARA,ALL,345.00,-6.02488717,106.08560058
27_CILEGON_TIMUR_ACCESS_BOJONEGARA_ALL_R082,CILEGON TIMUR,ACCESS,BOJONEGARA,ALL,350.00,-6.02492915,106.08561678
27_CILEGON_TIMUR_ACCESS_BOJONEGARA_ALL_R082,CILEGON TIMUR,ACCESS,BOJONEGARA,ALL,355.00,-6.02497113,106.08563298
27_CILEGON_TIMUR_ACCESS_BOJONEGARA_ALL_R082,CILEGON TIMUR,ACCESS,BOJONEGARA,ALL,360.00,-6.02501311,106.08564918
27_CILEGON_TIMUR_ACCESS_BOJONEGARA_ALL_R082,CILEGON TIMUR,ACCESS,BOJONEGARA,ALL,365.00,-6.02505509,106.08566538
27_CILEGON_TIMUR_ACCESS_BOJONEGARA_ALL_R082,CILEGON TIMUR,ACCESS,BOJONEGARA,ALL,370.00,-6.02509707,106.08568158
27_CILEGON_TIMUR_ACCESS_BOJONEGARA_ALL_R082,CILEGON TIMUR,ACCESS,BOJONEGARA,ALL,375.00,-6.02513837,106.08569865
27_CILEGON_TIMUR_ACCESS_BOJONEGARA_ALL_R082,CILEGON TIMUR,ACCESS,BOJONEGARA,ALL,380.00,-6.02516407,106.08573575
27_CILEGON_TIMUR_ACCESS_BOJONEGARA_ALL_R082,CILEGON TIMUR,ACCESS,BOJONEGARA,ALL,385.00,-6.02518977,106.08576974
27_CILEGON_TIMUR_ACCESS_BOJONEGARA_ALL_R082,CILEGON TIMUR,ACCESS,BOJONEGARA,ALL,390.00,-6.02521525,106.08573249
27_CILEGON_TIMUR_ACCESS_BOJONEGARA_ALL_R082,CILEGON TIMUR,ACCESS,BOJONEGARA,ALL,395.00,-6.02524074,106.08569524
27_CILEGON_TIMUR_ACCESS_BOJONEGARA_ALL_R082,CILEGON TIMUR,ACCESS,BOJONEGARA,ALL,400.00,-6.02528151,106.08567634
27_CILEGON_TIMUR_ACCESS_BOJONEGARA_ALL_R082,CILEGON TIMUR,ACCESS,BOJONEGARA,ALL,405.00,-6.02532077,106.08565438
27_CILEGON_TIMUR_ACCESS_BOJONEGARA_ALL_R082,CILEGON TIMUR,ACCESS,BOJONEGARA,ALL,410.00,-6.02536177,106.08563582
27_CILEGON_TIMUR_ACCESS_BOJONEGARA_ALL_R082,CILEGON TIMUR,ACCESS,BOJONEGARA,ALL,415.00,-6.02540278,106.08561726
27_CILEGON_TIMUR_ACCESS_BOJONEGARA_ALL_R082,CILEGON TIMUR,ACCESS,BOJONEGARA,ALL,420.00,-6.02544427,106.08559995
27_CILEGON_TIMUR_ACCESS_BOJONEGARA_ALL_R082,CILEGON TIMUR,ACCESS,BOJONEGARA,ALL,425.00,-6.02548686,106.08558545
27_CILEGON_TIMUR_ACCESS_BOJONEGARA_ALL_R082,CILEGON TIMUR,ACCESS,BOJONEGARA,ALL,430.00,-6.02552945,106.08557094
27_CILEGON_TIMUR_ACCESS_BOJONEGARA_ALL_R082,CILEGON TIMUR,ACCESS,BOJONEGARA,ALL,435.00,-6.02557303,106.08556031
27_CILEGON_TIMUR_ACCESS_BOJONEGARA_ALL_R082,CILEGON TIMUR,ACCESS,BOJONEGARA,ALL,440.00,-6.02561728,106.08555228
27_CILEGON_TIMUR_ACCESS_BOJONEGARA_ALL_R082,CILEGON TIMUR,ACCESS,BOJONEGARA,ALL,445.00,-6.02566153,106.08554425
27_CILEGON_TIMUR_ACCESS_BOJONEGARA_ALL_R082,CILEGON TIMUR,ACCESS,BOJONEGARA,ALL,450.00,-6.02570588,106.08553687
27_CILEGON_TIMUR_ACCESS_BOJONEGARA_ALL_R082,CILEGON TIMUR,ACCESS,BOJONEGARA,ALL,455.00,-6.02575056,106.08553178
27_CILEGON_TIMUR_ACCESS_BOJONEGARA_ALL_R082,CILEGON TIMUR,ACCESS,BOJONEGARA,ALL,460.00,-6.02579524,106.08552669
27_CILEGON_TIMUR_ACCESS_BOJONEGARA_ALL_R082,CILEGON TIMUR,ACCESS,BOJONEGARA,ALL,465.00,-6.02583992,106.08552159
27_CILEGON_TIMUR_ACCESS_BOJONEGARA_ALL_R082,CILEGON TIMUR,ACCESS,BOJONEGARA,ALL,470.00,-6.02588460,106.08551650
27_CILEGON_TIMUR_ACCESS_BOJONEGARA_ALL_R082,CILEGON TIMUR,ACCESS,BOJONEGARA,ALL,475.00,-6.02592928,106.08551140
27_CILEGON_TIMUR_ACCESS_BOJONEGARA_ALL_R082,CILEGON TIMUR,ACCESS,BOJONEGARA,ALL,480.00,-6.02597396,106.08550631
27_CILEGON_TIMUR_ACCESS_BOJONEGARA_ALL_R082,CILEGON TIMUR,ACCESS,BOJONEGARA,ALL,485.00,-6.02601864,106.08550122
27_CILEGON_TIMUR_ACCESS_BOJONEGARA_ALL_R082,CILEGON TIMUR,ACCESS,BOJONEGARA,ALL,490.00,-6.02606332,106.08549612
27_CILEGON_TIMUR_ACCESS_BOJONEGARA_ALL_R082,CILEGON TIMUR,ACCESS,BOJONEGARA,ALL,495.00,-6.02610800,106.08549103
27_CILEGON_TIMUR_ACCESS_BOJONEGARA_ALL_R082,CILEGON TIMUR,ACCESS,BOJONEGARA,ALL,500.00,-6.02615268,106.08548593
27_CILEGON_TIMUR_ACCESS_BOJONEGARA_ALL_R082,CILEGON TIMUR,ACCESS,BOJONEGARA,ALL,505.00,-6.02619736,106.08548084
27_CILEGON_TIMUR_ACCESS_BOJONEGARA_ALL_R082,CILEGON TIMUR,ACCESS,BOJONEGARA,ALL,510.00,-6.02624204,106.08547575
27_CILEGON_TIMUR_ACCESS_BOJONEGARA_ALL_R082,CILEGON TIMUR,ACCESS,BOJONEGARA,ALL,515.00,-6.02628682,106.08547203
27_CILEGON_TIMUR_ACCESS_BOJONEGARA_ALL_R082,CILEGON TIMUR,ACCESS,BOJONEGARA,ALL,520.00,-6.02633175,106.08547005
27_CILEGON_TIMUR_ACCESS_BOJONEGARA_ALL_R082,CILEGON TIMUR,ACCESS,BOJONEGARA,ALL,525.00,-6.02637667,106.08546807
27_CILEGON_TIMUR_ACCESS_BOJONEGARA_ALL_R082,CILEGON TIMUR,ACCESS,BOJONEGARA,ALL,530.00,-6.02642159,106.08546609
27_CILEGON_TIMUR_ACCESS_BOJONEGARA_ALL_R082,CILEGON TIMUR,ACCESS,BOJONEGARA,ALL,535.00,-6.02646652,106.08546411
27_CILEGON_TIMUR_ACCESS_BOJONEGARA_ALL_R082,CILEGON TIMUR,ACCESS,BOJONEGARA,ALL,540.00,-6.02651144,106.08546212
27_CILEGON_TIMUR_ACCESS_BOJONEGARA_ALL_R082,CILEGON TIMUR,ACCESS,BOJONEGARA,ALL,545.00,-6.02655636,106.08546015
27_CILEGON_TIMUR_ACCESS_BOJONEGARA_ALL_R082,CILEGON TIMUR,ACCESS,BOJONEGARA,ALL,550.00,-6.02660129,106.08545817
27_CILEGON_TIMUR_ACCESS_BOJONEGARA_ALL_R082,CILEGON TIMUR,ACCESS,BOJONEGARA,ALL,555.00,-6.02664621,106.08545620
27_CILEGON_TIMUR_ACCESS_BOJONEGARA_ALL_R082,CILEGON TIMUR,ACCESS,BOJONEGARA,ALL,560.00,-6.02669113,106.08545422
27_CILEGON_TIMUR_ACCESS_BOJONEGARA_ALL_R082,CILEGON TIMUR,ACCESS,BOJONEGARA,ALL,565.00,-6.02673605,106.08545224
27_CILEGON_TIMUR_ACCESS_BOJONEGARA_ALL_R082,CILEGON TIMUR,ACCESS,BOJONEGARA,ALL,570.00,-6.02678098,106.08545025
27_CILEGON_TIMUR_ACCESS_BOJONEGARA_ALL_R082,CILEGON TIMUR,ACCESS,BOJONEGARA,ALL,575.00,-6.02682590,106.08544826
27_CILEGON_TIMUR_ACCESS_BOJONEGARA_ALL_R082,CILEGON TIMUR,ACCESS,BOJONEGARA,ALL,580.00,-6.02687082,106.08544627
27_CILEGON_TIMUR_ACCESS_BOJONEGARA_ALL_R082,CILEGON TIMUR,ACCESS,BOJONEGARA,ALL,585.00,-6.02691574,106.08544428
27_CILEGON_TIMUR_ACCESS_BOJONEGARA_ALL_R082,CILEGON TIMUR,ACCESS,BOJONEGARA,ALL,590.00,-6.02696067,106.08544229
27_CILEGON_TIMUR_ACCESS_BOJONEGARA_ALL_R082,CILEGON TIMUR,ACCESS,BOJONEGARA,ALL,595.00,-6.02700559,106.08544030
27_CILEGON_TIMUR_ACCESS_BOJONEGARA_ALL_R082,CILEGON TIMUR,ACCESS,BOJONEGARA,ALL,600.00,-6.02705051,106.08543831
27_CILEGON_TIMUR_ACCESS_BOJONEGARA_ALL_R082,CILEGON TIMUR,ACCESS,BOJONEGARA,ALL,605.00,-6.02709543,106.08543632
27_CILEGON_TIMUR_ACCESS_BOJONEGARA_ALL_R082,CILEGON TIMUR,ACCESS,BOJONEGARA,ALL,610.00,-6.02714036,106.08543433
27_CILEGON_TIMUR_ACCESS_BOJONEGARA_ALL_R082,CILEGON TIMUR,ACCESS,BOJONEGARA,ALL,615.00,-6.02718528,106.08543234
27_CILEGON_TIMUR_ACCESS_BOJONEGARA_ALL_R082,CILEGON TIMUR,ACCESS,BOJONEGARA,ALL,620.00,-6.02723020,106.08543036
27_CILEGON_TIMUR_ACCESS_BOJONEGARA_ALL_R082,CILEGON TIMUR,ACCESS,BOJONEGARA,ALL,625.00,-6.02727512,106.08542837
27_CILEGON_TIMUR_ACCESS_BOJONEGARA_ALL_R082,CILEGON TIMUR,ACCESS,BOJONEGARA,ALL,630.00,-6.02732005,106.08542638
27_CILEGON_TIMUR_ACCESS_BOJONEGARA_ALL_R082,CILEGON TIMUR,ACCESS,BOJONEGARA,ALL,635.00,-6.02736497,106.08542439
27_CILEGON_TIMUR_ACCESS_BOJONEGARA_ALL_R082,CILEGON TIMUR,ACCESS,BOJONEGARA,ALL,640.00,-6.02740989,106.08542240
27_CILEGON_TIMUR_ACCESS_BOJONEGARA_ALL_R082,CILEGON TIMUR,ACCESS,BOJONEGARA,ALL,645.00,-6.02745482,106.08542041
27_CILEGON_TIMUR_ACCESS_BOJONEGARA_ALL_R082,CILEGON TIMUR,ACCESS,BOJONEGARA,ALL,650.00,-6.02749974,106.08541842
27_CILEGON_TIMUR_ACCESS_BOJONEGARA_ALL_R082,CILEGON TIMUR,ACCESS,BOJONEGARA,ALL,655.00,-6.02754466,106.08541643
27_CILEGON_TIMUR_ACCESS_BOJONEGARA_ALL_R082,CILEGON TIMUR,ACCESS,BOJONEGARA,ALL,660.00,-6.02758953,106.08541376
27_CILEGON_TIMUR_ACCESS_BOJONEGARA_ALL_R082,CILEGON TIMUR,ACCESS,BOJONEGARA,ALL,665.00,-6.02763442,106.08541102
27_CILEGON_TIMUR_ACCESS_BOJONEGARA_ALL_R082,CILEGON TIMUR,ACCESS,BOJONEGARA,ALL,670.00,-6.02767930,106.08540830
27_CILEGON_TIMUR_ACCESS_BOJONEGARA_ALL_R082,CILEGON TIMUR,ACCESS,BOJONEGARA,ALL,675.00,-6.02772419,106.08540558
27_CILEGON_TIMUR_ACCESS_BOJONEGARA_ALL_R082,CILEGON TIMUR,ACCESS,BOJONEGARA,ALL,680.00,-6.02776909,106.08540329
27_CILEGON_TIMUR_ACCESS_BOJONEGARA_ALL_R082,CILEGON TIMUR,ACCESS,BOJONEGARA,ALL,685.00,-6.02781401,106.08540113
27_CILEGON_TIMUR_ACCESS_BOJONEGARA_ALL_R082,CILEGON TIMUR,ACCESS,BOJONEGARA,ALL,690.00,-6.02785892,106.08539898
27_CILEGON_TIMUR_ACCESS_BOJONEGARA_ALL_R082,CILEGON TIMUR,ACCESS,BOJONEGARA,ALL,695.00,-6.02790384,106.08539682
27_CILEGON_TIMUR_ACCESS_BOJONEGARA_ALL_R082,CILEGON TIMUR,ACCESS,BOJONEGARA,ALL,700.00,-6.02794875,106.08539466
27_CILEGON_TIMUR_ACCESS_BOJONEGARA_ALL_R082,CILEGON TIMUR,ACCESS,BOJONEGARA,ALL,705.00,-6.02799367,106.08539251
27_CILEGON_TIMUR_ACCESS_BOJONEGARA_ALL_R082,CILEGON TIMUR,ACCESS,BOJONEGARA,ALL,710.00,-6.02803858,106.08539035
27_CILEGON_TIMUR_ACCESS_BOJONEGARA_ALL_R082,CILEGON TIMUR,ACCESS,BOJONEGARA,ALL,715.00,-6.02808350,106.08538820
27_CILEGON_TIMUR_ACCESS_BOJONEGARA_ALL_R082,CILEGON TIMUR,ACCESS,BOJONEGARA,ALL,720.00,-6.02812841,106.08538604
27_CILEGON_TIMUR_ACCESS_BOJONEGARA_ALL_R082,CILEGON TIMUR,ACCESS,BOJONEGARA,ALL,725.00,-6.02817333,106.08538388
27_CILEGON_TIMUR_ACCESS_BOJONEGARA_ALL_R082,CILEGON TIMUR,ACCESS,BOJONEGARA,ALL,730.00,-6.02821824,106.08538173
27_CILEGON_TIMUR_ACCESS_BOJONEGARA_ALL_R082,CILEGON TIMUR,ACCESS,BOJONEGARA,ALL,735.00,-6.02826316,106.08537957
27_CILEGON_TIMUR_ACCESS_BOJONEGARA_ALL_R082,CILEGON TIMUR,ACCESS,BOJONEGARA,ALL,740.00,-6.02830807,106.08537742
27_CILEGON_TIMUR_ACCESS_BOJONEGARA_ALL_R082,CILEGON TIMUR,ACCESS,BOJONEGARA,ALL,745.00,-6.02835299,106.08537526
27_CILEGON_TIMUR_ACCESS_BOJONEGARA_ALL_R082,CILEGON TIMUR,ACCESS,BOJONEGARA,ALL,750.00,-6.02839790,106.08537310
27_CILEGON_TIMUR_ACCESS_BOJONEGARA_ALL_R082,CILEGON TIMUR,ACCESS,BOJONEGARA,ALL,755.00,-6.02844282,106.08537095
27_CILEGON_TIMUR_ACCESS_BOJONEGARA_ALL_R082,CILEGON TIMUR,ACCESS,BOJONEGARA,ALL,760.00,-6.02848773,106.08536879
27_CILEGON_TIMUR_ACCESS_BOJONEGARA_ALL_R082,CILEGON TIMUR,ACCESS,BOJONEGARA,ALL,765.00,-6.02853265,106.08536664
27_CILEGON_TIMUR_ACCESS_BOJONEGARA_ALL_R082,CILEGON TIMUR,ACCESS,BOJONEGARA,ALL,770.00,-6.02857759,106.08536542
27_CILEGON_TIMUR_ACCESS_BOJONEGARA_ALL_R082,CILEGON TIMUR,ACCESS,BOJONEGARA,ALL,775.00,-6.02862255,106.08536468
27_CILEGON_TIMUR_ACCESS_BOJONEGARA_ALL_R082,CILEGON TIMUR,ACCESS,BOJONEGARA,ALL,780.00,-6.02866751,106.08536393
27_CILEGON_TIMUR_ACCESS_BOJONEGARA_ALL_R082,CILEGON TIMUR,ACCESS,BOJONEGARA,ALL,785.00,-6.02871247,106.08536316
27_CILEGON_TIMUR_ACCESS_BOJONEGARA_ALL_R082,CILEGON TIMUR,ACCESS,BOJONEGARA,ALL,790.00,-6.02875743,106.08536242
27_CILEGON_TIMUR_ACCESS_BOJONEGARA_ALL_R082,CILEGON TIMUR,ACCESS,BOJONEGARA,ALL,795.00,-6.02880239,106.08536168
27_CILEGON_TIMUR_ACCESS_BOJONEGARA_ALL_R082,CILEGON TIMUR,ACCESS,BOJONEGARA,ALL,800.00,-6.02884735,106.08536094
27_CILEGON_TIMUR_ACCESS_BOJONEGARA_ALL_R082,CILEGON TIMUR,ACCESS,BOJONEGARA,ALL,805.00,-6.02889231,106.08536019
27_CILEGON_TIMUR_ACCESS_BOJONEGARA_ALL_R082,CILEGON TIMUR,ACCESS,BOJONEGARA,ALL,810.00,-6.02893727,106.08535944
27_CILEGON_TIMUR_ACCESS_BOJONEGARA_ALL_R082,CILEGON TIMUR,ACCESS,BOJONEGARA,ALL,815.00,-6.02898223,106.08535868
27_CILEGON_TIMUR_ACCESS_BOJONEGARA_ALL_R082,CILEGON TIMUR,ACCESS,BOJONEGARA,ALL,820.00,-6.02902719,106.08535793
27_CILEGON_TIMUR_ACCESS_BOJONEGARA_ALL_R082,CILEGON TIMUR,ACCESS,BOJONEGARA,ALL,825.00,-6.02907215,106.08535718
27_CILEGON_TIMUR_ACCESS_BOJONEGARA_ALL_R082,CILEGON TIMUR,ACCESS,BOJONEGARA,ALL,830.00,-6.02911711,106.08535656
27_CILEGON_TIMUR_ACCESS_BOJONEGARA_ALL_R082,CILEGON TIMUR,ACCESS,BOJONEGARA,ALL,835.00,-6.02916208,106.08535598
27_CILEGON_TIMUR_ACCESS_BOJONEGARA_ALL_R082,CILEGON TIMUR,ACCESS,BOJONEGARA,ALL,840.00,-6.02920704,106.08535540
27_CILEGON_TIMUR_ACCESS_BOJONEGARA_ALL_R082,CILEGON TIMUR,ACCESS,BOJONEGARA,ALL,845.00,-6.02925200,106.08535482
27_CILEGON_TIMUR_ACCESS_BOJONEGARA_ALL_R082,CILEGON TIMUR,ACCESS,BOJONEGARA,ALL,850.00,-6.02929696,106.08535424
27_CILEGON_TIMUR_ACCESS_BOJONEGARA_ALL_R082,CILEGON TIMUR,ACCESS,BOJONEGARA,ALL,855.00,-6.02934193,106.08535366
27_CILEGON_TIMUR_ACCESS_BOJONEGARA_ALL_R082,CILEGON TIMUR,ACCESS,BOJONEGARA,ALL,860.00,-6.02938689,106.08535308
27_CILEGON_TIMUR_ACCESS_BOJONEGARA_ALL_R082,CILEGON TIMUR,ACCESS,BOJONEGARA,ALL,865.00,-6.02943185,106.08535250
27_CILEGON_TIMUR_ACCESS_BOJONEGARA_ALL_R082,CILEGON TIMUR,ACCESS,BOJONEGARA,ALL,870.00,-6.02947681,106.08535193
27_CILEGON_TIMUR_ACCESS_BOJONEGARA_ALL_R082,CILEGON TIMUR,ACCESS,BOJONEGARA,ALL,875.00,-6.02952178,106.08535135
27_CILEGON_TIMUR_ACCESS_BOJONEGARA_ALL_R082,CILEGON TIMUR,ACCESS,BOJONEGARA,ALL,880.00,-6.02956674,106.08535077
27_CILEGON_TIMUR_ACCESS_BOJONEGARA_ALL_R082,CILEGON TIMUR,ACCESS,BOJONEGARA,ALL,885.00,-6.02961170,106.08535019
27_CILEGON_TIMUR_ACCESS_BOJONEGARA_ALL_R082,CILEGON TIMUR,ACCESS,BOJONEGARA,ALL,890.00,-6.02965666,106.08534961
27_CILEGON_TIMUR_ACCESS_BOJONEGARA_ALL_R082,CILEGON TIMUR,ACCESS,BOJONEGARA,ALL,895.00,-6.02970162,106.08534903
27_CILEGON_TIMUR_ACCESS_BOJONEGARA_ALL_R082,CILEGON TIMUR,ACCESS,BOJONEGARA,ALL,900.00,-6.02974659,106.08534845
27_CILEGON_TIMUR_ACCESS_BOJONEGARA_ALL_R082,CILEGON TIMUR,ACCESS,BOJONEGARA,ALL,905.00,-6.02979155,106.08534787
27_CILEGON_TIMUR_ACCESS_BOJONEGARA_ALL_R082,CILEGON TIMUR,ACCESS,BOJONEGARA,ALL,910.00,-6.02983651,106.08534729
27_CILEGON_TIMUR_ACCESS_BOJONEGARA_ALL_R082,CILEGON TIMUR,ACCESS,BOJONEGARA,ALL,915.00,-6.02988136,106.08534475
27_CILEGON_TIMUR_ACCESS_BOJONEGARA_ALL_R082,CILEGON TIMUR,ACCESS,BOJONEGARA,ALL,920.00,-6.02992611,106.08534026
27_CILEGON_TIMUR_ACCESS_BOJONEGARA_ALL_R082,CILEGON TIMUR,ACCESS,BOJONEGARA,ALL,925.00,-6.02997085,106.08533577
27_CILEGON_TIMUR_ACCESS_BOJONEGARA_ALL_R082,CILEGON TIMUR,ACCESS,BOJONEGARA,ALL,930.00,-6.03001560,106.08533127
27_CILEGON_TIMUR_ACCESS_BOJONEGARA_ALL_R082,CILEGON TIMUR,ACCESS,BOJONEGARA,ALL,935.00,-6.03006034,106.08532678
27_CILEGON_TIMUR_ACCESS_BOJONEGARA_ALL_R082,CILEGON TIMUR,ACCESS,BOJONEGARA,ALL,940.00,-6.03010508,106.08532229
27_CILEGON_TIMUR_ACCESS_BOJONEGARA_ALL_R082,CILEGON TIMUR,ACCESS,BOJONEGARA,ALL,944.44,-6.03014480,106.08531830
28_CILEGON_BARAT_RAMP_A_OFF_R083,CILEGON BARAT,RAMP,A,OFF,0.00,-5.98592060,106.03544220
28_CILEGON_BARAT_RAMP_A_OFF_R083,CILEGON BARAT,RAMP,A,OFF,5.00,-5.98589131,106.03540790
28_CILEGON_BARAT_RAMP_A_OFF_R083,CILEGON BARAT,RAMP,A,OFF,10.00,-5.98586370,106.03537221
28_CILEGON_BARAT_RAMP_A_OFF_R083,CILEGON BARAT,RAMP,A,OFF,15.00,-5.98583612,106.03533650
28_CILEGON_BARAT_RAMP_A_OFF_R083,CILEGON BARAT,RAMP,A,OFF,20.00,-5.98580854,106.03530079
28_CILEGON_BARAT_RAMP_A_OFF_R083,CILEGON BARAT,RAMP,A,OFF,25.00,-5.98578097,106.03526508
28_CILEGON_BARAT_RAMP_A_OFF_R083,CILEGON BARAT,RAMP,A,OFF,30.00,-5.98575339,106.03522937
28_CILEGON_BARAT_RAMP_A_OFF_R083,CILEGON BARAT,RAMP,A,OFF,35.00,-5.98572581,106.03519366
28_CILEGON_BARAT_RAMP_A_OFF_R083,CILEGON BARAT,RAMP,A,OFF,40.00,-5.98572642,106.03515347
28_CILEGON_BARAT_RAMP_A_OFF_R083,CILEGON BARAT,RAMP,A,OFF,45.00,-5.98571756,106.03510989
28_CILEGON_BARAT_RAMP_A_OFF_R083,CILEGON BARAT,RAMP,A,OFF,50.00,-5.98569707,106.03506965
28_CILEGON_BARAT_RAMP_A_OFF_R083,CILEGON BARAT,RAMP,A,OFF,55.00,-5.98567657,106.03502940
28_CILEGON_BARAT_RAMP_A_OFF_R083,CILEGON BARAT,RAMP,A,OFF,60.00,-5.98565608,106.03498916
28_CILEGON_BARAT_RAMP_A_OFF_R083,CILEGON BARAT,RAMP,A,OFF,65.00,-5.98563081,106.03495184
28_CILEGON_BARAT_RAMP_A_OFF_R083,CILEGON BARAT,RAMP,A,OFF,70.00,-5.98560472,106.03491501
28_CILEGON_BARAT_RAMP_A_OFF_R083,CILEGON BARAT,RAMP,A,OFF,75.00,-5.98557863,106.03487819
28_CILEGON_BARAT_RAMP_A_OFF_R083,CILEGON BARAT,RAMP,A,OFF,80.00,-5.98555254,106.03484137
28_CILEGON_BARAT_RAMP_A_OFF_R083,CILEGON BARAT,RAMP,A,OFF,85.00,-5.98552645,106.03480454
28_CILEGON_BARAT_RAMP_A_OFF_R083,CILEGON BARAT,RAMP,A,OFF,90.00,-5.98550035,106.03476772
28_CILEGON_BARAT_RAMP_A_OFF_R083,CILEGON BARAT,RAMP,A,OFF,95.00,-5.98547426,106.03473090
28_CILEGON_BARAT_RAMP_A_OFF_R083,CILEGON BARAT,RAMP,A,OFF,100.00,-5.98544817,106.03469407
28_CILEGON_BARAT_RAMP_A_OFF_R083,CILEGON BARAT,RAMP,A,OFF,105.00,-5.98542208,106.03465725
28_CILEGON_BARAT_RAMP_A_OFF_R083,CILEGON BARAT,RAMP,A,OFF,110.00,-5.98539599,106.03462043
28_CILEGON_BARAT_RAMP_A_OFF_R083,CILEGON BARAT,RAMP,A,OFF,115.00,-5.98536990,106.03458360
28_CILEGON_BARAT_RAMP_A_OFF_R083,CILEGON BARAT,RAMP,A,OFF,120.00,-5.98534381,106.03454678
28_CILEGON_BARAT_RAMP_A_OFF_R083,CILEGON BARAT,RAMP,A,OFF,125.00,-5.98531772,106.03450995
28_CILEGON_BARAT_RAMP_A_OFF_R083,CILEGON BARAT,RAMP,A,OFF,130.00,-5.98529163,106.03447313
28_CILEGON_BARAT_RAMP_A_OFF_R083,CILEGON BARAT,RAMP,A,OFF,135.00,-5.98526554,106.03443631
28_CILEGON_BARAT_RAMP_A_OFF_R083,CILEGON BARAT,RAMP,A,OFF,140.00,-5.98523945,106.03439948
28_CILEGON_BARAT_RAMP_A_OFF_R083,CILEGON BARAT,RAMP,A,OFF,145.00,-5.98521336,106.03436266
28_CILEGON_BARAT_RAMP_A_OFF_R083,CILEGON BARAT,RAMP,A,OFF,150.00,-5.98518727,106.03432584
28_CILEGON_BARAT_RAMP_A_OFF_R083,CILEGON BARAT,RAMP,A,OFF,155.00,-5.98516277,106.03428793
28_CILEGON_BARAT_RAMP_A_OFF_R083,CILEGON BARAT,RAMP,A,OFF,160.00,-5.98513840,106.03424993
28_CILEGON_BARAT_RAMP_A_OFF_R083,CILEGON BARAT,RAMP,A,OFF,165.00,-5.98511402,106.03421194
28_CILEGON_BARAT_RAMP_A_OFF_R083,CILEGON BARAT,RAMP,A,OFF,170.00,-5.98508964,106.03417395
28_CILEGON_BARAT_RAMP_A_OFF_R083,CILEGON BARAT,RAMP,A,OFF,175.00,-5.98506501,106.03413613
28_CILEGON_BARAT_RAMP_A_OFF_R083,CILEGON BARAT,RAMP,A,OFF,180.00,-5.98503972,106.03409875
28_CILEGON_BARAT_RAMP_A_OFF_R083,CILEGON BARAT,RAMP,A,OFF,185.00,-5.98501442,106.03406137
28_CILEGON_BARAT_RAMP_A_OFF_R083,CILEGON BARAT,RAMP,A,OFF,190.00,-5.98498912,106.03402399
28_CILEGON_BARAT_RAMP_A_OFF_R083,CILEGON BARAT,RAMP,A,OFF,195.00,-5.98496383,106.03398661
28_CILEGON_BARAT_RAMP_A_OFF_R083,CILEGON BARAT,RAMP,A,OFF,200.00,-5.98493853,106.03394923
28_CILEGON_BARAT_RAMP_A_OFF_R083,CILEGON BARAT,RAMP,A,OFF,205.00,-5.98491323,106.03391185
28_CILEGON_BARAT_RAMP_A_OFF_R083,CILEGON BARAT,RAMP,A,OFF,210.00,-5.98488794,106.03387447
28_CILEGON_BARAT_RAMP_A_OFF_R083,CILEGON BARAT,RAMP,A,OFF,215.00,-5.98486264,106.03383709
28_CILEGON_BARAT_RAMP_A_OFF_R083,CILEGON BARAT,RAMP,A,OFF,220.00,-5.98483734,106.03379971
28_CILEGON_BARAT_RAMP_A_OFF_R083,CILEGON BARAT,RAMP,A,OFF,225.00,-5.98481330,106.03376150
28_CILEGON_BARAT_RAMP_A_OFF_R083,CILEGON BARAT,RAMP,A,OFF,230.00,-5.98478928,106.03372328
28_CILEGON_BARAT_RAMP_A_OFF_R083,CILEGON BARAT,RAMP,A,OFF,235.00,-5.98476557,106.03368486
28_CILEGON_BARAT_RAMP_A_OFF_R083,CILEGON BARAT,RAMP,A,OFF,240.00,-5.98474158,106.03364663
28_CILEGON_BARAT_RAMP_A_OFF_R083,CILEGON BARAT,RAMP,A,OFF,245.00,-5.98471699,106.03360877
28_CILEGON_BARAT_RAMP_A_OFF_R083,CILEGON BARAT,RAMP,A,OFF,246.46,-5.98470980,106.03359770
28_CILEGON_BARAT_RAMP_B_ON_R084,CILEGON BARAT,RAMP,B,ON,0.00,-5.98404690,106.03365770
28_CILEGON_BARAT_RAMP_B_ON_R084,CILEGON BARAT,RAMP,B,ON,5.00,-5.98407796,106.03369039
28_CILEGON_BARAT_RAMP_B_ON_R084,CILEGON BARAT,RAMP,B,ON,10.00,-5.98410902,106.03372308
28_CILEGON_BARAT_RAMP_B_ON_R084,CILEGON BARAT,RAMP,B,ON,15.00,-5.98414009,106.03375577
28_CILEGON_BARAT_RAMP_B_ON_R084,CILEGON BARAT,RAMP,B,ON,20.00,-5.98417115,106.03378846
28_CILEGON_BARAT_RAMP_B_ON_R084,CILEGON BARAT,RAMP,B,ON,25.00,-5.98420221,106.03382115
28_CILEGON_BARAT_RAMP_B_ON_R084,CILEGON BARAT,RAMP,B,ON,30.00,-5.98423330,106.03385382
28_CILEGON_BARAT_RAMP_B_ON_R084,CILEGON BARAT,RAMP,B,ON,35.00,-5.98426439,106.03388648
28_CILEGON_BARAT_RAMP_B_ON_R084,CILEGON BARAT,RAMP,B,ON,40.00,-5.98429549,106.03391914
28_CILEGON_BARAT_RAMP_B_ON_R084,CILEGON BARAT,RAMP,B,ON,45.00,-5.98432658,106.03395180
28_CILEGON_BARAT_RAMP_B_ON_R084,CILEGON BARAT,RAMP,B,ON,50.00,-5.98435767,106.03398446
28_CILEGON_BARAT_RAMP_B_ON_R084,CILEGON BARAT,RAMP,B,ON,55.00,-5.98438877,106.03401713
28_CILEGON_BARAT_RAMP_B_ON_R084,CILEGON BARAT,RAMP,B,ON,60.00,-5.98441986,106.03404979
28_CILEGON_BARAT_RAMP_B_ON_R084,CILEGON BARAT,RAMP,B,ON,65.00,-5.98445095,106.03408245
28_CILEGON_BARAT_RAMP_B_ON_R084,CILEGON BARAT,RAMP,B,ON,70.00,-5.98448205,106.03411511
28_CILEGON_BARAT_RAMP_B_ON_R084,CILEGON BARAT,RAMP,B,ON,75.00,-5.98451314,106.03414777
28_CILEGON_BARAT_RAMP_B_ON_R084,CILEGON BARAT,RAMP,B,ON,80.00,-5.98454423,106.03418043
28_CILEGON_BARAT_RAMP_B_ON_R084,CILEGON BARAT,RAMP,B,ON,85.00,-5.98457532,106.03421309
28_CILEGON_BARAT_RAMP_B_ON_R084,CILEGON BARAT,RAMP,B,ON,90.00,-5.98460642,106.03424576
28_CILEGON_BARAT_RAMP_B_ON_R084,CILEGON BARAT,RAMP,B,ON,95.00,-5.98463751,106.03427842
28_CILEGON_BARAT_RAMP_B_ON_R084,CILEGON BARAT,RAMP,B,ON,100.00,-5.98466860,106.03431108
28_CILEGON_BARAT_RAMP_B_ON_R084,CILEGON BARAT,RAMP,B,ON,105.00,-5.98469896,106.03434442
28_CILEGON_BARAT_RAMP_B_ON_R084,CILEGON BARAT,RAMP,B,ON,110.00,-5.98472896,106.03437811
28_CILEGON_BARAT_RAMP_B_ON_R084,CILEGON BARAT,RAMP,B,ON,115.00,-5.98475895,106.03441179
28_CILEGON_BARAT_RAMP_B_ON_R084,CILEGON BARAT,RAMP,B,ON,120.00,-5.98478895,106.03444548
28_CILEGON_BARAT_RAMP_B_ON_R084,CILEGON BARAT,RAMP,B,ON,125.00,-5.98481894,106.03447916
28_CILEGON_BARAT_RAMP_B_ON_R084,CILEGON BARAT,RAMP,B,ON,130.00,-5.98484893,106.03451284
28_CILEGON_BARAT_RAMP_B_ON_R084,CILEGON BARAT,RAMP,B,ON,135.00,-5.98487893,106.03454653
28_CILEGON_BARAT_RAMP_B_ON_R084,CILEGON BARAT,RAMP,B,ON,140.00,-5.98491065,106.03457856
28_CILEGON_BARAT_RAMP_B_ON_R084,CILEGON BARAT,RAMP,B,ON,145.00,-5.98494277,106.03461020
28_CILEGON_BARAT_RAMP_B_ON_R084,CILEGON BARAT,RAMP,B,ON,150.00,-5.98497489,106.03464184
28_CILEGON_BARAT_RAMP_B_ON_R084,CILEGON BARAT,RAMP,B,ON,155.00,-5.98500701,106.03467348
28_CILEGON_BARAT_RAMP_B_ON_R084,CILEGON BARAT,RAMP,B,ON,160.00,-5.98503913,106.03470512
28_CILEGON_BARAT_RAMP_B_ON_R084,CILEGON BARAT,RAMP,B,ON,165.00,-5.98507125,106.03473676
28_CILEGON_BARAT_RAMP_B_ON_R084,CILEGON BARAT,RAMP,B,ON,170.00,-5.98510337,106.03476840
28_CILEGON_BARAT_RAMP_B_ON_R084,CILEGON BARAT,RAMP,B,ON,175.00,-5.98513549,106.03480004
28_CILEGON_BARAT_RAMP_B_ON_R084,CILEGON BARAT,RAMP,B,ON,180.00,-5.98516761,106.03483168
28_CILEGON_BARAT_RAMP_B_ON_R084,CILEGON BARAT,RAMP,B,ON,185.00,-5.98519973,106.03486332
28_CILEGON_BARAT_RAMP_B_ON_R084,CILEGON BARAT,RAMP,B,ON,190.00,-5.98524239,106.03487127
28_CILEGON_BARAT_RAMP_B_ON_R084,CILEGON BARAT,RAMP,B,ON,195.00,-5.98528726,106.03487426
28_CILEGON_BARAT_RAMP_B_ON_R084,CILEGON BARAT,RAMP,B,ON,200.00,-5.98531650,106.03490711
28_CILEGON_BARAT_RAMP_B_ON_R084,CILEGON BARAT,RAMP,B,ON,205.00,-5.98534437,106.03494259
28_CILEGON_BARAT_RAMP_B_ON_R084,CILEGON BARAT,RAMP,B,ON,210.00,-5.98537223,106.03497808
28_CILEGON_BARAT_RAMP_B_ON_R084,CILEGON BARAT,RAMP,B,ON,215.00,-5.98540010,106.03501356
28_CILEGON_BARAT_RAMP_B_ON_R084,CILEGON BARAT,RAMP,B,ON,220.00,-5.98542796,106.03504905
28_CILEGON_BARAT_RAMP_B_ON_R084,CILEGON BARAT,RAMP,B,ON,225.00,-5.98545583,106.03508453
28_CILEGON_BARAT_RAMP_B_ON_R084,CILEGON BARAT,RAMP,B,ON,230.00,-5.98548369,106.03512002
28_CILEGON_BARAT_RAMP_B_ON_R084,CILEGON BARAT,RAMP,B,ON,235.00,-5.98551156,106.03515550
28_CILEGON_BARAT_RAMP_B_ON_R084,CILEGON BARAT,RAMP,B,ON,240.00,-5.98553942,106.03519099
28_CILEGON_BARAT_RAMP_B_ON_R084,CILEGON BARAT,RAMP,B,ON,245.00,-5.98556728,106.03522647
28_CILEGON_BARAT_RAMP_B_ON_R084,CILEGON BARAT,RAMP,B,ON,250.00,-5.98559515,106.03526196
28_CILEGON_BARAT_RAMP_B_ON_R084,CILEGON BARAT,RAMP,B,ON,255.00,-5.98562301,106.03529744
28_CILEGON_BARAT_RAMP_B_ON_R084,CILEGON BARAT,RAMP,B,ON,260.00,-5.98565088,106.03533293
28_CILEGON_BARAT_RAMP_B_ON_R084,CILEGON BARAT,RAMP,B,ON,265.00,-5.98567874,106.03536842
28_CILEGON_BARAT_RAMP_B_ON_R084,CILEGON BARAT,RAMP,B,ON,270.00,-5.98570661,106.03540390
28_CILEGON_BARAT_RAMP_B_ON_R084,CILEGON BARAT,RAMP,B,ON,275.00,-5.98573447,106.03543939
28_CILEGON_BARAT_RAMP_B_ON_R084,CILEGON BARAT,RAMP,B,ON,280.00,-5.98576234,106.03547487
28_CILEGON_BARAT_RAMP_B_ON_R084,CILEGON BARAT,RAMP,B,ON,285.00,-5.98579020,106.03551036
28_CILEGON_BARAT_RAMP_B_ON_R084,CILEGON BARAT,RAMP,B,ON,286.87,-5.98580060,106.03552360
28_CILEGON_BARAT_GATE_PLAZA_EXIT_R085,CILEGON BARAT,GATE,PLAZA,EXIT,0.00,-5.98470980,106.03359770
28_CILEGON_BARAT_GATE_PLAZA_EXIT_R085,CILEGON BARAT,GATE,PLAZA,EXIT,5.00,-5.98468518,106.03355987
28_CILEGON_BARAT_GATE_PLAZA_EXIT_R085,CILEGON BARAT,GATE,PLAZA,EXIT,10.00,-5.98466056,106.03352203
28_CILEGON_BARAT_GATE_PLAZA_EXIT_R085,CILEGON BARAT,GATE,PLAZA,EXIT,15.00,-5.98463594,106.03348420
28_CILEGON_BARAT_GATE_PLAZA_EXIT_R085,CILEGON BARAT,GATE,PLAZA,EXIT,20.00,-5.98461132,106.03344636
28_CILEGON_BARAT_GATE_PLAZA_EXIT_R085,CILEGON BARAT,GATE,PLAZA,EXIT,25.00,-5.98458670,106.03340853
28_CILEGON_BARAT_GATE_PLAZA_EXIT_R085,CILEGON BARAT,GATE,PLAZA,EXIT,30.00,-5.98456208,106.03337070
28_CILEGON_BARAT_GATE_PLAZA_EXIT_R085,CILEGON BARAT,GATE,PLAZA,EXIT,35.00,-5.98453730,106.03333298
28_CILEGON_BARAT_GATE_PLAZA_EXIT_R085,CILEGON BARAT,GATE,PLAZA,EXIT,40.00,-5.98450840,106.03329835
28_CILEGON_BARAT_GATE_PLAZA_EXIT_R085,CILEGON BARAT,GATE,PLAZA,EXIT,45.00,-5.98447950,106.03326371
28_CILEGON_BARAT_GATE_PLAZA_EXIT_R085,CILEGON BARAT,GATE,PLAZA,EXIT,50.00,-5.98445060,106.03322907
28_CILEGON_BARAT_GATE_PLAZA_EXIT_R085,CILEGON BARAT,GATE,PLAZA,EXIT,55.00,-5.98442170,106.03319443
28_CILEGON_BARAT_GATE_PLAZA_EXIT_R085,CILEGON BARAT,GATE,PLAZA,EXIT,60.00,-5.98439282,106.03315978
28_CILEGON_BARAT_GATE_PLAZA_EXIT_R085,CILEGON BARAT,GATE,PLAZA,EXIT,65.00,-5.98436393,106.03312514
28_CILEGON_BARAT_GATE_PLAZA_EXIT_R085,CILEGON BARAT,GATE,PLAZA,EXIT,70.00,-5.98433504,106.03309049
28_CILEGON_BARAT_GATE_PLAZA_EXIT_R085,CILEGON BARAT,GATE,PLAZA,EXIT,75.00,-5.98430589,106.03305607
28_CILEGON_BARAT_GATE_PLAZA_EXIT_R085,CILEGON BARAT,GATE,PLAZA,EXIT,80.00,-5.98427565,106.03302261
28_CILEGON_BARAT_GATE_PLAZA_EXIT_R085,CILEGON BARAT,GATE,PLAZA,EXIT,85.00,-5.98424541,106.03298915
28_CILEGON_BARAT_GATE_PLAZA_EXIT_R085,CILEGON BARAT,GATE,PLAZA,EXIT,90.00,-5.98421517,106.03295568
28_CILEGON_BARAT_GATE_PLAZA_EXIT_R085,CILEGON BARAT,GATE,PLAZA,EXIT,95.00,-5.98418493,106.03292222
28_CILEGON_BARAT_GATE_PLAZA_EXIT_R085,CILEGON BARAT,GATE,PLAZA,EXIT,100.00,-5.98415469,106.03288876
28_CILEGON_BARAT_GATE_PLAZA_EXIT_R085,CILEGON BARAT,GATE,PLAZA,EXIT,105.00,-5.98412445,106.03285530
28_CILEGON_BARAT_GATE_PLAZA_EXIT_R085,CILEGON BARAT,GATE,PLAZA,EXIT,109.26,-5.98409870,106.03282680
28_CILEGON_BARAT_GATE_PLAZA_ENTRANCE_R086,CILEGON BARAT,GATE,PLAZA,ENTRANCE,0.00,-5.98349940,106.03307000
28_CILEGON_BARAT_GATE_PLAZA_ENTRANCE_R086,CILEGON BARAT,GATE,PLAZA,ENTRANCE,5.00,-5.98353012,106.03310302
28_CILEGON_BARAT_GATE_PLAZA_ENTRANCE_R086,CILEGON BARAT,GATE,PLAZA,ENTRANCE,10.00,-5.98356074,106.03313613
28_CILEGON_BARAT_GATE_PLAZA_ENTRANCE_R086,CILEGON BARAT,GATE,PLAZA,ENTRANCE,15.00,-5.98359138,106.03316922
28_CILEGON_BARAT_GATE_PLAZA_ENTRANCE_R086,CILEGON BARAT,GATE,PLAZA,ENTRANCE,20.00,-5.98362216,106.03320217
28_CILEGON_BARAT_GATE_PLAZA_ENTRANCE_R086,CILEGON BARAT,GATE,PLAZA,ENTRANCE,25.00,-5.98365295,106.03323512
28_CILEGON_BARAT_GATE_PLAZA_ENTRANCE_R086,CILEGON BARAT,GATE,PLAZA,ENTRANCE,30.00,-5.98368374,106.03326808
28_CILEGON_BARAT_GATE_PLAZA_ENTRANCE_R086,CILEGON BARAT,GATE,PLAZA,ENTRANCE,35.00,-5.98371450,106.03330105
28_CILEGON_BARAT_GATE_PLAZA_ENTRANCE_R086,CILEGON BARAT,GATE,PLAZA,ENTRANCE,40.00,-5.98374523,106.03333407
28_CILEGON_BARAT_GATE_PLAZA_ENTRANCE_R086,CILEGON BARAT,GATE,PLAZA,ENTRANCE,45.00,-5.98377595,106.03336708
28_CILEGON_BARAT_GATE_PLAZA_ENTRANCE_R086,CILEGON BARAT,GATE,PLAZA,ENTRANCE,50.00,-5.98380668,106.03340009
28_CILEGON_BARAT_GATE_PLAZA_ENTRANCE_R086,CILEGON BARAT,GATE,PLAZA,ENTRANCE,55.00,-5.98383740,106.03343310
28_CILEGON_BARAT_GATE_PLAZA_ENTRANCE_R086,CILEGON BARAT,GATE,PLAZA,ENTRANCE,60.00,-5.98386811,106.03346613
28_CILEGON_BARAT_GATE_PLAZA_ENTRANCE_R086,CILEGON BARAT,GATE,PLAZA,ENTRANCE,65.00,-5.98389882,106.03349915
28_CILEGON_BARAT_GATE_PLAZA_ENTRANCE_R086,CILEGON BARAT,GATE,PLAZA,ENTRANCE,70.00,-5.98392954,106.03353217
28_CILEGON_BARAT_GATE_PLAZA_ENTRANCE_R086,CILEGON BARAT,GATE,PLAZA,ENTRANCE,75.00,-5.98396025,106.03356520
28_CILEGON_BARAT_GATE_PLAZA_ENTRANCE_R086,CILEGON BARAT,GATE,PLAZA,ENTRANCE,80.00,-5.98399096,106.03359822
28_CILEGON_BARAT_GATE_PLAZA_ENTRANCE_R086,CILEGON BARAT,GATE,PLAZA,ENTRANCE,85.00,-5.98402169,106.03363123
28_CILEGON_BARAT_GATE_PLAZA_ENTRANCE_R086,CILEGON BARAT,GATE,PLAZA,ENTRANCE,89.05,-5.98404690,106.03365770
28_CILEGON_BARAT_ACCESS_ALL_R087,CILEGON BARAT,ACCESS,-,ALL,0.00,-5.99220140,106.02961010
28_CILEGON_BARAT_ACCESS_ALL_R087,CILEGON BARAT,ACCESS,-,ALL,5.00,-5.99216620,106.02963823
28_CILEGON_BARAT_ACCESS_ALL_R087,CILEGON BARAT,ACCESS,-,ALL,10.00,-5.99213011,106.02966516
28_CILEGON_BARAT_ACCESS_ALL_R087,CILEGON BARAT,ACCESS,-,ALL,15.00,-5.99209317,106.02969095
28_CILEGON_BARAT_ACCESS_ALL_R087,CILEGON BARAT,ACCESS,-,ALL,20.00,-5.99205624,106.02971674
28_CILEGON_BARAT_ACCESS_ALL_R087,CILEGON BARAT,ACCESS,-,ALL,25.00,-5.99201930,106.02974253
28_CILEGON_BARAT_ACCESS_ALL_R087,CILEGON BARAT,ACCESS,-,ALL,30.00,-5.99198237,106.02976831
28_CILEGON_BARAT_ACCESS_ALL_R087,CILEGON BARAT,ACCESS,-,ALL,35.00,-5.99194544,106.02979410
28_CILEGON_BARAT_ACCESS_ALL_R087,CILEGON BARAT,ACCESS,-,ALL,40.00,-5.99190850,106.02981989
28_CILEGON_BARAT_ACCESS_ALL_R087,CILEGON BARAT,ACCESS,-,ALL,45.00,-5.99187157,106.02984568
28_CILEGON_BARAT_ACCESS_ALL_R087,CILEGON BARAT,ACCESS,-,ALL,50.00,-5.99183463,106.02987147
28_CILEGON_BARAT_ACCESS_ALL_R087,CILEGON BARAT,ACCESS,-,ALL,55.00,-5.99179770,106.02989726
28_CILEGON_BARAT_ACCESS_ALL_R087,CILEGON BARAT,ACCESS,-,ALL,60.00,-5.99176076,106.02992305
28_CILEGON_BARAT_ACCESS_ALL_R087,CILEGON BARAT,ACCESS,-,ALL,65.00,-5.99172423,106.02994941
28_CILEGON_BARAT_ACCESS_ALL_R087,CILEGON BARAT,ACCESS,-,ALL,70.00,-5.99168787,106.02997601
28_CILEGON_BARAT_ACCESS_ALL_R087,CILEGON BARAT,ACCESS,-,ALL,75.00,-5.99165152,106.03000261
28_CILEGON_BARAT_ACCESS_ALL_R087,CILEGON BARAT,ACCESS,-,ALL,80.00,-5.99161516,106.03002921
28_CILEGON_BARAT_ACCESS_ALL_R087,CILEGON BARAT,ACCESS,-,ALL,85.00,-5.99157814,106.03005488
28_CILEGON_BARAT_ACCESS_ALL_R087,CILEGON BARAT,ACCESS,-,ALL,90.00,-5.99154100,106.03008036
28_CILEGON_BARAT_ACCESS_ALL_R087,CILEGON BARAT,ACCESS,-,ALL,95.00,-5.99150386,106.03010585
28_CILEGON_BARAT_ACCESS_ALL_R087,CILEGON BARAT,ACCESS,-,ALL,100.00,-5.99146672,106.03013134
28_CILEGON_BARAT_ACCESS_ALL_R087,CILEGON BARAT,ACCESS,-,ALL,105.00,-5.99142957,106.03015682
28_CILEGON_BARAT_ACCESS_ALL_R087,CILEGON BARAT,ACCESS,-,ALL,110.00,-5.99139243,106.03018231
28_CILEGON_BARAT_ACCESS_ALL_R087,CILEGON BARAT,ACCESS,-,ALL,115.00,-5.99135529,106.03020779
28_CILEGON_BARAT_ACCESS_ALL_R087,CILEGON BARAT,ACCESS,-,ALL,120.00,-5.99131815,106.03023328
28_CILEGON_BARAT_ACCESS_ALL_R087,CILEGON BARAT,ACCESS,-,ALL,125.00,-5.99128120,106.03025904
28_CILEGON_BARAT_ACCESS_ALL_R087,CILEGON BARAT,ACCESS,-,ALL,130.00,-5.99124425,106.03028482
28_CILEGON_BARAT_ACCESS_ALL_R087,CILEGON BARAT,ACCESS,-,ALL,135.00,-5.99120731,106.03031059
28_CILEGON_BARAT_ACCESS_ALL_R087,CILEGON BARAT,ACCESS,-,ALL,140.00,-5.99117037,106.03033637
28_CILEGON_BARAT_ACCESS_ALL_R087,CILEGON BARAT,ACCESS,-,ALL,145.00,-5.99113342,106.03036214
28_CILEGON_BARAT_ACCESS_ALL_R087,CILEGON BARAT,ACCESS,-,ALL,150.00,-5.99109648,106.03038792
28_CILEGON_BARAT_ACCESS_ALL_R087,CILEGON BARAT,ACCESS,-,ALL,155.00,-5.99105973,106.03041397
28_CILEGON_BARAT_ACCESS_ALL_R087,CILEGON BARAT,ACCESS,-,ALL,160.00,-5.99102318,106.03044031
28_CILEGON_BARAT_ACCESS_ALL_R087,CILEGON BARAT,ACCESS,-,ALL,165.00,-5.99098663,106.03046664
28_CILEGON_BARAT_ACCESS_ALL_R087,CILEGON BARAT,ACCESS,-,ALL,170.00,-5.99095007,106.03049297
28_CILEGON_BARAT_ACCESS_ALL_R087,CILEGON BARAT,ACCESS,-,ALL,175.00,-5.99091356,106.03051936
28_CILEGON_BARAT_ACCESS_ALL_R087,CILEGON BARAT,ACCESS,-,ALL,180.00,-5.99087705,106.03054575
28_CILEGON_BARAT_ACCESS_ALL_R087,CILEGON BARAT,ACCESS,-,ALL,185.00,-5.99084054,106.03057214
28_CILEGON_BARAT_ACCESS_ALL_R087,CILEGON BARAT,ACCESS,-,ALL,190.00,-5.99080401,106.03059850
28_CILEGON_BARAT_ACCESS_ALL_R087,CILEGON BARAT,ACCESS,-,ALL,195.00,-5.99076732,106.03062464
28_CILEGON_BARAT_ACCESS_ALL_R087,CILEGON BARAT,ACCESS,-,ALL,200.00,-5.99073015,106.03065008
28_CILEGON_BARAT_ACCESS_ALL_R087,CILEGON BARAT,ACCESS,-,ALL,205.00,-5.99069281,106.03067527
28_CILEGON_BARAT_ACCESS_ALL_R087,CILEGON BARAT,ACCESS,-,ALL,210.00,-5.99065547,106.03070046
28_CILEGON_BARAT_ACCESS_ALL_R087,CILEGON BARAT,ACCESS,-,ALL,215.00,-5.99061812,106.03072565
28_CILEGON_BARAT_ACCESS_ALL_R087,CILEGON BARAT,ACCESS,-,ALL,220.00,-5.99058078,106.03075084
28_CILEGON_BARAT_ACCESS_ALL_R087,CILEGON BARAT,ACCESS,-,ALL,225.00,-5.99054344,106.03077602
28_CILEGON_BARAT_ACCESS_ALL_R087,CILEGON BARAT,ACCESS,-,ALL,230.00,-5.99050643,106.03080169
28_CILEGON_BARAT_ACCESS_ALL_R087,CILEGON BARAT,ACCESS,-,ALL,235.00,-5.99047037,106.03082869
28_CILEGON_BARAT_ACCESS_ALL_R087,CILEGON BARAT,ACCESS,-,ALL,240.00,-5.99043430,106.03085569
28_CILEGON_BARAT_ACCESS_ALL_R087,CILEGON BARAT,ACCESS,-,ALL,245.00,-5.99039823,106.03088269
28_CILEGON_BARAT_ACCESS_ALL_R087,CILEGON BARAT,ACCESS,-,ALL,250.00,-5.99036217,106.03090969
28_CILEGON_BARAT_ACCESS_ALL_R087,CILEGON BARAT,ACCESS,-,ALL,255.00,-5.99032610,106.03093669
28_CILEGON_BARAT_ACCESS_ALL_R087,CILEGON BARAT,ACCESS,-,ALL,260.00,-5.99029001,106.03096367
28_CILEGON_BARAT_ACCESS_ALL_R087,CILEGON BARAT,ACCESS,-,ALL,265.00,-5.99025377,106.03099043
28_CILEGON_BARAT_ACCESS_ALL_R087,CILEGON BARAT,ACCESS,-,ALL,270.00,-5.99021753,106.03101720
28_CILEGON_BARAT_ACCESS_ALL_R087,CILEGON BARAT,ACCESS,-,ALL,275.00,-5.99018129,106.03104397
28_CILEGON_BARAT_ACCESS_ALL_R087,CILEGON BARAT,ACCESS,-,ALL,280.00,-5.99014505,106.03107073
28_CILEGON_BARAT_ACCESS_ALL_R087,CILEGON BARAT,ACCESS,-,ALL,285.00,-5.99010881,106.03109750
28_CILEGON_BARAT_ACCESS_ALL_R087,CILEGON BARAT,ACCESS,-,ALL,290.00,-5.99007101,106.03112190
28_CILEGON_BARAT_ACCESS_ALL_R087,CILEGON BARAT,ACCESS,-,ALL,295.00,-5.99003244,106.03114514
28_CILEGON_BARAT_ACCESS_ALL_R087,CILEGON BARAT,ACCESS,-,ALL,300.00,-5.98999387,106.03116838
28_CILEGON_BARAT_ACCESS_ALL_R087,CILEGON BARAT,ACCESS,-,ALL,305.00,-5.98995530,106.03119162
28_CILEGON_BARAT_ACCESS_ALL_R087,CILEGON BARAT,ACCESS,-,ALL,310.00,-5.98991672,106.03121486
28_CILEGON_BARAT_ACCESS_ALL_R087,CILEGON BARAT,ACCESS,-,ALL,315.00,-5.98987815,106.03123810
28_CILEGON_BARAT_ACCESS_ALL_R087,CILEGON BARAT,ACCESS,-,ALL,320.00,-5.98983958,106.03126134
28_CILEGON_BARAT_ACCESS_ALL_R087,CILEGON BARAT,ACCESS,-,ALL,325.00,-5.98980101,106.03128458
28_CILEGON_BARAT_ACCESS_ALL_R087,CILEGON BARAT,ACCESS,-,ALL,330.00,-5.98976244,106.03130782
28_CILEGON_BARAT_ACCESS_ALL_R087,CILEGON BARAT,ACCESS,-,ALL,335.00,-5.98972369,106.03133075
28_CILEGON_BARAT_ACCESS_ALL_R087,CILEGON BARAT,ACCESS,-,ALL,340.00,-5.98968424,106.03135241
28_CILEGON_BARAT_ACCESS_ALL_R087,CILEGON BARAT,ACCESS,-,ALL,345.00,-5.98964400,106.03137260
28_CILEGON_BARAT_ACCESS_ALL_R087,CILEGON BARAT,ACCESS,-,ALL,350.00,-5.98960377,106.03139279
28_CILEGON_BARAT_ACCESS_ALL_R087,CILEGON BARAT,ACCESS,-,ALL,355.00,-5.98956346,106.03141282
28_CILEGON_BARAT_ACCESS_ALL_R087,CILEGON BARAT,ACCESS,-,ALL,360.00,-5.98952298,106.03143251
28_CILEGON_BARAT_ACCESS_ALL_R087,CILEGON BARAT,ACCESS,-,ALL,365.00,-5.98948206,106.03145122
28_CILEGON_BARAT_ACCESS_ALL_R087,CILEGON BARAT,ACCESS,-,ALL,370.00,-5.98943721,106.03145444
28_CILEGON_BARAT_ACCESS_ALL_R087,CILEGON BARAT,ACCESS,-,ALL,375.00,-5.98939236,106.03145760
28_CILEGON_BARAT_ACCESS_ALL_R087,CILEGON BARAT,ACCESS,-,ALL,380.00,-5.98934750,106.03146076
28_CILEGON_BARAT_ACCESS_ALL_R087,CILEGON BARAT,ACCESS,-,ALL,385.00,-5.98930305,106.03146696
28_CILEGON_BARAT_ACCESS_ALL_R087,CILEGON BARAT,ACCESS,-,ALL,390.00,-5.98925893,106.03147570
28_CILEGON_BARAT_ACCESS_ALL_R087,CILEGON BARAT,ACCESS,-,ALL,395.00,-5.98921482,106.03148447
28_CILEGON_BARAT_ACCESS_ALL_R087,CILEGON BARAT,ACCESS,-,ALL,400.00,-5.98917082,106.03149379
28_CILEGON_BARAT_ACCESS_ALL_R087,CILEGON BARAT,ACCESS,-,ALL,405.00,-5.98912682,106.03150312
28_CILEGON_BARAT_ACCESS_ALL_R087,CILEGON BARAT,ACCESS,-,ALL,410.00,-5.98908282,106.03151245
28_CILEGON_BARAT_ACCESS_ALL_R087,CILEGON BARAT,ACCESS,-,ALL,415.00,-5.98903882,106.03152177
28_CILEGON_BARAT_ACCESS_ALL_R087,CILEGON BARAT,ACCESS,-,ALL,420.00,-5.98899482,106.03153110
28_CILEGON_BARAT_ACCESS_ALL_R087,CILEGON BARAT,ACCESS,-,ALL,425.00,-5.98895086,106.03154061
28_CILEGON_BARAT_ACCESS_ALL_R087,CILEGON BARAT,ACCESS,-,ALL,430.00,-5.98890704,106.03155072
28_CILEGON_BARAT_ACCESS_ALL_R087,CILEGON BARAT,ACCESS,-,ALL,435.00,-5.98886321,106.03156084
28_CILEGON_BARAT_ACCESS_ALL_R087,CILEGON BARAT,ACCESS,-,ALL,440.00,-5.98881938,106.03157095
28_CILEGON_BARAT_ACCESS_ALL_R087,CILEGON BARAT,ACCESS,-,ALL,445.00,-5.98877556,106.03158107
28_CILEGON_BARAT_ACCESS_ALL_R087,CILEGON BARAT,ACCESS,-,ALL,450.00,-5.98873173,106.03159118
28_CILEGON_BARAT_ACCESS_ALL_R087,CILEGON BARAT,ACCESS,-,ALL,455.00,-5.98868790,106.03160130
28_CILEGON_BARAT_ACCESS_ALL_R087,CILEGON BARAT,ACCESS,-,ALL,460.00,-5.98864408,106.03161141
28_CILEGON_BARAT_ACCESS_ALL_R087,CILEGON BARAT,ACCESS,-,ALL,465.00,-5.98860025,106.03162153
28_CILEGON_BARAT_ACCESS_ALL_R087,CILEGON BARAT,ACCESS,-,ALL,470.00,-5.98855642,106.03163164
28_CILEGON_BARAT_ACCESS_ALL_R087,CILEGON BARAT,ACCESS,-,ALL,475.00,-5.98851260,106.03164176
28_CILEGON_BARAT_ACCESS_ALL_R087,CILEGON BARAT,ACCESS,-,ALL,480.00,-5.98846877,106.03165187
28_CILEGON_BARAT_ACCESS_ALL_R087,CILEGON BARAT,ACCESS,-,ALL,485.00,-5.98842495,106.03166199
28_CILEGON_BARAT_ACCESS_ALL_R087,CILEGON BARAT,ACCESS,-,ALL,490.00,-5.98838112,106.03167211
28_CILEGON_BARAT_ACCESS_ALL_R087,CILEGON BARAT,ACCESS,-,ALL,495.00,-5.98833722,106.03168186
28_CILEGON_BARAT_ACCESS_ALL_R087,CILEGON BARAT,ACCESS,-,ALL,500.00,-5.98829290,106.03168946
28_CILEGON_BARAT_ACCESS_ALL_R087,CILEGON BARAT,ACCESS,-,ALL,505.00,-5.98824857,106.03169707
28_CILEGON_BARAT_ACCESS_ALL_R087,CILEGON BARAT,ACCESS,-,ALL,510.00,-5.98820540,106.03170962
28_CILEGON_BARAT_ACCESS_ALL_R087,CILEGON BARAT,ACCESS,-,ALL,515.00,-5.98816234,106.03172262
28_CILEGON_BARAT_ACCESS_ALL_R087,CILEGON BARAT,ACCESS,-,ALL,520.00,-5.98812014,106.03173816
28_CILEGON_BARAT_ACCESS_ALL_R087,CILEGON BARAT,ACCESS,-,ALL,525.00,-5.98807943,106.03175721
28_CILEGON_BARAT_ACCESS_ALL_R087,CILEGON BARAT,ACCESS,-,ALL,530.00,-5.98804090,106.03178036
28_CILEGON_BARAT_ACCESS_ALL_R087,CILEGON BARAT,ACCESS,-,ALL,535.00,-5.98800381,106.03180592
28_CILEGON_BARAT_ACCESS_ALL_R087,CILEGON BARAT,ACCESS,-,ALL,540.00,-5.98797045,106.03183623
28_CILEGON_BARAT_ACCESS_ALL_R087,CILEGON BARAT,ACCESS,-,ALL,545.00,-5.98793811,106.03186758
28_CILEGON_BARAT_ACCESS_ALL_R087,CILEGON BARAT,ACCESS,-,ALL,550.00,-5.98790767,106.03190086
28_CILEGON_BARAT_ACCESS_ALL_R087,CILEGON BARAT,ACCESS,-,ALL,555.00,-5.98787723,106.03193413
28_CILEGON_BARAT_ACCESS_ALL_R087,CILEGON BARAT,ACCESS,-,ALL,560.00,-5.98784679,106.03196741
28_CILEGON_BARAT_ACCESS_ALL_R087,CILEGON BARAT,ACCESS,-,ALL,565.00,-5.98781635,106.03200069
28_CILEGON_BARAT_ACCESS_ALL_R087,CILEGON BARAT,ACCESS,-,ALL,570.00,-5.98778553,106.03203362
28_CILEGON_BARAT_ACCESS_ALL_R087,CILEGON BARAT,ACCESS,-,ALL,575.00,-5.98775461,106.03206644
28_CILEGON_BARAT_ACCESS_ALL_R087,CILEGON BARAT,ACCESS,-,ALL,580.00,-5.98772368,106.03209926
28_CILEGON_BARAT_ACCESS_ALL_R087,CILEGON BARAT,ACCESS,-,ALL,585.00,-5.98769276,106.03213208
28_CILEGON_BARAT_ACCESS_ALL_R087,CILEGON BARAT,ACCESS,-,ALL,590.00,-5.98766183,106.03216490
28_CILEGON_BARAT_ACCESS_ALL_R087,CILEGON BARAT,ACCESS,-,ALL,595.00,-5.98763090,106.03219772
28_CILEGON_BARAT_ACCESS_ALL_R087,CILEGON BARAT,ACCESS,-,ALL,600.00,-5.98759998,106.03223054
28_CILEGON_BARAT_ACCESS_ALL_R087,CILEGON BARAT,ACCESS,-,ALL,605.00,-5.98756905,106.03226336
28_CILEGON_BARAT_ACCESS_ALL_R087,CILEGON BARAT,ACCESS,-,ALL,610.00,-5.98753827,106.03229632
28_CILEGON_BARAT_ACCESS_ALL_R087,CILEGON BARAT,ACCESS,-,ALL,615.00,-5.98750786,106.03232956
28_CILEGON_BARAT_ACCESS_ALL_R087,CILEGON BARAT,ACCESS,-,ALL,620.00,-5.98747504,106.03236047
28_CILEGON_BARAT_ACCESS_ALL_R087,CILEGON BARAT,ACCESS,-,ALL,625.00,-5.98744222,106.03239138
28_CILEGON_BARAT_ACCESS_ALL_R087,CILEGON BARAT,ACCESS,-,ALL,630.00,-5.98740915,106.03242200
28_CILEGON_BARAT_ACCESS_ALL_R087,CILEGON BARAT,ACCESS,-,ALL,635.00,-5.98737352,106.03244951
28_CILEGON_BARAT_ACCESS_ALL_R087,CILEGON BARAT,ACCESS,-,ALL,640.00,-5.98733412,106.03247124
28_CILEGON_BARAT_ACCESS_ALL_R087,CILEGON BARAT,ACCESS,-,ALL,645.00,-5.98729361,106.03249086
28_CILEGON_BARAT_ACCESS_ALL_R087,CILEGON BARAT,ACCESS,-,ALL,650.00,-5.98725034,106.03250312
28_CILEGON_BARAT_ACCESS_ALL_R087,CILEGON BARAT,ACCESS,-,ALL,655.00,-5.98720686,106.03251464
28_CILEGON_BARAT_ACCESS_ALL_R087,CILEGON BARAT,ACCESS,-,ALL,660.00,-5.98716308,106.03252488
28_CILEGON_BARAT_ACCESS_ALL_R087,CILEGON BARAT,ACCESS,-,ALL,665.00,-5.98711882,106.03253285
28_CILEGON_BARAT_ACCESS_ALL_R087,CILEGON BARAT,ACCESS,-,ALL,670.00,-5.98707402,106.03253511
28_CILEGON_BARAT_ACCESS_ALL_R087,CILEGON BARAT,ACCESS,-,ALL,675.00,-5.98702907,106.03253549
28_CILEGON_BARAT_ACCESS_ALL_R087,CILEGON BARAT,ACCESS,-,ALL,680.00,-5.98698416,106.03253358
28_CILEGON_BARAT_ACCESS_ALL_R087,CILEGON BARAT,ACCESS,-,ALL,685.00,-5.98693927,106.03253095
28_CILEGON_BARAT_ACCESS_ALL_R087,CILEGON BARAT,ACCESS,-,ALL,690.00,-5.98689452,106.03252690
28_CILEGON_BARAT_ACCESS_ALL_R087,CILEGON BARAT,ACCESS,-,ALL,695.00,-5.98685134,106.03251486
28_CILEGON_BARAT_ACCESS_ALL_R087,CILEGON BARAT,ACCESS,-,ALL,700.00,-5.98680890,106.03249999
28_CILEGON_BARAT_ACCESS_ALL_R087,CILEGON BARAT,ACCESS,-,ALL,705.00,-5.98676598,106.03248659
28_CILEGON_BARAT_ACCESS_ALL_R087,CILEGON BARAT,ACCESS,-,ALL,710.00,-5.98672425,106.03246977
28_CILEGON_BARAT_ACCESS_ALL_R087,CILEGON BARAT,ACCESS,-,ALL,715.00,-5.98668319,106.03245139
28_CILEGON_BARAT_ACCESS_ALL_R087,CILEGON BARAT,ACCESS,-,ALL,720.00,-5.98664320,106.03243076
28_CILEGON_BARAT_ACCESS_ALL_R087,CILEGON BARAT,ACCESS,-,ALL,725.00,-5.98660463,106.03240752
28_CILEGON_BARAT_ACCESS_ALL_R087,CILEGON BARAT,ACCESS,-,ALL,730.00,-5.98656607,106.03238427
28_CILEGON_BARAT_ACCESS_ALL_R087,CILEGON BARAT,ACCESS,-,ALL,735.00,-5.98652750,106.03236103
28_CILEGON_BARAT_ACCESS_ALL_R087,CILEGON BARAT,ACCESS,-,ALL,740.00,-5.98648856,106.03233843
28_CILEGON_BARAT_ACCESS_ALL_R087,CILEGON BARAT,ACCESS,-,ALL,745.00,-5.98644895,106.03231704
28_CILEGON_BARAT_ACCESS_ALL_R087,CILEGON BARAT,ACCESS,-,ALL,750.00,-5.98640934,106.03229564
28_CILEGON_BARAT_ACCESS_ALL_R087,CILEGON BARAT,ACCESS,-,ALL,755.00,-5.98636972,106.03227425
28_CILEGON_BARAT_ACCESS_ALL_R087,CILEGON BARAT,ACCESS,-,ALL,760.00,-5.98633011,106.03225286
28_CILEGON_BARAT_ACCESS_ALL_R087,CILEGON BARAT,ACCESS,-,ALL,765.00,-5.98629049,106.03223147
28_CILEGON_BARAT_ACCESS_ALL_R087,CILEGON BARAT,ACCESS,-,ALL,770.00,-5.98625026,106.03221134
28_CILEGON_BARAT_ACCESS_ALL_R087,CILEGON BARAT,ACCESS,-,ALL,775.00,-5.98620927,106.03219275
28_CILEGON_BARAT_ACCESS_ALL_R087,CILEGON BARAT,ACCESS,-,ALL,780.00,-5.98616828,106.03217417
28_CILEGON_BARAT_ACCESS_ALL_R087,CILEGON BARAT,ACCESS,-,ALL,785.00,-5.98612729,106.03215558
28_CILEGON_BARAT_ACCESS_ALL_R087,CILEGON BARAT,ACCESS,-,ALL,790.00,-5.98608617,106.03213729
28_CILEGON_BARAT_ACCESS_ALL_R087,CILEGON BARAT,ACCESS,-,ALL,795.00,-5.98604365,106.03212276
28_CILEGON_BARAT_ACCESS_ALL_R087,CILEGON BARAT,ACCESS,-,ALL,800.00,-5.98599986,106.03211258
28_CILEGON_BARAT_ACCESS_ALL_R087,CILEGON BARAT,ACCESS,-,ALL,805.00,-5.98595568,106.03210420
28_CILEGON_BARAT_ACCESS_ALL_R087,CILEGON BARAT,ACCESS,-,ALL,810.00,-5.98591139,106.03209707
28_CILEGON_BARAT_ACCESS_ALL_R087,CILEGON BARAT,ACCESS,-,ALL,815.00,-5.98586645,106.03209561
28_CILEGON_BARAT_ACCESS_ALL_R087,CILEGON BARAT,ACCESS,-,ALL,820.00,-5.98582148,106.03209589
28_CILEGON_BARAT_ACCESS_ALL_R087,CILEGON BARAT,ACCESS,-,ALL,825.00,-5.98577652,106.03209627
28_CILEGON_BARAT_ACCESS_ALL_R087,CILEGON BARAT,ACCESS,-,ALL,830.00,-5.98573158,106.03209749
28_CILEGON_BARAT_ACCESS_ALL_R087,CILEGON BARAT,ACCESS,-,ALL,835.00,-5.98568666,106.03209961
28_CILEGON_BARAT_ACCESS_ALL_R087,CILEGON BARAT,ACCESS,-,ALL,840.00,-5.98564175,106.03210173
28_CILEGON_BARAT_ACCESS_ALL_R087,CILEGON BARAT,ACCESS,-,ALL,845.00,-5.98559683,106.03210384
28_CILEGON_BARAT_ACCESS_ALL_R087,CILEGON BARAT,ACCESS,-,ALL,850.00,-5.98555188,106.03210463
28_CILEGON_BARAT_ACCESS_ALL_R087,CILEGON BARAT,ACCESS,-,ALL,855.00,-5.98550691,106.03210495
28_CILEGON_BARAT_ACCESS_ALL_R087,CILEGON BARAT,ACCESS,-,ALL,860.00,-5.98546195,106.03210527
28_CILEGON_BARAT_ACCESS_ALL_R087,CILEGON BARAT,ACCESS,-,ALL,865.00,-5.98541700,106.03210443
28_CILEGON_BARAT_ACCESS_ALL_R087,CILEGON BARAT,ACCESS,-,ALL,870.00,-5.98537207,106.03210261
28_CILEGON_BARAT_ACCESS_ALL_R087,CILEGON BARAT,ACCESS,-,ALL,875.00,-5.98532771,106.03209594
28_CILEGON_BARAT_ACCESS_ALL_R087,CILEGON BARAT,ACCESS,-,ALL,880.00,-5.98528393,106.03208560
28_CILEGON_BARAT_ACCESS_ALL_R087,CILEGON BARAT,ACCESS,-,ALL,885.00,-5.98524016,106.03207523
28_CILEGON_BARAT_ACCESS_ALL_R087,CILEGON BARAT,ACCESS,-,ALL,890.00,-5.98519724,106.03206178
28_CILEGON_BARAT_ACCESS_ALL_R087,CILEGON BARAT,ACCESS,-,ALL,895.00,-5.98515523,106.03204575
28_CILEGON_BARAT_ACCESS_ALL_R087,CILEGON BARAT,ACCESS,-,ALL,900.00,-5.98511441,106.03202683
28_CILEGON_BARAT_ACCESS_ALL_R087,CILEGON BARAT,ACCESS,-,ALL,905.00,-5.98507596,106.03200360
28_CILEGON_BARAT_ACCESS_ALL_R087,CILEGON BARAT,ACCESS,-,ALL,910.00,-5.98503880,106.03197814
28_CILEGON_BARAT_ACCESS_ALL_R087,CILEGON BARAT,ACCESS,-,ALL,915.00,-5.98500266,106.03195127
28_CILEGON_BARAT_ACCESS_ALL_R087,CILEGON BARAT,ACCESS,-,ALL,920.00,-5.98496589,106.03192528
28_CILEGON_BARAT_ACCESS_ALL_R087,CILEGON BARAT,ACCESS,-,ALL,925.00,-5.98492880,106.03189971
28_CILEGON_BARAT_ACCESS_ALL_R087,CILEGON BARAT,ACCESS,-,ALL,930.00,-5.98488999,106.03187696
28_CILEGON_BARAT_ACCESS_ALL_R087,CILEGON BARAT,ACCESS,-,ALL,935.00,-5.98485056,106.03185523
28_CILEGON_BARAT_ACCESS_ALL_R087,CILEGON BARAT,ACCESS,-,ALL,940.00,-5.98481096,106.03183380
28_CILEGON_BARAT_ACCESS_ALL_R087,CILEGON BARAT,ACCESS,-,ALL,945.00,-5.98477066,106.03181399
28_CILEGON_BARAT_ACCESS_ALL_R087,CILEGON BARAT,ACCESS,-,ALL,950.00,-5.98472768,106.03180069
28_CILEGON_BARAT_ACCESS_ALL_R087,CILEGON BARAT,ACCESS,-,ALL,955.00,-5.98468470,106.03178740
28_CILEGON_BARAT_ACCESS_ALL_R087,CILEGON BARAT,ACCESS,-,ALL,960.00,-5.98464172,106.03177410
28_CILEGON_BARAT_ACCESS_ALL_R087,CILEGON BARAT,ACCESS,-,ALL,965.00,-5.98459817,106.03176292
28_CILEGON_BARAT_ACCESS_ALL_R087,CILEGON BARAT,ACCESS,-,ALL,970.00,-5.98455439,106.03175262
28_CILEGON_BARAT_ACCESS_ALL_R087,CILEGON BARAT,ACCESS,-,ALL,975.00,-5.98451061,106.03174232
28_CILEGON_BARAT_ACCESS_ALL_R087,CILEGON BARAT,ACCESS,-,ALL,980.00,-5.98446611,106.03173784
28_CILEGON_BARAT_ACCESS_ALL_R087,CILEGON BARAT,ACCESS,-,ALL,985.00,-5.98442126,106.03173504
28_CILEGON_BARAT_ACCESS_ALL_R087,CILEGON BARAT,ACCESS,-,ALL,990.00,-5.98437637,106.03173323
28_CILEGON_BARAT_ACCESS_ALL_R087,CILEGON BARAT,ACCESS,-,ALL,995.00,-5.98433149,106.03173586
28_CILEGON_BARAT_ACCESS_ALL_R087,CILEGON BARAT,ACCESS,-,ALL,1000.00,-5.98428705,106.03174221
28_CILEGON_BARAT_ACCESS_ALL_R087,CILEGON BARAT,ACCESS,-,ALL,1005.00,-5.98424312,106.03175184
28_CILEGON_BARAT_ACCESS_ALL_R087,CILEGON BARAT,ACCESS,-,ALL,1010.00,-5.98420027,106.03176522
28_CILEGON_BARAT_ACCESS_ALL_R087,CILEGON BARAT,ACCESS,-,ALL,1015.00,-5.98415718,106.03177814
28_CILEGON_BARAT_ACCESS_ALL_R087,CILEGON BARAT,ACCESS,-,ALL,1020.00,-5.98411505,106.03179378
28_CILEGON_BARAT_ACCESS_ALL_R087,CILEGON BARAT,ACCESS,-,ALL,1025.00,-5.98407242,106.03180804
28_CILEGON_BARAT_ACCESS_ALL_R087,CILEGON BARAT,ACCESS,-,ALL,1030.00,-5.98403051,106.03182440
28_CILEGON_BARAT_ACCESS_ALL_R087,CILEGON BARAT,ACCESS,-,ALL,1035.00,-5.98398853,106.03184061
28_CILEGON_BARAT_ACCESS_ALL_R087,CILEGON BARAT,ACCESS,-,ALL,1040.00,-5.98394656,106.03185683
28_CILEGON_BARAT_ACCESS_ALL_R087,CILEGON BARAT,ACCESS,-,ALL,1045.00,-5.98390458,106.03187304
28_CILEGON_BARAT_ACCESS_ALL_R087,CILEGON BARAT,ACCESS,-,ALL,1050.00,-5.98386261,106.03188926
28_CILEGON_BARAT_ACCESS_ALL_R087,CILEGON BARAT,ACCESS,-,ALL,1055.00,-5.98382063,106.03190547
28_CILEGON_BARAT_ACCESS_ALL_R087,CILEGON BARAT,ACCESS,-,ALL,1060.00,-5.98378207,106.03192757
28_CILEGON_BARAT_ACCESS_ALL_R087,CILEGON BARAT,ACCESS,-,ALL,1065.00,-5.98374740,106.03195636
28_CILEGON_BARAT_ACCESS_ALL_R087,CILEGON BARAT,ACCESS,-,ALL,1070.00,-5.98371273,106.03198514
28_CILEGON_BARAT_ACCESS_ALL_R087,CILEGON BARAT,ACCESS,-,ALL,1075.00,-5.98367805,106.03201393
28_CILEGON_BARAT_ACCESS_ALL_R087,CILEGON BARAT,ACCESS,-,ALL,1080.00,-5.98364338,106.03204272
28_CILEGON_BARAT_ACCESS_ALL_R087,CILEGON BARAT,ACCESS,-,ALL,1084.67,-5.98361100,106.03206960
28_CILEGON_BARAT_ACCESS_EXIT_R088,CILEGON BARAT,ACCESS,-,EXIT,0.00,-5.98410200,106.03283040
28_CILEGON_BARAT_ACCESS_EXIT_R088,CILEGON BARAT,ACCESS,-,EXIT,5.00,-5.98407177,106.03279693
28_CILEGON_BARAT_ACCESS_EXIT_R088,CILEGON BARAT,ACCESS,-,EXIT,10.00,-5.98404154,106.03276346
28_CILEGON_BARAT_ACCESS_EXIT_R088,CILEGON BARAT,ACCESS,-,EXIT,15.00,-5.98401231,106.03272913
28_CILEGON_BARAT_ACCESS_EXIT_R088,CILEGON BARAT,ACCESS,-,EXIT,20.00,-5.98398440,106.03269369
28_CILEGON_BARAT_ACCESS_EXIT_R088,CILEGON BARAT,ACCESS,-,EXIT,25.00,-5.98395648,106.03265825
28_CILEGON_BARAT_ACCESS_EXIT_R088,CILEGON BARAT,ACCESS,-,EXIT,30.00,-5.98392856,106.03262281
28_CILEGON_BARAT_ACCESS_EXIT_R088,CILEGON BARAT,ACCESS,-,EXIT,35.00,-5.98390064,106.03258736
28_CILEGON_BARAT_ACCESS_EXIT_R088,CILEGON BARAT,ACCESS,-,EXIT,40.00,-5.98387272,106.03255192
28_CILEGON_BARAT_ACCESS_EXIT_R088,CILEGON BARAT,ACCESS,-,EXIT,45.00,-5.98384480,106.03251648
28_CILEGON_BARAT_ACCESS_EXIT_R088,CILEGON BARAT,ACCESS,-,EXIT,50.00,-5.98381688,106.03248104
28_CILEGON_BARAT_ACCESS_EXIT_R088,CILEGON BARAT,ACCESS,-,EXIT,55.00,-5.98378896,106.03244560
28_CILEGON_BARAT_ACCESS_EXIT_R088,CILEGON BARAT,ACCESS,-,EXIT,60.00,-5.98376104,106.03241015
28_CILEGON_BARAT_ACCESS_EXIT_R088,CILEGON BARAT,ACCESS,-,EXIT,65.00,-5.98373313,106.03237471
28_CILEGON_BARAT_ACCESS_EXIT_R088,CILEGON BARAT,ACCESS,-,EXIT,70.00,-5.98370627,106.03233848
28_CILEGON_BARAT_ACCESS_EXIT_R088,CILEGON BARAT,ACCESS,-,EXIT,75.00,-5.98368055,106.03230139
28_CILEGON_BARAT_ACCESS_EXIT_R088,CILEGON BARAT,ACCESS,-,EXIT,80.00,-5.98365483,106.03226431
28_CILEGON_BARAT_ACCESS_EXIT_R088,CILEGON BARAT,ACCESS,-,EXIT,85.00,-5.98362911,106.03222722
28_CILEGON_BARAT_ACCESS_EXIT_R088,CILEGON BARAT,ACCESS,-,EXIT,90.00,-5.98360338,106.03219013
28_CILEGON_BARAT_ACCESS_EXIT_R088,CILEGON BARAT,ACCESS,-,EXIT,95.00,-5.98360021,106.03215631
28_CILEGON_BARAT_ACCESS_EXIT_R088,CILEGON BARAT,ACCESS,-,EXIT,100.00,-5.98363528,106.03212802
28_CILEGON_BARAT_ACCESS_EXIT_R088,CILEGON BARAT,ACCESS,-,EXIT,101.98,-5.98364920,106.03211680
28_CILEGON_BARAT_ACCESS_ENTRANCE_R089,CILEGON BARAT,ACCESS,-,ENTRANCE,0.00,-5.98361100,106.03206960
28_CILEGON_BARAT_ACCESS_ENTRANCE_R089,CILEGON BARAT,ACCESS,-,ENTRANCE,5.00,-5.98357630,106.03209836
28_CILEGON_BARAT_ACCESS_ENTRANCE_R089,CILEGON BARAT,ACCESS,-,ENTRANCE,10.00,-5.98354161,106.03212712
28_CILEGON_BARAT_ACCESS_ENTRANCE_R089,CILEGON BARAT,ACCESS,-,ENTRANCE,15.00,-5.98350691,106.03215588
28_CILEGON_BARAT_ACCESS_ENTRANCE_R089,CILEGON BARAT,ACCESS,-,ENTRANCE,20.00,-5.98347185,106.03218419
28_CILEGON_BARAT_ACCESS_ENTRANCE_R089,CILEGON BARAT,ACCESS,-,ENTRANCE,25.00,-5.98343678,106.03221248
28_CILEGON_BARAT_ACCESS_ENTRANCE_R089,CILEGON BARAT,ACCESS,-,ENTRANCE,30.00,-5.98340170,106.03224077
28_CILEGON_BARAT_ACCESS_ENTRANCE_R089,CILEGON BARAT,ACCESS,-,ENTRANCE,35.00,-5.98336675,106.03226921
28_CILEGON_BARAT_ACCESS_ENTRANCE_R089,CILEGON BARAT,ACCESS,-,ENTRANCE,40.00,-5.98333200,106.03229791
28_CILEGON_BARAT_ACCESS_ENTRANCE_R089,CILEGON BARAT,ACCESS,-,ENTRANCE,45.00,-5.98329726,106.03232661
28_CILEGON_BARAT_ACCESS_ENTRANCE_R089,CILEGON BARAT,ACCESS,-,ENTRANCE,50.00,-5.98326251,106.03235531
28_CILEGON_BARAT_ACCESS_ENTRANCE_R089,CILEGON BARAT,ACCESS,-,ENTRANCE,55.00,-5.98322872,106.03238510
28_CILEGON_BARAT_ACCESS_ENTRANCE_R089,CILEGON BARAT,ACCESS,-,ENTRANCE,60.00,-5.98319601,106.03241612
28_CILEGON_BARAT_ACCESS_ENTRANCE_R089,CILEGON BARAT,ACCESS,-,ENTRANCE,65.00,-5.98316330,106.03244714
28_CILEGON_BARAT_ACCESS_ENTRANCE_R089,CILEGON BARAT,ACCESS,-,ENTRANCE,70.00,-5.98313059,106.03247817
28_CILEGON_BARAT_ACCESS_ENTRANCE_R089,CILEGON BARAT,ACCESS,-,ENTRANCE,75.00,-5.98309788,106.03250919
28_CILEGON_BARAT_ACCESS_ENTRANCE_R089,CILEGON BARAT,ACCESS,-,ENTRANCE,80.00,-5.98311867,106.03254763
28_CILEGON_BARAT_ACCESS_ENTRANCE_R089,CILEGON BARAT,ACCESS,-,ENTRANCE,85.00,-5.98314326,106.03258547
28_CILEGON_BARAT_ACCESS_ENTRANCE_R089,CILEGON BARAT,ACCESS,-,ENTRANCE,90.00,-5.98316812,106.03262315
28_CILEGON_BARAT_ACCESS_ENTRANCE_R089,CILEGON BARAT,ACCESS,-,ENTRANCE,95.00,-5.98319297,106.03266083
28_CILEGON_BARAT_ACCESS_ENTRANCE_R089,CILEGON BARAT,ACCESS,-,ENTRANCE,100.00,-5.98321783,106.03269850
28_CILEGON_BARAT_ACCESS_ENTRANCE_R089,CILEGON BARAT,ACCESS,-,ENTRANCE,105.00,-5.98324269,106.03273618
28_CILEGON_BARAT_ACCESS_ENTRANCE_R089,CILEGON BARAT,ACCESS,-,ENTRANCE,110.00,-5.98326807,106.03277350
28_CILEGON_BARAT_ACCESS_ENTRANCE_R089,CILEGON BARAT,ACCESS,-,ENTRANCE,115.00,-5.98329345,106.03281083
28_CILEGON_BARAT_ACCESS_ENTRANCE_R089,CILEGON BARAT,ACCESS,-,ENTRANCE,120.00,-5.98331882,106.03284815
28_CILEGON_BARAT_ACCESS_ENTRANCE_R089,CILEGON BARAT,ACCESS,-,ENTRANCE,125.00,-5.98334420,106.03288547
28_CILEGON_BARAT_ACCESS_ENTRANCE_R089,CILEGON BARAT,ACCESS,-,ENTRANCE,130.00,-5.98337208,106.03292090
28_CILEGON_BARAT_ACCESS_ENTRANCE_R089,CILEGON BARAT,ACCESS,-,ENTRANCE,135.00,-5.98340070,106.03295578
28_CILEGON_BARAT_ACCESS_ENTRANCE_R089,CILEGON BARAT,ACCESS,-,ENTRANCE,140.00,-5.98342932,106.03299065
28_CILEGON_BARAT_ACCESS_ENTRANCE_R089,CILEGON BARAT,ACCESS,-,ENTRANCE,145.00,-5.98345797,106.03302550
28_CILEGON_BARAT_ACCESS_ENTRANCE_R089,CILEGON BARAT,ACCESS,-,ENTRANCE,150.00,-5.98348870,106.03305850
28_CILEGON_BARAT_ACCESS_ENTRANCE_R089,CILEGON BARAT,ACCESS,-,ENTRANCE,151.74,-5.98349940,106.03307000
29_MERAK_RAMP_PLAZA_EXIT_R090,MERAK,RAMP,PLAZA,EXIT,0.00,-5.97403690,106.00923010
29_MERAK_RAMP_PLAZA_EXIT_R090,MERAK,RAMP,PLAZA,EXIT,5.00,-5.97399886,106.00920599
29_MERAK_RAMP_PLAZA_EXIT_R090,MERAK,RAMP,PLAZA,EXIT,10.00,-5.97396199,106.00918011
29_MERAK_RAMP_PLAZA_EXIT_R090,MERAK,RAMP,PLAZA,EXIT,15.00,-5.97392455,106.00915508
29_MERAK_RAMP_PLAZA_EXIT_R090,MERAK,RAMP,PLAZA,EXIT,20.00,-5.97388684,106.00913045
29_MERAK_RAMP_PLAZA_EXIT_R090,MERAK,RAMP,PLAZA,EXIT,25.00,-5.97384913,106.00910582
29_MERAK_RAMP_PLAZA_EXIT_R090,MERAK,RAMP,PLAZA,EXIT,30.00,-5.97381143,106.00908119
29_MERAK_RAMP_PLAZA_EXIT_R090,MERAK,RAMP,PLAZA,EXIT,35.00,-5.97377372,106.00905656
29_MERAK_RAMP_PLAZA_EXIT_R090,MERAK,RAMP,PLAZA,EXIT,40.00,-5.97373605,106.00903188
29_MERAK_RAMP_PLAZA_EXIT_R090,MERAK,RAMP,PLAZA,EXIT,45.00,-5.97369843,106.00900710
29_MERAK_RAMP_PLAZA_EXIT_R090,MERAK,RAMP,PLAZA,EXIT,50.00,-5.97366146,106.00898142
29_MERAK_RAMP_PLAZA_EXIT_R090,MERAK,RAMP,PLAZA,EXIT,55.00,-5.97362486,106.00895517
29_MERAK_RAMP_PLAZA_EXIT_R090,MERAK,RAMP,PLAZA,EXIT,60.00,-5.97358700,106.00893079
29_MERAK_RAMP_PLAZA_EXIT_R090,MERAK,RAMP,PLAZA,EXIT,65.00,-5.97354913,106.00890641
29_MERAK_RAMP_PLAZA_EXIT_R090,MERAK,RAMP,PLAZA,EXIT,70.00,-5.97351126,106.00888203
29_MERAK_RAMP_PLAZA_EXIT_R090,MERAK,RAMP,PLAZA,EXIT,75.00,-5.97347339,106.00885765
29_MERAK_RAMP_PLAZA_EXIT_R090,MERAK,RAMP,PLAZA,EXIT,80.00,-5.97343557,106.00883320
29_MERAK_RAMP_PLAZA_EXIT_R090,MERAK,RAMP,PLAZA,EXIT,85.00,-5.97339801,106.00880834
29_MERAK_RAMP_PLAZA_EXIT_R090,MERAK,RAMP,PLAZA,EXIT,90.00,-5.97336045,106.00878348
29_MERAK_RAMP_PLAZA_EXIT_R090,MERAK,RAMP,PLAZA,EXIT,95.00,-5.97332290,106.00875862
29_MERAK_RAMP_PLAZA_EXIT_R090,MERAK,RAMP,PLAZA,EXIT,100.00,-5.97328534,106.00873375
29_MERAK_RAMP_PLAZA_EXIT_R090,MERAK,RAMP,PLAZA,EXIT,105.00,-5.97324778,106.00870889
29_MERAK_RAMP_PLAZA_EXIT_R090,MERAK,RAMP,PLAZA,EXIT,110.00,-5.97321022,106.00868403
29_MERAK_RAMP_PLAZA_EXIT_R090,MERAK,RAMP,PLAZA,EXIT,115.00,-5.97317267,106.00865917
29_MERAK_RAMP_PLAZA_EXIT_R090,MERAK,RAMP,PLAZA,EXIT,120.00,-5.97313511,106.00863431
29_MERAK_RAMP_PLAZA_EXIT_R090,MERAK,RAMP,PLAZA,EXIT,125.00,-5.97309755,106.00860945
29_MERAK_RAMP_PLAZA_EXIT_R090,MERAK,RAMP,PLAZA,EXIT,130.00,-5.97306000,106.00858458
29_MERAK_RAMP_PLAZA_EXIT_R090,MERAK,RAMP,PLAZA,EXIT,135.00,-5.97302228,106.00855996
29_MERAK_RAMP_PLAZA_EXIT_R090,MERAK,RAMP,PLAZA,EXIT,140.00,-5.97298452,106.00853542
29_MERAK_RAMP_PLAZA_EXIT_R090,MERAK,RAMP,PLAZA,EXIT,145.00,-5.97294676,106.00851088
29_MERAK_RAMP_PLAZA_EXIT_R090,MERAK,RAMP,PLAZA,EXIT,150.00,-5.97290899,106.00848633
29_MERAK_RAMP_PLAZA_EXIT_R090,MERAK,RAMP,PLAZA,EXIT,155.00,-5.97287111,106.00846198
29_MERAK_RAMP_PLAZA_EXIT_R090,MERAK,RAMP,PLAZA,EXIT,160.00,-5.97283292,106.00843811
29_MERAK_RAMP_PLAZA_EXIT_R090,MERAK,RAMP,PLAZA,EXIT,165.00,-5.97279473,106.00841425
29_MERAK_RAMP_PLAZA_EXIT_R090,MERAK,RAMP,PLAZA,EXIT,170.00,-5.97275653,106.00839038
29_MERAK_RAMP_PLAZA_EXIT_R090,MERAK,RAMP,PLAZA,EXIT,175.00,-5.97271834,106.00836652
29_MERAK_RAMP_PLAZA_EXIT_R090,MERAK,RAMP,PLAZA,EXIT,180.00,-5.97268015,106.00834265
29_MERAK_RAMP_PLAZA_EXIT_R090,MERAK,RAMP,PLAZA,EXIT,185.00,-5.97264196,106.00831879
29_MERAK_RAMP_PLAZA_EXIT_R090,MERAK,RAMP,PLAZA,EXIT,190.00,-5.97260385,106.00829479
29_MERAK_RAMP_PLAZA_EXIT_R090,MERAK,RAMP,PLAZA,EXIT,195.00,-5.97256580,106.00827070
29_MERAK_RAMP_PLAZA_EXIT_R090,MERAK,RAMP,PLAZA,EXIT,200.00,-5.97252776,106.00824660
29_MERAK_RAMP_PLAZA_EXIT_R090,MERAK,RAMP,PLAZA,EXIT,205.00,-5.97248971,106.00822250
29_MERAK_RAMP_PLAZA_EXIT_R090,MERAK,RAMP,PLAZA,EXIT,210.00,-5.97245166,106.00819841
29_MERAK_RAMP_PLAZA_EXIT_R090,MERAK,RAMP,PLAZA,EXIT,215.00,-5.97241361,106.00817431
29_MERAK_RAMP_PLAZA_EXIT_R090,MERAK,RAMP,PLAZA,EXIT,220.00,-5.97237557,106.00815021
29_MERAK_RAMP_PLAZA_EXIT_R090,MERAK,RAMP,PLAZA,EXIT,225.00,-5.97233752,106.00812612
29_MERAK_RAMP_PLAZA_EXIT_R090,MERAK,RAMP,PLAZA,EXIT,230.00,-5.97229947,106.00810202
29_MERAK_RAMP_PLAZA_EXIT_R090,MERAK,RAMP,PLAZA,EXIT,235.00,-5.97226143,106.00807792
29_MERAK_RAMP_PLAZA_EXIT_R090,MERAK,RAMP,PLAZA,EXIT,240.00,-5.97222338,106.00805383
29_MERAK_RAMP_PLAZA_EXIT_R090,MERAK,RAMP,PLAZA,EXIT,245.00,-5.97218533,106.00802973
29_MERAK_RAMP_PLAZA_EXIT_R090,MERAK,RAMP,PLAZA,EXIT,250.00,-5.97214727,106.00800566
29_MERAK_RAMP_PLAZA_EXIT_R090,MERAK,RAMP,PLAZA,EXIT,255.00,-5.97210920,106.00798159
29_MERAK_RAMP_PLAZA_EXIT_R090,MERAK,RAMP,PLAZA,EXIT,260.00,-5.97207114,106.00795753
29_MERAK_RAMP_PLAZA_EXIT_R090,MERAK,RAMP,PLAZA,EXIT,265.00,-5.97203307,106.00793346
29_MERAK_RAMP_PLAZA_EXIT_R090,MERAK,RAMP,PLAZA,EXIT,270.00,-5.97199501,106.00790939
29_MERAK_RAMP_PLAZA_EXIT_R090,MERAK,RAMP,PLAZA,EXIT,275.00,-5.97195694,106.00788532
29_MERAK_RAMP_PLAZA_EXIT_R090,MERAK,RAMP,PLAZA,EXIT,280.00,-5.97191888,106.00786125
29_MERAK_RAMP_PLAZA_EXIT_R090,MERAK,RAMP,PLAZA,EXIT,285.00,-5.97188081,106.00783719
29_MERAK_RAMP_PLAZA_EXIT_R090,MERAK,RAMP,PLAZA,EXIT,290.00,-5.97184275,106.00781312
29_MERAK_RAMP_PLAZA_EXIT_R090,MERAK,RAMP,PLAZA,EXIT,295.00,-5.97180468,106.00778905
29_MERAK_RAMP_PLAZA_EXIT_R090,MERAK,RAMP,PLAZA,EXIT,300.00,-5.97176662,106.00776498
29_MERAK_RAMP_PLAZA_EXIT_R090,MERAK,RAMP,PLAZA,EXIT,305.00,-5.97172855,106.00774091
29_MERAK_RAMP_PLAZA_EXIT_R090,MERAK,RAMP,PLAZA,EXIT,306.73,-5.97171540,106.00773260
29_MERAK_RAMP_PLAZA_ENTRANCE_R091,MERAK,RAMP,PLAZA,ENTRANCE,0.00,-5.97166430,106.00781730
29_MERAK_RAMP_PLAZA_ENTRANCE_R091,MERAK,RAMP,PLAZA,ENTRANCE,5.00,-5.97170223,106.00784158
29_MERAK_RAMP_PLAZA_ENTRANCE_R091,MERAK,RAMP,PLAZA,ENTRANCE,10.00,-5.97174017,106.00786585
29_MERAK_RAMP_PLAZA_ENTRANCE_R091,MERAK,RAMP,PLAZA,ENTRANCE,15.00,-5.97177810,106.00789013
29_MERAK_RAMP_PLAZA_ENTRANCE_R091,MERAK,RAMP,PLAZA,ENTRANCE,20.00,-5.97181604,106.00791440
29_MERAK_RAMP_PLAZA_ENTRANCE_R091,MERAK,RAMP,PLAZA,ENTRANCE,25.00,-5.97185397,106.00793868
29_MERAK_RAMP_PLAZA_ENTRANCE_R091,MERAK,RAMP,PLAZA,ENTRANCE,30.00,-5.97189191,106.00796295
29_MERAK_RAMP_PLAZA_ENTRANCE_R091,MERAK,RAMP,PLAZA,ENTRANCE,35.00,-5.97192984,106.00798723
29_MERAK_RAMP_PLAZA_ENTRANCE_R091,MERAK,RAMP,PLAZA,ENTRANCE,40.00,-5.97196778,106.00801150
29_MERAK_RAMP_PLAZA_ENTRANCE_R091,MERAK,RAMP,PLAZA,ENTRANCE,45.00,-5.97200571,106.00803578
29_MERAK_RAMP_PLAZA_ENTRANCE_R091,MERAK,RAMP,PLAZA,ENTRANCE,50.00,-5.97204365,106.00806005
29_MERAK_RAMP_PLAZA_ENTRANCE_R091,MERAK,RAMP,PLAZA,ENTRANCE,55.00,-5.97208158,106.00808433
29_MERAK_RAMP_PLAZA_ENTRANCE_R091,MERAK,RAMP,PLAZA,ENTRANCE,60.00,-5.97211952,106.00810860
29_MERAK_RAMP_PLAZA_ENTRANCE_R091,MERAK,RAMP,PLAZA,ENTRANCE,65.00,-5.97215761,106.00813262
29_MERAK_RAMP_PLAZA_ENTRANCE_R091,MERAK,RAMP,PLAZA,ENTRANCE,70.00,-5.97219580,106.00815650
29_MERAK_RAMP_PLAZA_ENTRANCE_R091,MERAK,RAMP,PLAZA,ENTRANCE,75.00,-5.97223398,106.00818037
29_MERAK_RAMP_PLAZA_ENTRANCE_R091,MERAK,RAMP,PLAZA,ENTRANCE,80.00,-5.97227216,106.00820425
29_MERAK_RAMP_PLAZA_ENTRANCE_R091,MERAK,RAMP,PLAZA,ENTRANCE,85.00,-5.97231035,106.00822813
29_MERAK_RAMP_PLAZA_ENTRANCE_R091,MERAK,RAMP,PLAZA,ENTRANCE,90.00,-5.97234853,106.00825201
29_MERAK_RAMP_PLAZA_ENTRANCE_R091,MERAK,RAMP,PLAZA,ENTRANCE,95.00,-5.97238671,106.00827590
29_MERAK_RAMP_PLAZA_ENTRANCE_R091,MERAK,RAMP,PLAZA,ENTRANCE,100.00,-5.97242489,106.00829978
29_MERAK_RAMP_PLAZA_ENTRANCE_R091,MERAK,RAMP,PLAZA,ENTRANCE,105.00,-5.97246307,106.00832366
29_MERAK_RAMP_PLAZA_ENTRANCE_R091,MERAK,RAMP,PLAZA,ENTRANCE,110.00,-5.97250125,106.00834755
29_MERAK_RAMP_PLAZA_ENTRANCE_R091,MERAK,RAMP,PLAZA,ENTRANCE,115.00,-5.97253943,106.00837143
29_MERAK_RAMP_PLAZA_ENTRANCE_R091,MERAK,RAMP,PLAZA,ENTRANCE,120.00,-5.97257761,106.00839531
29_MERAK_RAMP_PLAZA_ENTRANCE_R091,MERAK,RAMP,PLAZA,ENTRANCE,125.00,-5.97261579,106.00841920
29_MERAK_RAMP_PLAZA_ENTRANCE_R091,MERAK,RAMP,PLAZA,ENTRANCE,130.00,-5.97265397,106.00844308
29_MERAK_RAMP_PLAZA_ENTRANCE_R091,MERAK,RAMP,PLAZA,ENTRANCE,135.00,-5.97269215,106.00846696
29_MERAK_RAMP_PLAZA_ENTRANCE_R091,MERAK,RAMP,PLAZA,ENTRANCE,140.00,-5.97273033,106.00849084
29_MERAK_RAMP_PLAZA_ENTRANCE_R091,MERAK,RAMP,PLAZA,ENTRANCE,145.00,-5.97276851,106.00851473
29_MERAK_RAMP_PLAZA_ENTRANCE_R091,MERAK,RAMP,PLAZA,ENTRANCE,150.00,-5.97280669,106.00853861
29_MERAK_RAMP_PLAZA_ENTRANCE_R091,MERAK,RAMP,PLAZA,ENTRANCE,155.00,-5.97284484,106.00856254
29_MERAK_RAMP_PLAZA_ENTRANCE_R091,MERAK,RAMP,PLAZA,ENTRANCE,160.00,-5.97288267,106.00858699
29_MERAK_RAMP_PLAZA_ENTRANCE_R091,MERAK,RAMP,PLAZA,ENTRANCE,165.00,-5.97292049,106.00861144
29_MERAK_RAMP_PLAZA_ENTRANCE_R091,MERAK,RAMP,PLAZA,ENTRANCE,170.00,-5.97295831,106.00863589
29_MERAK_RAMP_PLAZA_ENTRANCE_R091,MERAK,RAMP,PLAZA,ENTRANCE,175.00,-5.97299614,106.00866033
29_MERAK_RAMP_PLAZA_ENTRANCE_R091,MERAK,RAMP,PLAZA,ENTRANCE,180.00,-5.97303397,106.00868478
29_MERAK_RAMP_PLAZA_ENTRANCE_R091,MERAK,RAMP,PLAZA,ENTRANCE,185.00,-5.97307180,106.00870922
29_MERAK_RAMP_PLAZA_ENTRANCE_R091,MERAK,RAMP,PLAZA,ENTRANCE,190.00,-5.97310963,106.00873366
29_MERAK_RAMP_PLAZA_ENTRANCE_R091,MERAK,RAMP,PLAZA,ENTRANCE,195.00,-5.97314745,106.00875810
29_MERAK_RAMP_PLAZA_ENTRANCE_R091,MERAK,RAMP,PLAZA,ENTRANCE,200.00,-5.97318528,106.00878254
29_MERAK_RAMP_PLAZA_ENTRANCE_R091,MERAK,RAMP,PLAZA,ENTRANCE,205.00,-5.97322311,106.00880698
29_MERAK_RAMP_PLAZA_ENTRANCE_R091,MERAK,RAMP,PLAZA,ENTRANCE,210.00,-5.97326094,106.00883142
29_MERAK_RAMP_PLAZA_ENTRANCE_R091,MERAK,RAMP,PLAZA,ENTRANCE,215.00,-5.97329877,106.00885586
29_MERAK_RAMP_PLAZA_ENTRANCE_R091,MERAK,RAMP,PLAZA,ENTRANCE,220.00,-5.97333660,106.00888030
29_MERAK_RAMP_PLAZA_ENTRANCE_R091,MERAK,RAMP,PLAZA,ENTRANCE,225.00,-5.97337443,106.00890474
29_MERAK_RAMP_PLAZA_ENTRANCE_R091,MERAK,RAMP,PLAZA,ENTRANCE,230.00,-5.97341226,106.00892918
29_MERAK_RAMP_PLAZA_ENTRANCE_R091,MERAK,RAMP,PLAZA,ENTRANCE,235.00,-5.97345076,106.00895254
29_MERAK_RAMP_PLAZA_ENTRANCE_R091,MERAK,RAMP,PLAZA,ENTRANCE,240.00,-5.97348930,106.00897583
29_MERAK_RAMP_PLAZA_ENTRANCE_R091,MERAK,RAMP,PLAZA,ENTRANCE,245.00,-5.97352659,106.00900108
29_MERAK_RAMP_PLAZA_ENTRANCE_R091,MERAK,RAMP,PLAZA,ENTRANCE,250.00,-5.97356366,106.00902667
29_MERAK_RAMP_PLAZA_ENTRANCE_R091,MERAK,RAMP,PLAZA,ENTRANCE,255.00,-5.97360082,106.00905212
29_MERAK_RAMP_PLAZA_ENTRANCE_R091,MERAK,RAMP,PLAZA,ENTRANCE,260.00,-5.97363780,106.00907784
29_MERAK_RAMP_PLAZA_ENTRANCE_R091,MERAK,RAMP,PLAZA,ENTRANCE,265.00,-5.97367482,106.00910350
29_MERAK_RAMP_PLAZA_ENTRANCE_R091,MERAK,RAMP,PLAZA,ENTRANCE,270.00,-5.97371308,106.00912726
29_MERAK_RAMP_PLAZA_ENTRANCE_R091,MERAK,RAMP,PLAZA,ENTRANCE,275.00,-5.97375133,106.00915103
29_MERAK_RAMP_PLAZA_ENTRANCE_R091,MERAK,RAMP,PLAZA,ENTRANCE,280.00,-5.97378958,106.00917480
29_MERAK_RAMP_PLAZA_ENTRANCE_R091,MERAK,RAMP,PLAZA,ENTRANCE,285.00,-5.97382783,106.00919856
29_MERAK_RAMP_PLAZA_ENTRANCE_R091,MERAK,RAMP,PLAZA,ENTRANCE,290.00,-5.97386609,106.00922233
29_MERAK_RAMP_PLAZA_ENTRANCE_R091,MERAK,RAMP,PLAZA,ENTRANCE,295.00,-5.97390434,106.00924609
29_MERAK_RAMP_PLAZA_ENTRANCE_R091,MERAK,RAMP,PLAZA,ENTRANCE,300.00,-5.97394259,106.00926986
29_MERAK_RAMP_PLAZA_ENTRANCE_R091,MERAK,RAMP,PLAZA,ENTRANCE,301.44,-5.97395360,106.00927670
29_MERAK_ACCESS_GEREM_EXIT_R092,MERAK,ACCESS,GEREM,EXIT,0.00,-5.97171560,106.00773270
29_MERAK_ACCESS_GEREM_EXIT_R092,MERAK,ACCESS,GEREM,EXIT,5.00,-5.97167754,106.00770863
29_MERAK_ACCESS_GEREM_EXIT_R092,MERAK,ACCESS,GEREM,EXIT,10.00,-5.97163948,106.00768455
29_MERAK_ACCESS_GEREM_EXIT_R092,MERAK,ACCESS,GEREM,EXIT,15.00,-5.97160141,106.00766048
29_MERAK_ACCESS_GEREM_EXIT_R092,MERAK,ACCESS,GEREM,EXIT,20.00,-5.97156335,106.00763641
29_MERAK_ACCESS_GEREM_EXIT_R092,MERAK,ACCESS,GEREM,EXIT,25.00,-5.97152529,106.00761233
29_MERAK_ACCESS_GEREM_EXIT_R092,MERAK,ACCESS,GEREM,EXIT,30.00,-5.97148723,106.00758826
29_MERAK_ACCESS_GEREM_EXIT_R092,MERAK,ACCESS,GEREM,EXIT,35.00,-5.97144917,106.00756419
29_MERAK_ACCESS_GEREM_EXIT_R092,MERAK,ACCESS,GEREM,EXIT,40.00,-5.97141111,106.00754011
29_MERAK_ACCESS_GEREM_EXIT_R092,MERAK,ACCESS,GEREM,EXIT,45.00,-5.97137523,106.00751305
29_MERAK_ACCESS_GEREM_EXIT_R092,MERAK,ACCESS,GEREM,EXIT,50.00,-5.97134098,106.00748375
29_MERAK_ACCESS_GEREM_EXIT_R092,MERAK,ACCESS,GEREM,EXIT,55.00,-5.97130754,106.00745359
29_MERAK_ACCESS_GEREM_EXIT_R092,MERAK,ACCESS,GEREM,EXIT,60.00,-5.97127632,106.00742106
29_MERAK_ACCESS_GEREM_EXIT_R092,MERAK,ACCESS,GEREM,EXIT,65.00,-5.97124657,106.00738720
29_MERAK_ACCESS_GEREM_EXIT_R092,MERAK,ACCESS,GEREM,EXIT,70.00,-5.97121824,106.00735210
29_MERAK_ACCESS_GEREM_EXIT_R092,MERAK,ACCESS,GEREM,EXIT,75.00,-5.97119169,106.00731567
29_MERAK_ACCESS_GEREM_EXIT_R092,MERAK,ACCESS,GEREM,EXIT,80.00,-5.97116701,106.00727791
29_MERAK_ACCESS_GEREM_EXIT_R092,MERAK,ACCESS,GEREM,EXIT,85.00,-5.97114810,106.00723689
29_MERAK_ACCESS_GEREM_EXIT_R092,MERAK,ACCESS,GEREM,EXIT,90.00,-5.97113362,106.00719415
29_MERAK_ACCESS_GEREM_EXIT_R092,MERAK,ACCESS,GEREM,EXIT,95.00,-5.97112073,106.00715084
29_MERAK_ACCESS_GEREM_EXIT_R092,MERAK,ACCESS,GEREM,EXIT,100.00,-5.97110941,106.00710719
29_MERAK_ACCESS_GEREM_EXIT_R092,MERAK,ACCESS,GEREM,EXIT,105.00,-5.97110506,106.00706219
29_MERAK_ACCESS_GEREM_EXIT_R092,MERAK,ACCESS,GEREM,EXIT,110.00,-5.97110071,106.00701719
29_MERAK_ACCESS_GEREM_EXIT_R092,MERAK,ACCESS,GEREM,EXIT,115.00,-5.97110043,106.00697204
29_MERAK_ACCESS_GEREM_EXIT_R092,MERAK,ACCESS,GEREM,EXIT,120.00,-5.97110137,106.00692684
29_MERAK_ACCESS_GEREM_EXIT_R092,MERAK,ACCESS,GEREM,EXIT,125.00,-5.97110339,106.00688177
29_MERAK_ACCESS_GEREM_EXIT_R092,MERAK,ACCESS,GEREM,EXIT,130.00,-5.97111306,106.00683761
29_MERAK_ACCESS_GEREM_EXIT_R092,MERAK,ACCESS,GEREM,EXIT,135.00,-5.97112274,106.00679346
29_MERAK_ACCESS_GEREM_EXIT_R092,MERAK,ACCESS,GEREM,EXIT,140.00,-5.97113241,106.00674931
29_MERAK_ACCESS_GEREM_EXIT_R092,MERAK,ACCESS,GEREM,EXIT,145.00,-5.97114327,106.00670555
29_MERAK_ACCESS_GEREM_EXIT_R092,MERAK,ACCESS,GEREM,EXIT,150.00,-5.97116195,106.00666443
29_MERAK_ACCESS_GEREM_EXIT_R092,MERAK,ACCESS,GEREM,EXIT,155.00,-5.97118063,106.00662330
29_MERAK_ACCESS_GEREM_EXIT_R092,MERAK,ACCESS,GEREM,EXIT,160.00,-5.97119932,106.00658218
29_MERAK_ACCESS_GEREM_EXIT_R092,MERAK,ACCESS,GEREM,EXIT,165.00,-5.97121800,106.00654105
29_MERAK_ACCESS_GEREM_EXIT_R092,MERAK,ACCESS,GEREM,EXIT,170.00,-5.97123668,106.00649993
29_MERAK_ACCESS_GEREM_EXIT_R092,MERAK,ACCESS,GEREM,EXIT,175.00,-5.97125536,106.00645880
29_MERAK_ACCESS_GEREM_EXIT_R092,MERAK,ACCESS,GEREM,EXIT,180.00,-5.97127339,106.00641739
29_MERAK_ACCESS_GEREM_EXIT_R092,MERAK,ACCESS,GEREM,EXIT,185.00,-5.97129115,106.00637586
29_MERAK_ACCESS_GEREM_EXIT_R092,MERAK,ACCESS,GEREM,EXIT,190.00,-5.97130959,106.00633462
29_MERAK_ACCESS_GEREM_EXIT_R092,MERAK,ACCESS,GEREM,EXIT,195.00,-5.97132803,106.00629338
29_MERAK_ACCESS_GEREM_EXIT_R092,MERAK,ACCESS,GEREM,EXIT,196.54,-5.97133370,106.00628070
29_MERAK_ACCESS_GEREM_ENTRANCE_R093,MERAK,ACCESS,GEREM,ENTRANCE,0.00,-5.97121780,106.00627050
29_MERAK_ACCESS_GEREM_ENTRANCE_R093,MERAK,ACCESS,GEREM,ENTRANCE,5.00,-5.97122220,106.00631549
29_MERAK_ACCESS_GEREM_ENTRANCE_R093,MERAK,ACCESS,GEREM,ENTRANCE,10.00,-5.97120889,106.00635705
29_MERAK_ACCESS_GEREM_ENTRANCE_R093,MERAK,ACCESS,GEREM,ENTRANCE,15.00,-5.97118814,106.00639716
29_MERAK_ACCESS_GEREM_ENTRANCE_R093,MERAK,ACCESS,GEREM,ENTRANCE,20.00,-5.97116740,106.00643728
29_MERAK_ACCESS_GEREM_ENTRANCE_R093,MERAK,ACCESS,GEREM,ENTRANCE,25.00,-5.97114665,106.00647739
29_MERAK_ACCESS_GEREM_ENTRANCE_R093,MERAK,ACCESS,GEREM,ENTRANCE,30.00,-5.97112591,106.00651750
29_MERAK_ACCESS_GEREM_ENTRANCE_R093,MERAK,ACCESS,GEREM,ENTRANCE,35.00,-5.97110516,106.00655761
29_MERAK_ACCESS_GEREM_ENTRANCE_R093,MERAK,ACCESS,GEREM,ENTRANCE,40.00,-5.97108421,106.00659761
29_MERAK_ACCESS_GEREM_ENTRANCE_R093,MERAK,ACCESS,GEREM,ENTRANCE,45.00,-5.97106315,106.00663756
29_MERAK_ACCESS_GEREM_ENTRANCE_R093,MERAK,ACCESS,GEREM,ENTRANCE,50.00,-5.97104210,106.00667751
29_MERAK_ACCESS_GEREM_ENTRANCE_R093,MERAK,ACCESS,GEREM,ENTRANCE,55.00,-5.97102287,106.00671836
29_MERAK_ACCESS_GEREM_ENTRANCE_R093,MERAK,ACCESS,GEREM,ENTRANCE,60.00,-5.97100453,106.00675964
29_MERAK_ACCESS_GEREM_ENTRANCE_R093,MERAK,ACCESS,GEREM,ENTRANCE,65.00,-5.97098620,106.00680092
29_MERAK_ACCESS_GEREM_ENTRANCE_R093,MERAK,ACCESS,GEREM,ENTRANCE,70.00,-5.97096786,106.00684220
29_MERAK_ACCESS_GEREM_ENTRANCE_R093,MERAK,ACCESS,GEREM,ENTRANCE,75.00,-5.97094952,106.00688348
29_MERAK_ACCESS_GEREM_ENTRANCE_R093,MERAK,ACCESS,GEREM,ENTRANCE,80.00,-5.97093118,106.00692476
29_MERAK_ACCESS_GEREM_ENTRANCE_R093,MERAK,ACCESS,GEREM,ENTRANCE,85.00,-5.97091285,106.00696604
29_MERAK_ACCESS_GEREM_ENTRANCE_R093,MERAK,ACCESS,GEREM,ENTRANCE,90.00,-5.97089437,106.00700726
29_MERAK_ACCESS_GEREM_ENTRANCE_R093,MERAK,ACCESS,GEREM,ENTRANCE,95.00,-5.97087587,106.00704847
29_MERAK_ACCESS_GEREM_ENTRANCE_R093,MERAK,ACCESS,GEREM,ENTRANCE,100.00,-5.97085736,106.00708967
29_MERAK_ACCESS_GEREM_ENTRANCE_R093,MERAK,ACCESS,GEREM,ENTRANCE,105.00,-5.97083886,106.00713088
29_MERAK_ACCESS_GEREM_ENTRANCE_R093,MERAK,ACCESS,GEREM,ENTRANCE,110.00,-5.97082035,106.00717208
29_MERAK_ACCESS_GEREM_ENTRANCE_R093,MERAK,ACCESS,GEREM,ENTRANCE,115.00,-5.97079876,106.00721169
29_MERAK_ACCESS_GEREM_ENTRANCE_R093,MERAK,ACCESS,GEREM,ENTRANCE,120.00,-5.97077836,106.00725027
29_MERAK_ACCESS_GEREM_ENTRANCE_R093,MERAK,ACCESS,GEREM,ENTRANCE,125.00,-5.97081628,106.00727457
29_MERAK_ACCESS_GEREM_ENTRANCE_R093,MERAK,ACCESS,GEREM,ENTRANCE,130.00,-5.97085420,106.00729886
29_MERAK_ACCESS_GEREM_ENTRANCE_R093,MERAK,ACCESS,GEREM,ENTRANCE,135.00,-5.97089213,106.00732313
29_MERAK_ACCESS_GEREM_ENTRANCE_R093,MERAK,ACCESS,GEREM,ENTRANCE,140.00,-5.97093007,106.00734741
29_MERAK_ACCESS_GEREM_ENTRANCE_R093,MERAK,ACCESS,GEREM,ENTRANCE,145.00,-5.97096800,106.00737169
29_MERAK_ACCESS_GEREM_ENTRANCE_R093,MERAK,ACCESS,GEREM,ENTRANCE,150.00,-5.97100594,106.00739596
29_MERAK_ACCESS_GEREM_ENTRANCE_R093,MERAK,ACCESS,GEREM,ENTRANCE,155.00,-5.97104387,106.00742024
29_MERAK_ACCESS_GEREM_ENTRANCE_R093,MERAK,ACCESS,GEREM,ENTRANCE,160.00,-5.97108180,106.00744452
29_MERAK_ACCESS_GEREM_ENTRANCE_R093,MERAK,ACCESS,GEREM,ENTRANCE,165.00,-5.97111974,106.00746879
29_MERAK_ACCESS_GEREM_ENTRANCE_R093,MERAK,ACCESS,GEREM,ENTRANCE,170.00,-5.97115767,106.00749307
29_MERAK_ACCESS_GEREM_ENTRANCE_R093,MERAK,ACCESS,GEREM,ENTRANCE,175.00,-5.97119560,106.00751735
29_MERAK_ACCESS_GEREM_ENTRANCE_R093,MERAK,ACCESS,GEREM,ENTRANCE,180.00,-5.97123354,106.00754162
29_MERAK_ACCESS_GEREM_ENTRANCE_R093,MERAK,ACCESS,GEREM,ENTRANCE,185.00,-5.97127147,106.00756590
29_MERAK_ACCESS_GEREM_ENTRANCE_R093,MERAK,ACCESS,GEREM,ENTRANCE,190.00,-5.97130941,106.00759018
29_MERAK_ACCESS_GEREM_ENTRANCE_R093,MERAK,ACCESS,GEREM,ENTRANCE,195.00,-5.97134734,106.00761445
29_MERAK_ACCESS_GEREM_ENTRANCE_R093,MERAK,ACCESS,GEREM,ENTRANCE,200.00,-5.97138527,106.00763873
29_MERAK_ACCESS_GEREM_ENTRANCE_R093,MERAK,ACCESS,GEREM,ENTRANCE,205.00,-5.97142321,106.00766301
29_MERAK_ACCESS_GEREM_ENTRANCE_R093,MERAK,ACCESS,GEREM,ENTRANCE,210.00,-5.97146114,106.00768728
29_MERAK_ACCESS_GEREM_ENTRANCE_R093,MERAK,ACCESS,GEREM,ENTRANCE,215.00,-5.97149907,106.00771156
29_MERAK_ACCESS_GEREM_ENTRANCE_R093,MERAK,ACCESS,GEREM,ENTRANCE,220.00,-5.97153701,106.00773584
29_MERAK_ACCESS_GEREM_ENTRANCE_R093,MERAK,ACCESS,GEREM,ENTRANCE,225.00,-5.97157494,106.00776011
29_MERAK_ACCESS_GEREM_ENTRANCE_R093,MERAK,ACCESS,GEREM,ENTRANCE,230.00,-5.97161288,106.00778439
29_MERAK_ACCESS_GEREM_ENTRANCE_R093,MERAK,ACCESS,GEREM,ENTRANCE,235.00,-5.97165081,106.00780867
29_MERAK_ACCESS_GEREM_ENTRANCE_R093,MERAK,ACCESS,GEREM,ENTRANCE,236.78,-5.97166430,106.00781730
29_MERAK_ACCESS_PELABUHAN_EXIT_R094,MERAK,ACCESS,PELABUHAN,EXIT,0.00,-5.97171540,106.00773260
29_MERAK_ACCESS_PELABUHAN_EXIT_R094,MERAK,ACCESS,PELABUHAN,EXIT,5.00,-5.97167734,106.00770852
29_MERAK_ACCESS_PELABUHAN_EXIT_R094,MERAK,ACCESS,PELABUHAN,EXIT,10.00,-5.97163928,106.00768445
29_MERAK_ACCESS_PELABUHAN_EXIT_R094,MERAK,ACCESS,PELABUHAN,EXIT,15.00,-5.97160122,106.00766037
29_MERAK_ACCESS_PELABUHAN_EXIT_R094,MERAK,ACCESS,PELABUHAN,EXIT,20.00,-5.97156316,106.00763630
29_MERAK_ACCESS_PELABUHAN_EXIT_R094,MERAK,ACCESS,PELABUHAN,EXIT,25.00,-5.97152510,106.00761222
29_MERAK_ACCESS_PELABUHAN_EXIT_R094,MERAK,ACCESS,PELABUHAN,EXIT,30.00,-5.97148704,106.00758815
29_MERAK_ACCESS_PELABUHAN_EXIT_R094,MERAK,ACCESS,PELABUHAN,EXIT,35.00,-5.97144898,106.00756407
29_MERAK_ACCESS_PELABUHAN_EXIT_R094,MERAK,ACCESS,PELABUHAN,EXIT,40.00,-5.97141092,106.00754000
29_MERAK_ACCESS_PELABUHAN_EXIT_R094,MERAK,ACCESS,PELABUHAN,EXIT,45.00,-5.97137251,106.00751648
29_MERAK_ACCESS_PELABUHAN_EXIT_R094,MERAK,ACCESS,PELABUHAN,EXIT,50.00,-5.97133386,106.00749338
29_MERAK_ACCESS_PELABUHAN_EXIT_R094,MERAK,ACCESS,PELABUHAN,EXIT,55.00,-5.97129521,106.00747028
29_MERAK_ACCESS_PELABUHAN_EXIT_R094,MERAK,ACCESS,PELABUHAN,EXIT,60.00,-5.97125655,106.00744718
29_MERAK_ACCESS_PELABUHAN_EXIT_R094,MERAK,ACCESS,PELABUHAN,EXIT,65.00,-5.97121790,106.00742409
29_MERAK_ACCESS_PELABUHAN_EXIT_R094,MERAK,ACCESS,PELABUHAN,EXIT,70.00,-5.97117924,106.00740099
29_MERAK_ACCESS_PELABUHAN_EXIT_R094,MERAK,ACCESS,PELABUHAN,EXIT,75.00,-5.97114059,106.00737789
29_MERAK_ACCESS_PELABUHAN_EXIT_R094,MERAK,ACCESS,PELABUHAN,EXIT,80.00,-5.97110194,106.00735479
29_MERAK_ACCESS_PELABUHAN_EXIT_R094,MERAK,ACCESS,PELABUHAN,EXIT,85.00,-5.97106328,106.00733169
29_MERAK_ACCESS_PELABUHAN_EXIT_R094,MERAK,ACCESS,PELABUHAN,EXIT,90.00,-5.97102463,106.00730859
29_MERAK_ACCESS_PELABUHAN_EXIT_R094,MERAK,ACCESS,PELABUHAN,EXIT,95.00,-5.97098597,106.00728549
29_MERAK_ACCESS_PELABUHAN_EXIT_R094,MERAK,ACCESS,PELABUHAN,EXIT,100.00,-5.97094732,106.00726239
29_MERAK_ACCESS_PELABUHAN_EXIT_R094,MERAK,ACCESS,PELABUHAN,EXIT,105.00,-5.97090866,106.00723929
29_MERAK_ACCESS_PELABUHAN_EXIT_R094,MERAK,ACCESS,PELABUHAN,EXIT,110.00,-5.97087015,106.00721597
29_MERAK_ACCESS_PELABUHAN_EXIT_R094,MERAK,ACCESS,PELABUHAN,EXIT,115.00,-5.97083198,106.00719207
29_MERAK_ACCESS_PELABUHAN_EXIT_R094,MERAK,ACCESS,PELABUHAN,EXIT,120.00,-5.97079392,106.00716798
29_MERAK_ACCESS_PELABUHAN_EXIT_R094,MERAK,ACCESS,PELABUHAN,EXIT,125.00,-5.97075595,106.00714376
29_MERAK_ACCESS_PELABUHAN_EXIT_R094,MERAK,ACCESS,PELABUHAN,EXIT,130.00,-5.97071799,106.00711954
29_MERAK_ACCESS_PELABUHAN_EXIT_R094,MERAK,ACCESS,PELABUHAN,EXIT,135.00,-5.97068002,106.00709532
29_MERAK_ACCESS_PELABUHAN_EXIT_R094,MERAK,ACCESS,PELABUHAN,EXIT,140.00,-5.97064205,106.00707110
29_MERAK_ACCESS_PELABUHAN_EXIT_R094,MERAK,ACCESS,PELABUHAN,EXIT,145.00,-5.97060408,106.00704688
29_MERAK_ACCESS_PELABUHAN_EXIT_R094,MERAK,ACCESS,PELABUHAN,EXIT,146.56,-5.97059220,106.00703930
29_MERAK_ACCESS_PELABUHAN_ENTRANCE_R095,MERAK,ACCESS,PELABUHAN,ENTRANCE,0.00,-5.97064410,106.00715150
29_MERAK_ACCESS_PELABUHAN_ENTRANCE_R095,MERAK,ACCESS,PELABUHAN,ENTRANCE,5.00,-5.97068233,106.00717530
29_MERAK_ACCESS_PELABUHAN_ENTRANCE_R095,MERAK,ACCESS,PELABUHAN,ENTRANCE,10.00,-5.97071800,106.00720279
29_MERAK_ACCESS_PELABUHAN_ENTRANCE_R095,MERAK,ACCESS,PELABUHAN,ENTRANCE,15.00,-5.97075336,106.00723072
29_MERAK_ACCESS_PELABUHAN_ENTRANCE_R095,MERAK,ACCESS,PELABUHAN,ENTRANCE,20.00,-5.97078956,106.00725745
29_MERAK_ACCESS_PELABUHAN_ENTRANCE_R095,MERAK,ACCESS,PELABUHAN,ENTRANCE,25.00,-5.97082748,106.00728175
29_MERAK_ACCESS_PELABUHAN_ENTRANCE_R095,MERAK,ACCESS,PELABUHAN,ENTRANCE,30.00,-5.97086541,106.00730603
29_MERAK_ACCESS_PELABUHAN_ENTRANCE_R095,MERAK,ACCESS,PELABUHAN,ENTRANCE,35.00,-5.97090335,106.00733031
29_MERAK_ACCESS_PELABUHAN_ENTRANCE_R095,MERAK,ACCESS,PELABUHAN,ENTRANCE,40.00,-5.97094128,106.00735458
29_MERAK_ACCESS_PELABUHAN_ENTRANCE_R095,MERAK,ACCESS,PELABUHAN,ENTRANCE,45.00,-5.97097921,106.00737886
29_MERAK_ACCESS_PELABUHAN_ENTRANCE_R095,MERAK,ACCESS,PELABUHAN,ENTRANCE,50.00,-5.97101715,106.00740314
29_MERAK_ACCESS_PELABUHAN_ENTRANCE_R095,MERAK,ACCESS,PELABUHAN,ENTRANCE,55.00,-5.97105508,106.00742741
29_MERAK_ACCESS_PELABUHAN_ENTRANCE_R095,MERAK,ACCESS,PELABUHAN,ENTRANCE,60.00,-5.97109301,106.00745169
29_MERAK_ACCESS_PELABUHAN_ENTRANCE_R095,MERAK,ACCESS,PELABUHAN,ENTRANCE,65.00,-5.97113095,106.00747597
29_MERAK_ACCESS_PELABUHAN_ENTRANCE_R095,MERAK,ACCESS,PELABUHAN,ENTRANCE,70.00,-5.97116888,106.00750024
29_MERAK_ACCESS_PELABUHAN_ENTRANCE_R095,MERAK,ACCESS,PELABUHAN,ENTRANCE,75.00,-5.97120682,106.00752452
29_MERAK_ACCESS_PELABUHAN_ENTRANCE_R095,MERAK,ACCESS,PELABUHAN,ENTRANCE,80.00,-5.97124475,106.00754880
29_MERAK_ACCESS_PELABUHAN_ENTRANCE_R095,MERAK,ACCESS,PELABUHAN,ENTRANCE,85.00,-5.97128268,106.00757307
29_MERAK_ACCESS_PELABUHAN_ENTRANCE_R095,MERAK,ACCESS,PELABUHAN,ENTRANCE,90.00,-5.97132062,106.00759735
29_MERAK_ACCESS_PELABUHAN_ENTRANCE_R095,MERAK,ACCESS,PELABUHAN,ENTRANCE,95.00,-5.97135855,106.00762163
29_MERAK_ACCESS_PELABUHAN_ENTRANCE_R095,MERAK,ACCESS,PELABUHAN,ENTRANCE,100.00,-5.97139648,106.00764590
29_MERAK_ACCESS_PELABUHAN_ENTRANCE_R095,MERAK,ACCESS,PELABUHAN,ENTRANCE,105.00,-5.97143442,106.00767018
29_MERAK_ACCESS_PELABUHAN_ENTRANCE_R095,MERAK,ACCESS,PELABUHAN,ENTRANCE,110.00,-5.97147235,106.00769446
29_MERAK_ACCESS_PELABUHAN_ENTRANCE_R095,MERAK,ACCESS,PELABUHAN,ENTRANCE,115.00,-5.97151029,106.00771873
29_MERAK_ACCESS_PELABUHAN_ENTRANCE_R095,MERAK,ACCESS,PELABUHAN,ENTRANCE,120.00,-5.97154822,106.00774301
29_MERAK_ACCESS_PELABUHAN_ENTRANCE_R095,MERAK,ACCESS,PELABUHAN,ENTRANCE,125.00,-5.97158615,106.00776729
29_MERAK_ACCESS_PELABUHAN_ENTRANCE_R095,MERAK,ACCESS,PELABUHAN,ENTRANCE,130.00,-5.97162409,106.00779156
29_MERAK_ACCESS_PELABUHAN_ENTRANCE_R095,MERAK,ACCESS,PELABUHAN,ENTRANCE,135.00,-5.97166202,106.00781584
29_MERAK_ACCESS_PELABUHAN_ENTRANCE_R095,MERAK,ACCESS,PELABUHAN,ENTRANCE,135.30,-5.97166430,106.00781730
43A_REST_AREA_43_RAMP_A_ON_R096,Rest Area 43,RAMP,A,ON,0.00,-6.19379270,106.42765370
43A_REST_AREA_43_RAMP_A_ON_R096,Rest Area 43,RAMP,A,ON,5.00,-6.19377945,106.42761048
43A_REST_AREA_43_RAMP_A_ON_R096,Rest Area 43,RAMP,A,ON,10.00,-6.19376621,106.42756725
43A_REST_AREA_43_RAMP_A_ON_R096,Rest Area 43,RAMP,A,ON,15.00,-6.19375296,106.42752403
43A_REST_AREA_43_RAMP_A_ON_R096,Rest Area 43,RAMP,A,ON,20.00,-6.19373972,106.42748081
43A_REST_AREA_43_RAMP_A_ON_R096,Rest Area 43,RAMP,A,ON,25.00,-6.19372682,106.42743748
43A_REST_AREA_43_RAMP_A_ON_R096,Rest Area 43,RAMP,A,ON,30.00,-6.19371489,106.42739387
43A_REST_AREA_43_RAMP_A_ON_R096,Rest Area 43,RAMP,A,ON,35.00,-6.19370295,106.42735026
43A_REST_AREA_43_RAMP_A_ON_R096,Rest Area 43,RAMP,A,ON,40.00,-6.19369102,106.42730666
43A_REST_AREA_43_RAMP_A_ON_R096,Rest Area 43,RAMP,A,ON,45.00,-6.19367909,106.42726305
43A_REST_AREA_43_RAMP_A_ON_R096,Rest Area 43,RAMP,A,ON,50.00,-6.19366715,106.42721944
43A_REST_AREA_43_RAMP_A_ON_R096,Rest Area 43,RAMP,A,ON,55.00,-6.19365522,106.42717583
43A_REST_AREA_43_RAMP_A_ON_R096,Rest Area 43,RAMP,A,ON,60.00,-6.19364329,106.42713222
43A_REST_AREA_43_RAMP_A_ON_R096,Rest Area 43,RAMP,A,ON,65.00,-6.19364675,106.42708954
43A_REST_AREA_43_RAMP_A_ON_R096,Rest Area 43,RAMP,A,ON,70.00,-6.19366377,106.42704768
43A_REST_AREA_43_RAMP_A_ON_R096,Rest Area 43,RAMP,A,ON,75.00,-6.19368080,106.42700582
43A_REST_AREA_43_RAMP_A_ON_R096,Rest Area 43,RAMP,A,ON,80.00,-6.19369782,106.42696395
43A_REST_AREA_43_RAMP_A_ON_R096,Rest Area 43,RAMP,A,ON,85.00,-6.19369380,106.42692021
43A_REST_AREA_43_RAMP_A_ON_R096,Rest Area 43,RAMP,A,ON,90.00,-6.19368419,106.42687603
43A_REST_AREA_43_RAMP_A_ON_R096,Rest Area 43,RAMP,A,ON,95.00,-6.19367459,106.42683184
43A_REST_AREA_43_RAMP_A_ON_R096,Rest Area 43,RAMP,A,ON,100.00,-6.19366499,106.42678765
43A_REST_AREA_43_RAMP_A_ON_R096,Rest Area 43,RAMP,A,ON,105.00,-6.19365539,106.42674347
43A_REST_AREA_43_RAMP_A_ON_R096,Rest Area 43,RAMP,A,ON,110.00,-6.19364578,106.42669928
43A_REST_AREA_43_RAMP_A_ON_R096,Rest Area 43,RAMP,A,ON,115.00,-6.19363618,106.42665509
43A_REST_AREA_43_RAMP_A_ON_R096,Rest Area 43,RAMP,A,ON,120.00,-6.19362658,106.42661091
43A_REST_AREA_43_RAMP_A_ON_R096,Rest Area 43,RAMP,A,ON,125.00,-6.19361733,106.42656664
43A_REST_AREA_43_RAMP_A_ON_R096,Rest Area 43,RAMP,A,ON,130.00,-6.19360856,106.42652228
43A_REST_AREA_43_RAMP_A_ON_R096,Rest Area 43,RAMP,A,ON,135.00,-6.19359980,106.42647792
43A_REST_AREA_43_RAMP_A_ON_R096,Rest Area 43,RAMP,A,ON,140.00,-6.19359103,106.42643356
43A_REST_AREA_43_RAMP_A_ON_R096,Rest Area 43,RAMP,A,ON,145.00,-6.19358237,106.42638917
43A_REST_AREA_43_RAMP_A_ON_R096,Rest Area 43,RAMP,A,ON,150.00,-6.19357385,106.42634476
43A_REST_AREA_43_RAMP_A_ON_R096,Rest Area 43,RAMP,A,ON,155.00,-6.19357287,106.42630002
43A_REST_AREA_43_RAMP_A_ON_R096,Rest Area 43,RAMP,A,ON,160.00,-6.19357823,106.42625517
43A_REST_AREA_43_RAMP_A_ON_R096,Rest Area 43,RAMP,A,ON,165.00,-6.19359016,106.42621156
43A_REST_AREA_43_RAMP_A_ON_R096,Rest Area 43,RAMP,A,ON,165.86,-6.19359220,106.42620410
43A_REST_AREA_43_RAMP_A_OFF_R097,Rest Area 43,RAMP,A,OFF,0.00,-6.19339460,106.42410160
43A_REST_AREA_43_RAMP_A_OFF_R097,Rest Area 43,RAMP,A,OFF,5.00,-6.19336028,106.42407237
43A_REST_AREA_43_RAMP_A_OFF_R097,Rest Area 43,RAMP,A,OFF,10.00,-6.19332597,106.42404314
43A_REST_AREA_43_RAMP_A_OFF_R097,Rest Area 43,RAMP,A,OFF,15.00,-6.19329408,106.42401200
43A_REST_AREA_43_RAMP_A_OFF_R097,Rest Area 43,RAMP,A,OFF,20.00,-6.19327439,106.42397135
43A_REST_AREA_43_RAMP_A_OFF_R097,Rest Area 43,RAMP,A,OFF,25.00,-6.19326018,106.42392868
43A_REST_AREA_43_RAMP_A_OFF_R097,Rest Area 43,RAMP,A,OFF,30.00,-6.19325312,106.42388401
43A_REST_AREA_43_RAMP_A_OFF_R097,Rest Area 43,RAMP,A,OFF,35.00,-6.19324842,106.42383903
43A_REST_AREA_43_RAMP_A_OFF_R097,Rest Area 43,RAMP,A,OFF,40.00,-6.19324395,106.42379403
43A_REST_AREA_43_RAMP_A_OFF_R097,Rest Area 43,RAMP,A,OFF,45.00,-6.19324010,106.42374896
43A_REST_AREA_43_RAMP_A_OFF_R097,Rest Area 43,RAMP,A,OFF,50.00,-6.19323625,106.42370390
43A_REST_AREA_43_RAMP_A_OFF_R097,Rest Area 43,RAMP,A,OFF,55.00,-6.19323240,106.42365884
43A_REST_AREA_43_RAMP_A_OFF_R097,Rest Area 43,RAMP,A,OFF,60.00,-6.19322855,106.42361377
43A_REST_AREA_43_RAMP_A_OFF_R097,Rest Area 43,RAMP,A,OFF,65.00,-6.19322470,106.42356871
43A_REST_AREA_43_RAMP_A_OFF_R097,Rest Area 43,RAMP,A,OFF,70.00,-6.19322105,106.42352363
43A_REST_AREA_43_RAMP_A_OFF_R097,Rest Area 43,RAMP,A,OFF,75.00,-6.19321742,106.42347854
43A_REST_AREA_43_RAMP_A_OFF_R097,Rest Area 43,RAMP,A,OFF,80.00,-6.19321379,106.42343346
43A_REST_AREA_43_RAMP_A_OFF_R097,Rest Area 43,RAMP,A,OFF,85.00,-6.19320946,106.42338845
43A_REST_AREA_43_RAMP_A_OFF_R097,Rest Area 43,RAMP,A,OFF,90.00,-6.19320472,106.42334347
43A_REST_AREA_43_RAMP_A_OFF_R097,Rest Area 43,RAMP,A,OFF,95.00,-6.19319998,106.42329849
43A_REST_AREA_43_RAMP_A_OFF_R097,Rest Area 43,RAMP,A,OFF,100.00,-6.19319524,106.42325351
43A_REST_AREA_43_RAMP_A_OFF_R097,Rest Area 43,RAMP,A,OFF,105.00,-6.19319050,106.42320853
43A_REST_AREA_43_RAMP_A_OFF_R097,Rest Area 43,RAMP,A,OFF,110.00,-6.19318577,106.42316356
43A_REST_AREA_43_RAMP_A_OFF_R097,Rest Area 43,RAMP,A,OFF,115.00,-6.19318103,106.42311858
43A_REST_AREA_43_RAMP_A_OFF_R097,Rest Area 43,RAMP,A,OFF,120.00,-6.19317629,106.42307360
43A_REST_AREA_43_RAMP_A_OFF_R097,Rest Area 43,RAMP,A,OFF,125.00,-6.19315431,106.42303654
43A_REST_AREA_43_RAMP_A_OFF_R097,Rest Area 43,RAMP,A,OFF,130.00,-6.19312363,106.42300348
43A_REST_AREA_43_RAMP_A_OFF_R097,Rest Area 43,RAMP,A,OFF,135.00,-6.19310618,106.42296468
43A_REST_AREA_43_RAMP_A_OFF_R097,Rest Area 43,RAMP,A,OFF,140.00,-6.19310418,106.42291951
43A_REST_AREA_43_RAMP_A_OFF_R097,Rest Area 43,RAMP,A,OFF,145.00,-6.19310306,106.42287429
43A_REST_AREA_43_RAMP_A_OFF_R097,Rest Area 43,RAMP,A,OFF,150.00,-6.19310194,106.42282907
43A_REST_AREA_43_RAMP_A_OFF_R097,Rest Area 43,RAMP,A,OFF,155.00,-6.19310082,106.42278386
43A_REST_AREA_43_RAMP_A_OFF_R097,Rest Area 43,RAMP,A,OFF,160.00,-6.19309969,106.42273864
43A_REST_AREA_43_RAMP_A_OFF_R097,Rest Area 43,RAMP,A,OFF,165.00,-6.19309857,106.42269343
43A_REST_AREA_43_RAMP_A_OFF_R097,Rest Area 43,RAMP,A,OFF,170.00,-6.19309745,106.42264821
43A_REST_AREA_43_RAMP_A_OFF_R097,Rest Area 43,RAMP,A,OFF,175.00,-6.19309633,106.42260299
43A_REST_AREA_43_RAMP_A_OFF_R097,Rest Area 43,RAMP,A,OFF,180.00,-6.19309521,106.42255778
43A_REST_AREA_43_RAMP_A_OFF_R097,Rest Area 43,RAMP,A,OFF,185.00,-6.19309409,106.42251256
43A_REST_AREA_43_RAMP_A_OFF_R097,Rest Area 43,RAMP,A,OFF,190.00,-6.19309297,106.42246735
43A_REST_AREA_43_RAMP_A_OFF_R097,Rest Area 43,RAMP,A,OFF,195.00,-6.19309185,106.42242213
43A_REST_AREA_43_RAMP_A_OFF_R097,Rest Area 43,RAMP,A,OFF,200.00,-6.19309072,106.42237691
43A_REST_AREA_43_RAMP_A_OFF_R097,Rest Area 43,RAMP,A,OFF,205.00,-6.19308960,106.42233170
43A_REST_AREA_43_RAMP_A_OFF_R097,Rest Area 43,RAMP,A,OFF,210.00,-6.19308848,106.42228648
43A_REST_AREA_43_RAMP_A_OFF_R097,Rest Area 43,RAMP,A,OFF,215.00,-6.19308736,106.42224127
43A_REST_AREA_43_RAMP_A_OFF_R097,Rest Area 43,RAMP,A,OFF,220.00,-6.19308624,106.42219605
43A_REST_AREA_43_RAMP_A_OFF_R097,Rest Area 43,RAMP,A,OFF,225.00,-6.19308562,106.42215082
43A_REST_AREA_43_RAMP_A_OFF_R097,Rest Area 43,RAMP,A,OFF,230.00,-6.19308513,106.42210560
43A_REST_AREA_43_RAMP_A_OFF_R097,Rest Area 43,RAMP,A,OFF,235.00,-6.19308464,106.42206037
43A_REST_AREA_43_RAMP_A_OFF_R097,Rest Area 43,RAMP,A,OFF,240.00,-6.19308416,106.42201514
43A_REST_AREA_43_RAMP_A_OFF_R097,Rest Area 43,RAMP,A,OFF,245.00,-6.19308335,106.42196992
43A_REST_AREA_43_RAMP_A_OFF_R097,Rest Area 43,RAMP,A,OFF,250.00,-6.19308251,106.42192470
43A_REST_AREA_43_RAMP_A_OFF_R097,Rest Area 43,RAMP,A,OFF,250.04,-6.19308250,106.42192430
45B_REST_AREA_45_RAMP_B_ON_R098,Rest Area 45,RAMP,B,ON,0.00,-6.18510810,106.40574130
45B_REST_AREA_45_RAMP_B_ON_R098,Rest Area 45,RAMP,B,ON,5.00,-6.18509590,106.40578483
45B_REST_AREA_45_RAMP_B_ON_R098,Rest Area 45,RAMP,B,ON,10.00,-6.18508371,106.40582837
45B_REST_AREA_45_RAMP_B_ON_R098,Rest Area 45,RAMP,B,ON,15.00,-6.18509565,106.40586953
45B_REST_AREA_45_RAMP_B_ON_R098,Rest Area 45,RAMP,B,ON,20.00,-6.18511611,106.40590981
45B_REST_AREA_45_RAMP_B_ON_R098,Rest Area 45,RAMP,B,ON,25.00,-6.18513657,106.40595008
45B_REST_AREA_45_RAMP_B_ON_R098,Rest Area 45,RAMP,B,ON,30.00,-6.18515702,106.40599036
45B_REST_AREA_45_RAMP_B_ON_R098,Rest Area 45,RAMP,B,ON,35.00,-6.18517748,106.40603064
45B_REST_AREA_45_RAMP_B_ON_R098,Rest Area 45,RAMP,B,ON,40.00,-6.18519755,106.40607111
45B_REST_AREA_45_RAMP_B_ON_R098,Rest Area 45,RAMP,B,ON,45.00,-6.18521757,106.40611161
45B_REST_AREA_45_RAMP_B_ON_R098,Rest Area 45,RAMP,B,ON,50.00,-6.18523758,106.40615212
45B_REST_AREA_45_RAMP_B_ON_R098,Rest Area 45,RAMP,B,ON,55.00,-6.18525752,106.40619265
45B_REST_AREA_45_RAMP_B_ON_R098,Rest Area 45,RAMP,B,ON,60.00,-6.18527743,106.40623321
45B_REST_AREA_45_RAMP_B_ON_R098,Rest Area 45,RAMP,B,ON,65.00,-6.18529734,106.40627376
45B_REST_AREA_45_RAMP_B_ON_R098,Rest Area 45,RAMP,B,ON,70.00,-6.18531693,106.40631446
45B_REST_AREA_45_RAMP_B_ON_R098,Rest Area 45,RAMP,B,ON,75.00,-6.18533461,106.40635605
45B_REST_AREA_45_RAMP_B_ON_R098,Rest Area 45,RAMP,B,ON,80.00,-6.18535229,106.40639764
45B_REST_AREA_45_RAMP_B_ON_R098,Rest Area 45,RAMP,B,ON,85.00,-6.18536913,106.40643955
45B_REST_AREA_45_RAMP_B_ON_R098,Rest Area 45,RAMP,B,ON,90.00,-6.18538336,106.40648245
45B_REST_AREA_45_RAMP_B_ON_R098,Rest Area 45,RAMP,B,ON,95.00,-6.18539674,106.40652561
45B_REST_AREA_45_RAMP_B_ON_R098,Rest Area 45,RAMP,B,ON,100.00,-6.18540826,106.40656933
45B_REST_AREA_45_RAMP_B_ON_R098,Rest Area 45,RAMP,B,ON,105.00,-6.18541004,106.40661396
45B_REST_AREA_45_RAMP_B_ON_R098,Rest Area 45,RAMP,B,ON,110.00,-6.18541154,106.40665916
45B_REST_AREA_45_RAMP_B_ON_R098,Rest Area 45,RAMP,B,ON,111.87,-6.18541210,106.40667610
45B_REST_AREA_45_RAMP_B_OFF_R099,Rest Area 45,RAMP,B,OFF,0.00,-6.18702000,106.40888620
45B_REST_AREA_45_RAMP_B_OFF_R099,Rest Area 45,RAMP,B,OFF,5.00,-6.18706416,106.40889472
45B_REST_AREA_45_RAMP_B_OFF_R099,Rest Area 45,RAMP,B,OFF,10.00,-6.18710805,106.40890451
45B_REST_AREA_45_RAMP_B_OFF_R099,Rest Area 45,RAMP,B,OFF,15.00,-6.18715181,106.40891493
45B_REST_AREA_45_RAMP_B_OFF_R099,Rest Area 45,RAMP,B,OFF,20.00,-6.18719263,106.40893278
45B_REST_AREA_45_RAMP_B_OFF_R099,Rest Area 45,RAMP,B,OFF,25.00,-6.18723158,106.40895539
45B_REST_AREA_45_RAMP_B_OFF_R099,Rest Area 45,RAMP,B,OFF,30.00,-6.18727052,106.40897800
45B_REST_AREA_45_RAMP_B_OFF_R099,Rest Area 45,RAMP,B,OFF,35.00,-6.18730946,106.40900061
45B_REST_AREA_45_RAMP_B_OFF_R099,Rest Area 45,RAMP,B,OFF,40.00,-6.18734841,106.40902323
45B_REST_AREA_45_RAMP_B_OFF_R099,Rest Area 45,RAMP,B,OFF,45.00,-6.18738735,106.40904584
45B_REST_AREA_45_RAMP_B_OFF_R099,Rest Area 45,RAMP,B,OFF,50.00,-6.18742629,106.40906845
45B_REST_AREA_45_RAMP_B_OFF_R099,Rest Area 45,RAMP,B,OFF,55.00,-6.18746222,106.40909483
45B_REST_AREA_45_RAMP_B_OFF_R099,Rest Area 45,RAMP,B,OFF,60.00,-6.18749249,106.40912828
45B_REST_AREA_45_RAMP_B_OFF_R099,Rest Area 45,RAMP,B,OFF,65.00,-6.18752275,106.40916173
45B_REST_AREA_45_RAMP_B_OFF_R099,Rest Area 45,RAMP,B,OFF,70.00,-6.18755302,106.40919518
45B_REST_AREA_45_RAMP_B_OFF_R099,Rest Area 45,RAMP,B,OFF,75.00,-6.18758328,106.40922863
45B_REST_AREA_45_RAMP_B_OFF_R099,Rest Area 45,RAMP,B,OFF,80.00,-6.18761354,106.40926208
45B_REST_AREA_45_RAMP_B_OFF_R099,Rest Area 45,RAMP,B,OFF,85.00,-6.18764381,106.40929554
45B_REST_AREA_45_RAMP_B_OFF_R099,Rest Area 45,RAMP,B,OFF,90.00,-6.18767407,106.40932899
45B_REST_AREA_45_RAMP_B_OFF_R099,Rest Area 45,RAMP,B,OFF,95.00,-6.18770434,106.40936244
45B_REST_AREA_45_RAMP_B_OFF_R099,Rest Area 45,RAMP,B,OFF,98.30,-6.18772430,106.40938450
68A_REST_AREA_68_RAMP_A_ON_R100,Rest Area 68,RAMP,A,ON,0.00,-6.13346420,106.20746170
68A_REST_AREA_68_RAMP_A_ON_R100,Rest Area 68,RAMP,A,ON,5.00,-6.13345106,106.20741845
68A_REST_AREA_68_RAMP_A_ON_R100,Rest Area 68,RAMP,A,ON,10.00,-6.13343791,106.20737520
68A_REST_AREA_68_RAMP_A_ON_R100,Rest Area 68,RAMP,A,ON,15.00,-6.13342477,106.20733195
68A_REST_AREA_68_RAMP_A_ON_R100,Rest Area 68,RAMP,A,ON,20.00,-6.13341163,106.20728870
68A_REST_AREA_68_RAMP_A_ON_R100,Rest Area 68,RAMP,A,ON,25.00,-6.13339849,106.20724545
68A_REST_AREA_68_RAMP_A_ON_R100,Rest Area 68,RAMP,A,ON,30.00,-6.13338505,106.20720229
68A_REST_AREA_68_RAMP_A_ON_R100,Rest Area 68,RAMP,A,ON,35.00,-6.13337160,106.20715914
68A_REST_AREA_68_RAMP_A_ON_R100,Rest Area 68,RAMP,A,ON,40.00,-6.13335814,106.20711599
68A_REST_AREA_68_RAMP_A_ON_R100,Rest Area 68,RAMP,A,ON,45.00,-6.13334548,106.20707259
68A_REST_AREA_68_RAMP_A_ON_R100,Rest Area 68,RAMP,A,ON,50.00,-6.13333314,106.20702911
68A_REST_AREA_68_RAMP_A_ON_R100,Rest Area 68,RAMP,A,ON,55.00,-6.13332079,106.20698562
68A_REST_AREA_68_RAMP_A_ON_R100,Rest Area 68,RAMP,A,ON,60.00,-6.13330844,106.20694213
68A_REST_AREA_68_RAMP_A_ON_R100,Rest Area 68,RAMP,A,ON,65.00,-6.13329609,106.20689865
68A_REST_AREA_68_RAMP_A_ON_R100,Rest Area 68,RAMP,A,ON,70.00,-6.13328375,106.20685516
68A_REST_AREA_68_RAMP_A_ON_R100,Rest Area 68,RAMP,A,ON,75.00,-6.13327140,106.20681167
68A_REST_AREA_68_RAMP_A_ON_R100,Rest Area 68,RAMP,A,ON,80.00,-6.13325905,106.20676819
68A_REST_AREA_68_RAMP_A_ON_R100,Rest Area 68,RAMP,A,ON,85.00,-6.13324671,106.20672470
68A_REST_AREA_68_RAMP_A_ON_R100,Rest Area 68,RAMP,A,ON,90.00,-6.13323436,106.20668121
68A_REST_AREA_68_RAMP_A_ON_R100,Rest Area 68,RAMP,A,ON,95.00,-6.13322201,106.20663773
68A_REST_AREA_68_RAMP_A_ON_R100,Rest Area 68,RAMP,A,ON,100.00,-6.13320989,106.20659418
68A_REST_AREA_68_RAMP_A_ON_R100,Rest Area 68,RAMP,A,ON,105.00,-6.13319909,106.20655028
68A_REST_AREA_68_RAMP_A_ON_R100,Rest Area 68,RAMP,A,ON,110.00,-6.13318829,106.20650638
68A_REST_AREA_68_RAMP_A_ON_R100,Rest Area 68,RAMP,A,ON,115.00,-6.13317749,106.20646248
68A_REST_AREA_68_RAMP_A_ON_R100,Rest Area 68,RAMP,A,ON,120.00,-6.13316668,106.20641858
68A_REST_AREA_68_RAMP_A_ON_R100,Rest Area 68,RAMP,A,ON,125.00,-6.13315588,106.20637468
68A_REST_AREA_68_RAMP_A_ON_R100,Rest Area 68,RAMP,A,ON,130.00,-6.13314508,106.20633078
68A_REST_AREA_68_RAMP_A_ON_R100,Rest Area 68,RAMP,A,ON,134.89,-6.13313450,106.20628780
68A_REST_AREA_68_RAMP_A_OFF_R101,Rest Area 68,RAMP,A,OFF,0.00,-6.13190530,106.20298700
68A_REST_AREA_68_RAMP_A_OFF_R101,Rest Area 68,RAMP,A,OFF,5.00,-6.13188504,106.20294663
68A_REST_AREA_68_RAMP_A_OFF_R101,Rest Area 68,RAMP,A,OFF,10.00,-6.13186478,106.20290625
68A_REST_AREA_68_RAMP_A_OFF_R101,Rest Area 68,RAMP,A,OFF,15.00,-6.13184452,106.20286588
68A_REST_AREA_68_RAMP_A_OFF_R101,Rest Area 68,RAMP,A,OFF,20.00,-6.13182426,106.20282550
68A_REST_AREA_68_RAMP_A_OFF_R101,Rest Area 68,RAMP,A,OFF,25.00,-6.13180400,106.20278513
68A_REST_AREA_68_RAMP_A_OFF_R101,Rest Area 68,RAMP,A,OFF,30.00,-6.13178374,106.20274475
68A_REST_AREA_68_RAMP_A_OFF_R101,Rest Area 68,RAMP,A,OFF,35.00,-6.13176343,106.20270441
68A_REST_AREA_68_RAMP_A_OFF_R101,Rest Area 68,RAMP,A,OFF,40.00,-6.13174202,106.20266464
68A_REST_AREA_68_RAMP_A_OFF_R101,Rest Area 68,RAMP,A,OFF,45.00,-6.13172060,106.20262487
68A_REST_AREA_68_RAMP_A_OFF_R101,Rest Area 68,RAMP,A,OFF,50.00,-6.13169918,106.20258511
68A_REST_AREA_68_RAMP_A_OFF_R101,Rest Area 68,RAMP,A,OFF,55.00,-6.13167776,106.20254534
68A_REST_AREA_68_RAMP_A_OFF_R101,Rest Area 68,RAMP,A,OFF,60.00,-6.13165802,106.20250472
68A_REST_AREA_68_RAMP_A_OFF_R101,Rest Area 68,RAMP,A,OFF,65.00,-6.13163867,106.20246390
68A_REST_AREA_68_RAMP_A_OFF_R101,Rest Area 68,RAMP,A,OFF,70.00,-6.13161931,106.20242308
68A_REST_AREA_68_RAMP_A_OFF_R101,Rest Area 68,RAMP,A,OFF,75.00,-6.13159996,106.20238226
68A_REST_AREA_68_RAMP_A_OFF_R101,Rest Area 68,RAMP,A,OFF,80.00,-6.13158061,106.20234143
68A_REST_AREA_68_RAMP_A_OFF_R101,Rest Area 68,RAMP,A,OFF,85.00,-6.13156329,106.20229972
68A_REST_AREA_68_RAMP_A_OFF_R101,Rest Area 68,RAMP,A,OFF,90.00,-6.13154660,106.20225773
68A_REST_AREA_68_RAMP_A_OFF_R101,Rest Area 68,RAMP,A,OFF,95.00,-6.13152991,106.20221573
68A_REST_AREA_68_RAMP_A_OFF_R101,Rest Area 68,RAMP,A,OFF,100.00,-6.13151322,106.20217374
68A_REST_AREA_68_RAMP_A_OFF_R101,Rest Area 68,RAMP,A,OFF,105.00,-6.13149652,106.20213174
68A_REST_AREA_68_RAMP_A_OFF_R101,Rest Area 68,RAMP,A,OFF,110.00,-6.13148056,106.20208947
68A_REST_AREA_68_RAMP_A_OFF_R101,Rest Area 68,RAMP,A,OFF,115.00,-6.13146494,106.20204706
68A_REST_AREA_68_RAMP_A_OFF_R101,Rest Area 68,RAMP,A,OFF,120.00,-6.13144931,106.20200466
68A_REST_AREA_68_RAMP_A_OFF_R101,Rest Area 68,RAMP,A,OFF,125.00,-6.13143368,106.20196225
68A_REST_AREA_68_RAMP_A_OFF_R101,Rest Area 68,RAMP,A,OFF,130.00,-6.13141805,106.20191985
68A_REST_AREA_68_RAMP_A_OFF_R101,Rest Area 68,RAMP,A,OFF,135.00,-6.13140242,106.20187744
68A_REST_AREA_68_RAMP_A_OFF_R101,Rest Area 68,RAMP,A,OFF,140.00,-6.13138680,106.20183503
68A_REST_AREA_68_RAMP_A_OFF_R101,Rest Area 68,RAMP,A,OFF,145.00,-6.13137117,106.20179263
68A_REST_AREA_68_RAMP_A_OFF_R101,Rest Area 68,RAMP,A,OFF,145.31,-6.13137020,106.20179000
68B_REST_AREA_68_RAMP_B_ON_R102,Rest Area 68,RAMP,B,ON,0.00,-6.13126810,106.20226620
68B_REST_AREA_68_RAMP_B_ON_R102,Rest Area 68,RAMP,B,ON,5.00,-6.13127969,106.20230990
68B_REST_AREA_68_RAMP_B_ON_R102,Rest Area 68,RAMP,B,ON,10.00,-6.13129129,106.20235359
68B_REST_AREA_68_RAMP_B_ON_R102,Rest Area 68,RAMP,B,ON,15.00,-6.13130288,106.20239729
68B_REST_AREA_68_RAMP_B_ON_R102,Rest Area 68,RAMP,B,ON,20.00,-6.13131447,106.20244098
68B_REST_AREA_68_RAMP_B_ON_R102,Rest Area 68,RAMP,B,ON,25.00,-6.13132607,106.20248468
68B_REST_AREA_68_RAMP_B_ON_R102,Rest Area 68,RAMP,B,ON,30.00,-6.13133714,106.20252851
68B_REST_AREA_68_RAMP_B_ON_R102,Rest Area 68,RAMP,B,ON,35.00,-6.13134817,106.20257235
68B_REST_AREA_68_RAMP_B_ON_R102,Rest Area 68,RAMP,B,ON,40.00,-6.13135920,106.20261620
68B_REST_AREA_68_RAMP_B_ON_R102,Rest Area 68,RAMP,B,ON,45.00,-6.13137023,106.20266004
68B_REST_AREA_68_RAMP_B_ON_R102,Rest Area 68,RAMP,B,ON,50.00,-6.13138125,106.20270388
68B_REST_AREA_68_RAMP_B_ON_R102,Rest Area 68,RAMP,B,ON,55.00,-6.13139228,106.20274773
68B_REST_AREA_68_RAMP_B_ON_R102,Rest Area 68,RAMP,B,ON,60.00,-6.13140331,106.20279157
68B_REST_AREA_68_RAMP_B_ON_R102,Rest Area 68,RAMP,B,ON,65.00,-6.13141434,106.20283541
68B_REST_AREA_68_RAMP_B_ON_R102,Rest Area 68,RAMP,B,ON,70.00,-6.13142427,106.20287952
68B_REST_AREA_68_RAMP_B_ON_R102,Rest Area 68,RAMP,B,ON,75.00,-6.13143395,106.20292368
68B_REST_AREA_68_RAMP_B_ON_R102,Rest Area 68,RAMP,B,ON,80.00,-6.13144363,106.20296785
68B_REST_AREA_68_RAMP_B_ON_R102,Rest Area 68,RAMP,B,ON,85.00,-6.13145332,106.20301201
68B_REST_AREA_68_RAMP_B_ON_R102,Rest Area 68,RAMP,B,ON,90.00,-6.13146300,106.20305618
68B_REST_AREA_68_RAMP_B_ON_R102,Rest Area 68,RAMP,B,ON,95.00,-6.13147268,106.20310034
68B_REST_AREA_68_RAMP_B_ON_R102,Rest Area 68,RAMP,B,ON,100.00,-6.13148236,106.20314450
68B_REST_AREA_68_RAMP_B_ON_R102,Rest Area 68,RAMP,B,ON,105.00,-6.13149204,106.20318867
68B_REST_AREA_68_RAMP_B_ON_R102,Rest Area 68,RAMP,B,ON,110.00,-6.13149489,106.20323219
68B_REST_AREA_68_RAMP_B_ON_R102,Rest Area 68,RAMP,B,ON,115.00,-6.13147723,106.20327378
68B_REST_AREA_68_RAMP_B_ON_R102,Rest Area 68,RAMP,B,ON,120.00,-6.13145957,106.20331538
68B_REST_AREA_68_RAMP_B_ON_R102,Rest Area 68,RAMP,B,ON,123.65,-6.13144670,106.20334570
68B_REST_AREA_68_RAMP_B_OFF_R103,Rest Area 68,RAMP,B,OFF,0.00,-6.13241910,106.20597000
68B_REST_AREA_68_RAMP_B_OFF_R103,Rest Area 68,RAMP,B,OFF,5.00,-6.13244679,106.20600563
68B_REST_AREA_68_RAMP_B_OFF_R103,Rest Area 68,RAMP,B,OFF,10.00,-6.13247449,106.20604126
68B_REST_AREA_68_RAMP_B_OFF_R103,Rest Area 68,RAMP,B,OFF,15.00,-6.13250218,106.20607689
68B_REST_AREA_68_RAMP_B_OFF_R103,Rest Area 68,RAMP,B,OFF,20.00,-6.13252609,106.20611515
68B_REST_AREA_68_RAMP_B_OFF_R103,Rest Area 68,RAMP,B,OFF,25.00,-6.13254939,106.20615383
68B_REST_AREA_68_RAMP_B_OFF_R103,Rest Area 68,RAMP,B,OFF,30.00,-6.13257269,106.20619251
68B_REST_AREA_68_RAMP_B_OFF_R103,Rest Area 68,RAMP,B,OFF,35.00,-6.13259599,106.20623119
68B_REST_AREA_68_RAMP_B_OFF_R103,Rest Area 68,RAMP,B,OFF,40.00,-6.13261929,106.20626987
68B_REST_AREA_68_RAMP_B_OFF_R103,Rest Area 68,RAMP,B,OFF,45.00,-6.13264177,106.20630903
68B_REST_AREA_68_RAMP_B_OFF_R103,Rest Area 68,RAMP,B,OFF,50.00,-6.13266373,106.20634849
68B_REST_AREA_68_RAMP_B_OFF_R103,Rest Area 68,RAMP,B,OFF,55.00,-6.13268569,106.20638796
68B_REST_AREA_68_RAMP_B_OFF_R103,Rest Area 68,RAMP,B,OFF,60.00,-6.13270822,106.20642708
68B_REST_AREA_68_RAMP_B_OFF_R103,Rest Area 68,RAMP,B,OFF,65.00,-6.13273283,106.20646493
68B_REST_AREA_68_RAMP_B_OFF_R103,Rest Area 68,RAMP,B,OFF,70.00,-6.13275744,106.20650278
68B_REST_AREA_68_RAMP_B_OFF_R103,Rest Area 68,RAMP,B,OFF,75.00,-6.13278205,106.20654063
68B_REST_AREA_68_RAMP_B_OFF_R103,Rest Area 68,RAMP,B,OFF,80.00,-6.13280666,106.20657848
68B_REST_AREA_68_RAMP_B_OFF_R103,Rest Area 68,RAMP,B,OFF,85.00,-6.13283127,106.20661633
68B_REST_AREA_68_RAMP_B_OFF_R103,Rest Area 68,RAMP,B,OFF,90.00,-6.13285588,106.20665418
68B_REST_AREA_68_RAMP_B_OFF_R103,Rest Area 68,RAMP,B,OFF,95.00,-6.13287958,106.20669255
68B_REST_AREA_68_RAMP_B_OFF_R103,Rest Area 68,RAMP,B,OFF,100.00,-6.13289979,106.20673296
68B_REST_AREA_68_RAMP_B_OFF_R103,Rest Area 68,RAMP,B,OFF,105.00,-6.13291999,106.20677336
68B_REST_AREA_68_RAMP_B_OFF_R103,Rest Area 68,RAMP,B,OFF,110.00,-6.13294020,106.20681376
68B_REST_AREA_68_RAMP_B_OFF_R103,Rest Area 68,RAMP,B,OFF,115.00,-6.13296041,106.20685416
68B_REST_AREA_68_RAMP_B_OFF_R103,Rest Area 68,RAMP,B,OFF,120.00,-6.13298062,106.20689456
68B_REST_AREA_68_RAMP_B_OFF_R103,Rest Area 68,RAMP,B,OFF,125.00,-6.13300082,106.20693496
68B_REST_AREA_68_RAMP_B_OFF_R103,Rest Area 68,RAMP,B,OFF,130.00,-6.13302103,106.20697536
68B_REST_AREA_68_RAMP_B_OFF_R103,Rest Area 68,RAMP,B,OFF,135.00,-6.13303895,106.20701683
68B_REST_AREA_68_RAMP_B_OFF_R103,Rest Area 68,RAMP,B,OFF,140.00,-6.13305651,106.20705846
68B_REST_AREA_68_RAMP_B_OFF_R103,Rest Area 68,RAMP,B,OFF,145.00,-6.13307407,106.20710010
68B_REST_AREA_68_RAMP_B_OFF_R103,Rest Area 68,RAMP,B,OFF,150.00,-6.13309162,106.20714173
68B_REST_AREA_68_RAMP_B_OFF_R103,Rest Area 68,RAMP,B,OFF,155.00,-6.13310873,106.20718355
68B_REST_AREA_68_RAMP_B_OFF_R103,Rest Area 68,RAMP,B,OFF,160.00,-6.13312506,106.20722569
68B_REST_AREA_68_RAMP_B_OFF_R103,Rest Area 68,RAMP,B,OFF,165.00,-6.13314140,106.20726782
68B_REST_AREA_68_RAMP_B_OFF_R103,Rest Area 68,RAMP,B,OFF,170.00,-6.13315773,106.20730996
68B_REST_AREA_68_RAMP_B_OFF_R103,Rest Area 68,RAMP,B,OFF,175.00,-6.13318222,106.20734442
68B_REST_AREA_68_RAMP_B_OFF_R103,Rest Area 68,RAMP,B,OFF,180.00,-6.13322293,106.20736363
68B_REST_AREA_68_RAMP_B_OFF_R103,Rest Area 68,RAMP,B,OFF,185.00,-6.13325735,106.20738859
68B_REST_AREA_68_RAMP_B_OFF_R103,Rest Area 68,RAMP,B,OFF,190.00,-6.13327257,106.20743115
68B_REST_AREA_68_RAMP_B_OFF_R103,Rest Area 68,RAMP,B,OFF,195.00,-6.13328779,106.20747371
68B_REST_AREA_68_RAMP_B_OFF_R103,Rest Area 68,RAMP,B,OFF,200.00,-6.13330301,106.20751626
68B_REST_AREA_68_RAMP_B_OFF_R103,Rest Area 68,RAMP,B,OFF,205.00,-6.13331823,106.20755882
68B_REST_AREA_68_RAMP_B_OFF_R103,Rest Area 68,RAMP,B,OFF,210.00,-6.13333345,106.20760137
68B_REST_AREA_68_RAMP_B_OFF_R103,Rest Area 68,RAMP,B,OFF,215.00,-6.13334866,106.20764393
68B_REST_AREA_68_RAMP_B_OFF_R103,Rest Area 68,RAMP,B,OFF,220.00,-6.13336388,106.20768649
68B_REST_AREA_68_RAMP_B_OFF_R103,Rest Area 68,RAMP,B,OFF,224.90,-6.13337880,106.20772820
